TimeQuest Timing Analyzer report for FDD_Lab7
Wed Feb 06 15:20:57 2013
Quartus II 32-bit Version 12.0 Build 178 05/31/2012 SJ Web Edition


---------------------
; Table of Contents ;
---------------------
  1. Legal Notice
  2. TimeQuest Timing Analyzer Summary
  3. Parallel Compilation
  4. Clocks
  5. Slow 1200mV 85C Model Fmax Summary
  6. Slow 1200mV 85C Model Setup Summary
  7. Slow 1200mV 85C Model Hold Summary
  8. Slow 1200mV 85C Model Recovery Summary
  9. Slow 1200mV 85C Model Removal Summary
 10. Slow 1200mV 85C Model Minimum Pulse Width Summary
 11. Slow 1200mV 85C Model Setup: 'Clk'
 12. Slow 1200mV 85C Model Setup: 'clk_div:inst4|cntDiv[25]'
 13. Slow 1200mV 85C Model Hold: 'Clk'
 14. Slow 1200mV 85C Model Hold: 'clk_div:inst4|cntDiv[25]'
 15. Slow 1200mV 85C Model Minimum Pulse Width: 'Clk'
 16. Slow 1200mV 85C Model Minimum Pulse Width: 'clk_div:inst4|cntDiv[25]'
 17. Setup Times
 18. Hold Times
 19. Clock to Output Times
 20. Minimum Clock to Output Times
 21. Propagation Delay
 22. Minimum Propagation Delay
 23. Slow 1200mV 85C Model Metastability Report
 24. Slow 1200mV 0C Model Fmax Summary
 25. Slow 1200mV 0C Model Setup Summary
 26. Slow 1200mV 0C Model Hold Summary
 27. Slow 1200mV 0C Model Recovery Summary
 28. Slow 1200mV 0C Model Removal Summary
 29. Slow 1200mV 0C Model Minimum Pulse Width Summary
 30. Slow 1200mV 0C Model Setup: 'Clk'
 31. Slow 1200mV 0C Model Setup: 'clk_div:inst4|cntDiv[25]'
 32. Slow 1200mV 0C Model Hold: 'Clk'
 33. Slow 1200mV 0C Model Hold: 'clk_div:inst4|cntDiv[25]'
 34. Slow 1200mV 0C Model Minimum Pulse Width: 'Clk'
 35. Slow 1200mV 0C Model Minimum Pulse Width: 'clk_div:inst4|cntDiv[25]'
 36. Setup Times
 37. Hold Times
 38. Clock to Output Times
 39. Minimum Clock to Output Times
 40. Propagation Delay
 41. Minimum Propagation Delay
 42. Slow 1200mV 0C Model Metastability Report
 43. Fast 1200mV 0C Model Setup Summary
 44. Fast 1200mV 0C Model Hold Summary
 45. Fast 1200mV 0C Model Recovery Summary
 46. Fast 1200mV 0C Model Removal Summary
 47. Fast 1200mV 0C Model Minimum Pulse Width Summary
 48. Fast 1200mV 0C Model Setup: 'Clk'
 49. Fast 1200mV 0C Model Setup: 'clk_div:inst4|cntDiv[25]'
 50. Fast 1200mV 0C Model Hold: 'Clk'
 51. Fast 1200mV 0C Model Hold: 'clk_div:inst4|cntDiv[25]'
 52. Fast 1200mV 0C Model Minimum Pulse Width: 'Clk'
 53. Fast 1200mV 0C Model Minimum Pulse Width: 'clk_div:inst4|cntDiv[25]'
 54. Setup Times
 55. Hold Times
 56. Clock to Output Times
 57. Minimum Clock to Output Times
 58. Propagation Delay
 59. Minimum Propagation Delay
 60. Fast 1200mV 0C Model Metastability Report
 61. Multicorner Timing Analysis Summary
 62. Setup Times
 63. Hold Times
 64. Clock to Output Times
 65. Minimum Clock to Output Times
 66. Progagation Delay
 67. Minimum Progagation Delay
 68. Board Trace Model Assignments
 69. Input Transition Times
 70. Slow Corner Signal Integrity Metrics
 71. Fast Corner Signal Integrity Metrics
 72. Setup Transfers
 73. Hold Transfers
 74. Report TCCS
 75. Report RSKM
 76. Unconstrained Paths
 77. TimeQuest Timing Analyzer Messages



----------------
; Legal Notice ;
----------------
Copyright (C) 1991-2012 Altera Corporation
Your use of Altera Corporation's design tools, logic functions 
and other software and tools, and its AMPP partner logic 
functions, and any output files from any of the foregoing 
(including device programming or simulation files), and any 
associated documentation or information are expressly subject 
to the terms and conditions of the Altera Program License 
Subscription Agreement, Altera MegaCore Function License 
Agreement, or other applicable license agreement, including, 
without limitation, that your use is for the sole purpose of 
programming logic devices manufactured by Altera and sold by 
Altera or its authorized distributors.  Please refer to the 
applicable agreement for further details.



+-----------------------------------------------------------------------+
; TimeQuest Timing Analyzer Summary                                     ;
+--------------------+--------------------------------------------------+
; Quartus II Version ; Version 12.0 Build 178 05/31/2012 SJ Web Edition ;
; Revision Name      ; FDD_Lab7                                         ;
; Device Family      ; Cyclone III                                      ;
; Device Name        ; EP3C16U484C6                                     ;
; Timing Models      ; Final                                            ;
; Delay Model        ; Combined                                         ;
; Rise/Fall Delays   ; Enabled                                          ;
+--------------------+--------------------------------------------------+


Parallel compilation was disabled, but you have multiple processors available. Enable parallel compilation to reduce compilation time.
+-------------------------------------+
; Parallel Compilation                ;
+----------------------------+--------+
; Processors                 ; Number ;
+----------------------------+--------+
; Number detected on machine ; 4      ;
; Maximum allowed            ; 1      ;
+----------------------------+--------+


+--------------------------------------------------------------------------------------------------------------------------------------------------------------------------------------------------------------------+
; Clocks                                                                                                                                                                                                             ;
+--------------------------+------+--------+------------+-------+-------+------------+-----------+-------------+-------+--------+-----------+------------+----------+--------+--------+------------------------------+
; Clock Name               ; Type ; Period ; Frequency  ; Rise  ; Fall  ; Duty Cycle ; Divide by ; Multiply by ; Phase ; Offset ; Edge List ; Edge Shift ; Inverted ; Master ; Source ; Targets                      ;
+--------------------------+------+--------+------------+-------+-------+------------+-----------+-------------+-------+--------+-----------+------------+----------+--------+--------+------------------------------+
; Clk                      ; Base ; 1.000  ; 1000.0 MHz ; 0.000 ; 0.500 ;            ;           ;             ;       ;        ;           ;            ;          ;        ;        ; { Clk }                      ;
; clk_div:inst4|cntDiv[25] ; Base ; 1.000  ; 1000.0 MHz ; 0.000 ; 0.500 ;            ;           ;             ;       ;        ;           ;            ;          ;        ;        ; { clk_div:inst4|cntDiv[25] } ;
+--------------------------+------+--------+------------+-------+-------+------------+-----------+-------------+-------+--------+-----------+------------+----------+--------+--------+------------------------------+


+--------------------------------------------------------------------------------------------------------------------------+
; Slow 1200mV 85C Model Fmax Summary                                                                                       ;
+-------------+-----------------+--------------------------+---------------------------------------------------------------+
; Fmax        ; Restricted Fmax ; Clock Name               ; Note                                                          ;
+-------------+-----------------+--------------------------+---------------------------------------------------------------+
; 346.62 MHz  ; 250.0 MHz       ; Clk                      ; limit due to minimum period restriction (max I/O toggle rate) ;
; 1253.13 MHz ; 500.0 MHz       ; clk_div:inst4|cntDiv[25] ; limit due to minimum period restriction (tmin)                ;
+-------------+-----------------+--------------------------+---------------------------------------------------------------+
This panel reports FMAX for every clock in the design, regardless of the user-specified clock periods.  FMAX is only computed for paths where the source and destination registers or ports are driven by the same clock.  Paths of different clocks, including generated clocks, are ignored.  For paths between a clock and its inversion, FMAX is computed as if the rising and falling edges are scaled along with FMAX, such that the duty cycle (in terms of a percentage) is maintained. Altera recommends that you always use clock constraints and other slack reports for sign-off analysis.


+---------------------------------------------------+
; Slow 1200mV 85C Model Setup Summary               ;
+--------------------------+--------+---------------+
; Clock                    ; Slack  ; End Point TNS ;
+--------------------------+--------+---------------+
; Clk                      ; -1.885 ; -26.249       ;
; clk_div:inst4|cntDiv[25] ; 0.202  ; 0.000         ;
+--------------------------+--------+---------------+


+---------------------------------------------------+
; Slow 1200mV 85C Model Hold Summary                ;
+--------------------------+--------+---------------+
; Clock                    ; Slack  ; End Point TNS ;
+--------------------------+--------+---------------+
; Clk                      ; -0.053 ; -0.053        ;
; clk_div:inst4|cntDiv[25] ; 0.393  ; 0.000         ;
+--------------------------+--------+---------------+


------------------------------------------
; Slow 1200mV 85C Model Recovery Summary ;
------------------------------------------
No paths to report.


-----------------------------------------
; Slow 1200mV 85C Model Removal Summary ;
-----------------------------------------
No paths to report.


+---------------------------------------------------+
; Slow 1200mV 85C Model Minimum Pulse Width Summary ;
+--------------------------+--------+---------------+
; Clock                    ; Slack  ; End Point TNS ;
+--------------------------+--------+---------------+
; Clk                      ; -3.000 ; -29.000       ;
; clk_div:inst4|cntDiv[25] ; -1.000 ; -7.000        ;
+--------------------------+--------+---------------+


+------------------------------------------------------------------------------------------------------------------------------------+
; Slow 1200mV 85C Model Setup: 'Clk'                                                                                                 ;
+--------+--------------------------+--------------------------+--------------+-------------+--------------+------------+------------+
; Slack  ; From Node                ; To Node                  ; Launch Clock ; Latch Clock ; Relationship ; Clock Skew ; Data Delay ;
+--------+--------------------------+--------------------------+--------------+-------------+--------------+------------+------------+
; -1.885 ; clk_div:inst4|cntDiv[1]  ; clk_div:inst4|cntDiv[25] ; Clk          ; Clk         ; 1.000        ; -0.059     ; 2.821      ;
; -1.835 ; clk_div:inst4|cntDiv[2]  ; clk_div:inst4|cntDiv[25] ; Clk          ; Clk         ; 1.000        ; -0.059     ; 2.771      ;
; -1.754 ; clk_div:inst4|cntDiv[0]  ; clk_div:inst4|cntDiv[25] ; Clk          ; Clk         ; 1.000        ; -0.059     ; 2.690      ;
; -1.723 ; clk_div:inst4|cntDiv[4]  ; clk_div:inst4|cntDiv[25] ; Clk          ; Clk         ; 1.000        ; -0.059     ; 2.659      ;
; -1.642 ; clk_div:inst4|cntDiv[3]  ; clk_div:inst4|cntDiv[25] ; Clk          ; Clk         ; 1.000        ; -0.059     ; 2.578      ;
; -1.607 ; clk_div:inst4|cntDiv[6]  ; clk_div:inst4|cntDiv[25] ; Clk          ; Clk         ; 1.000        ; -0.059     ; 2.543      ;
; -1.524 ; clk_div:inst4|cntDiv[5]  ; clk_div:inst4|cntDiv[25] ; Clk          ; Clk         ; 1.000        ; -0.059     ; 2.460      ;
; -1.503 ; clk_div:inst4|cntDiv[1]  ; clk_div:inst4|cntDiv[24] ; Clk          ; Clk         ; 1.000        ; 0.292      ; 2.790      ;
; -1.486 ; clk_div:inst4|cntDiv[8]  ; clk_div:inst4|cntDiv[25] ; Clk          ; Clk         ; 1.000        ; -0.059     ; 2.422      ;
; -1.418 ; clk_div:inst4|cntDiv[1]  ; clk_div:inst4|cntDiv[23] ; Clk          ; Clk         ; 1.000        ; 0.292      ; 2.705      ;
; -1.408 ; clk_div:inst4|cntDiv[7]  ; clk_div:inst4|cntDiv[25] ; Clk          ; Clk         ; 1.000        ; -0.059     ; 2.344      ;
; -1.390 ; clk_div:inst4|cntDiv[16] ; clk_div:inst4|cntDiv[25] ; Clk          ; Clk         ; 1.000        ; -0.427     ; 1.958      ;
; -1.387 ; clk_div:inst4|cntDiv[1]  ; clk_div:inst4|cntDiv[22] ; Clk          ; Clk         ; 1.000        ; 0.292      ; 2.674      ;
; -1.369 ; clk_div:inst4|cntDiv[10] ; clk_div:inst4|cntDiv[25] ; Clk          ; Clk         ; 1.000        ; -0.059     ; 2.305      ;
; -1.369 ; clk_div:inst4|cntDiv[0]  ; clk_div:inst4|cntDiv[24] ; Clk          ; Clk         ; 1.000        ; 0.292      ; 2.656      ;
; -1.368 ; clk_div:inst4|cntDiv[2]  ; clk_div:inst4|cntDiv[23] ; Clk          ; Clk         ; 1.000        ; 0.292      ; 2.655      ;
; -1.362 ; clk_div:inst4|cntDiv[2]  ; clk_div:inst4|cntDiv[24] ; Clk          ; Clk         ; 1.000        ; 0.292      ; 2.649      ;
; -1.310 ; clk_div:inst4|cntDiv[15] ; clk_div:inst4|cntDiv[25] ; Clk          ; Clk         ; 1.000        ; -0.427     ; 1.878      ;
; -1.302 ; clk_div:inst4|cntDiv[1]  ; clk_div:inst4|cntDiv[21] ; Clk          ; Clk         ; 1.000        ; 0.292      ; 2.589      ;
; -1.290 ; clk_div:inst4|cntDiv[9]  ; clk_div:inst4|cntDiv[25] ; Clk          ; Clk         ; 1.000        ; -0.059     ; 2.226      ;
; -1.287 ; clk_div:inst4|cntDiv[0]  ; clk_div:inst4|cntDiv[23] ; Clk          ; Clk         ; 1.000        ; 0.292      ; 2.574      ;
; -1.277 ; clk_div:inst4|cntDiv[18] ; clk_div:inst4|cntDiv[25] ; Clk          ; Clk         ; 1.000        ; -0.427     ; 1.845      ;
; -1.274 ; clk_div:inst4|cntDiv[1]  ; clk_div:inst4|cntDiv[14] ; Clk          ; Clk         ; 1.000        ; -0.059     ; 2.210      ;
; -1.271 ; clk_div:inst4|cntDiv[1]  ; clk_div:inst4|cntDiv[20] ; Clk          ; Clk         ; 1.000        ; 0.292      ; 2.558      ;
; -1.256 ; clk_div:inst4|cntDiv[4]  ; clk_div:inst4|cntDiv[23] ; Clk          ; Clk         ; 1.000        ; 0.292      ; 2.543      ;
; -1.253 ; clk_div:inst4|cntDiv[12] ; clk_div:inst4|cntDiv[25] ; Clk          ; Clk         ; 1.000        ; -0.059     ; 2.189      ;
; -1.253 ; clk_div:inst4|cntDiv[0]  ; clk_div:inst4|cntDiv[22] ; Clk          ; Clk         ; 1.000        ; 0.292      ; 2.540      ;
; -1.252 ; clk_div:inst4|cntDiv[2]  ; clk_div:inst4|cntDiv[21] ; Clk          ; Clk         ; 1.000        ; 0.292      ; 2.539      ;
; -1.250 ; clk_div:inst4|cntDiv[3]  ; clk_div:inst4|cntDiv[24] ; Clk          ; Clk         ; 1.000        ; 0.292      ; 2.537      ;
; -1.250 ; clk_div:inst4|cntDiv[4]  ; clk_div:inst4|cntDiv[24] ; Clk          ; Clk         ; 1.000        ; 0.292      ; 2.537      ;
; -1.246 ; clk_div:inst4|cntDiv[2]  ; clk_div:inst4|cntDiv[22] ; Clk          ; Clk         ; 1.000        ; 0.292      ; 2.533      ;
; -1.195 ; clk_div:inst4|cntDiv[17] ; clk_div:inst4|cntDiv[25] ; Clk          ; Clk         ; 1.000        ; -0.427     ; 1.763      ;
; -1.189 ; clk_div:inst4|cntDiv[1]  ; clk_div:inst4|cntDiv[13] ; Clk          ; Clk         ; 1.000        ; -0.059     ; 2.125      ;
; -1.186 ; clk_div:inst4|cntDiv[1]  ; clk_div:inst4|cntDiv[19] ; Clk          ; Clk         ; 1.000        ; 0.292      ; 2.473      ;
; -1.175 ; clk_div:inst4|cntDiv[3]  ; clk_div:inst4|cntDiv[23] ; Clk          ; Clk         ; 1.000        ; 0.292      ; 2.462      ;
; -1.174 ; clk_div:inst4|cntDiv[11] ; clk_div:inst4|cntDiv[25] ; Clk          ; Clk         ; 1.000        ; -0.059     ; 2.110      ;
; -1.171 ; clk_div:inst4|cntDiv[0]  ; clk_div:inst4|cntDiv[21] ; Clk          ; Clk         ; 1.000        ; 0.292      ; 2.458      ;
; -1.164 ; clk_div:inst4|cntDiv[20] ; clk_div:inst4|cntDiv[25] ; Clk          ; Clk         ; 1.000        ; -0.427     ; 1.732      ;
; -1.160 ; clk_div:inst4|cntDiv[1]  ; clk_div:inst4|cntDiv[12] ; Clk          ; Clk         ; 1.000        ; -0.061     ; 2.094      ;
; -1.155 ; clk_div:inst4|cntDiv[1]  ; clk_div:inst4|cntDiv[18] ; Clk          ; Clk         ; 1.000        ; 0.292      ; 2.442      ;
; -1.144 ; clk_div:inst4|cntDiv[14] ; clk_div:inst4|cntDiv[25] ; Clk          ; Clk         ; 1.000        ; -0.062     ; 2.077      ;
; -1.140 ; clk_div:inst4|cntDiv[6]  ; clk_div:inst4|cntDiv[23] ; Clk          ; Clk         ; 1.000        ; 0.292      ; 2.427      ;
; -1.140 ; clk_div:inst4|cntDiv[4]  ; clk_div:inst4|cntDiv[21] ; Clk          ; Clk         ; 1.000        ; 0.292      ; 2.427      ;
; -1.140 ; clk_div:inst4|cntDiv[0]  ; clk_div:inst4|cntDiv[14] ; Clk          ; Clk         ; 1.000        ; -0.059     ; 2.076      ;
; -1.139 ; clk_div:inst4|cntDiv[2]  ; clk_div:inst4|cntDiv[13] ; Clk          ; Clk         ; 1.000        ; -0.059     ; 2.075      ;
; -1.137 ; clk_div:inst4|cntDiv[5]  ; clk_div:inst4|cntDiv[24] ; Clk          ; Clk         ; 1.000        ; 0.292      ; 2.424      ;
; -1.137 ; clk_div:inst4|cntDiv[0]  ; clk_div:inst4|cntDiv[20] ; Clk          ; Clk         ; 1.000        ; 0.292      ; 2.424      ;
; -1.136 ; clk_div:inst4|cntDiv[2]  ; clk_div:inst4|cntDiv[19] ; Clk          ; Clk         ; 1.000        ; 0.292      ; 2.423      ;
; -1.134 ; clk_div:inst4|cntDiv[6]  ; clk_div:inst4|cntDiv[24] ; Clk          ; Clk         ; 1.000        ; 0.292      ; 2.421      ;
; -1.134 ; clk_div:inst4|cntDiv[3]  ; clk_div:inst4|cntDiv[22] ; Clk          ; Clk         ; 1.000        ; 0.292      ; 2.421      ;
; -1.134 ; clk_div:inst4|cntDiv[4]  ; clk_div:inst4|cntDiv[22] ; Clk          ; Clk         ; 1.000        ; 0.292      ; 2.421      ;
; -1.133 ; clk_div:inst4|cntDiv[2]  ; clk_div:inst4|cntDiv[14] ; Clk          ; Clk         ; 1.000        ; -0.059     ; 2.069      ;
; -1.130 ; clk_div:inst4|cntDiv[2]  ; clk_div:inst4|cntDiv[20] ; Clk          ; Clk         ; 1.000        ; 0.292      ; 2.417      ;
; -1.084 ; clk_div:inst4|cntDiv[19] ; clk_div:inst4|cntDiv[25] ; Clk          ; Clk         ; 1.000        ; -0.427     ; 1.652      ;
; -1.075 ; clk_div:inst4|cntDiv[1]  ; clk_div:inst4|cntDiv[11] ; Clk          ; Clk         ; 1.000        ; -0.061     ; 2.009      ;
; -1.070 ; clk_div:inst4|cntDiv[1]  ; clk_div:inst4|cntDiv[17] ; Clk          ; Clk         ; 1.000        ; 0.292      ; 2.357      ;
; -1.060 ; clk_div:inst4|cntDiv[13] ; clk_div:inst4|cntDiv[25] ; Clk          ; Clk         ; 1.000        ; -0.062     ; 1.993      ;
; -1.059 ; clk_div:inst4|cntDiv[3]  ; clk_div:inst4|cntDiv[21] ; Clk          ; Clk         ; 1.000        ; 0.292      ; 2.346      ;
; -1.058 ; clk_div:inst4|cntDiv[0]  ; clk_div:inst4|cntDiv[13] ; Clk          ; Clk         ; 1.000        ; -0.059     ; 1.994      ;
; -1.057 ; clk_div:inst4|cntDiv[5]  ; clk_div:inst4|cntDiv[23] ; Clk          ; Clk         ; 1.000        ; 0.292      ; 2.344      ;
; -1.055 ; clk_div:inst4|cntDiv[0]  ; clk_div:inst4|cntDiv[19] ; Clk          ; Clk         ; 1.000        ; 0.292      ; 2.342      ;
; -1.049 ; clk_div:inst4|cntDiv[22] ; clk_div:inst4|cntDiv[25] ; Clk          ; Clk         ; 1.000        ; -0.427     ; 1.617      ;
; -1.044 ; clk_div:inst4|cntDiv[1]  ; clk_div:inst4|cntDiv[10] ; Clk          ; Clk         ; 1.000        ; -0.061     ; 1.978      ;
; -1.039 ; clk_div:inst4|cntDiv[1]  ; clk_div:inst4|cntDiv[16] ; Clk          ; Clk         ; 1.000        ; 0.292      ; 2.326      ;
; -1.027 ; clk_div:inst4|cntDiv[4]  ; clk_div:inst4|cntDiv[13] ; Clk          ; Clk         ; 1.000        ; -0.059     ; 1.963      ;
; -1.026 ; clk_div:inst4|cntDiv[0]  ; clk_div:inst4|cntDiv[12] ; Clk          ; Clk         ; 1.000        ; -0.061     ; 1.960      ;
; -1.025 ; clk_div:inst4|cntDiv[2]  ; clk_div:inst4|cntDiv[11] ; Clk          ; Clk         ; 1.000        ; -0.061     ; 1.959      ;
; -1.024 ; clk_div:inst4|cntDiv[6]  ; clk_div:inst4|cntDiv[21] ; Clk          ; Clk         ; 1.000        ; 0.292      ; 2.311      ;
; -1.024 ; clk_div:inst4|cntDiv[4]  ; clk_div:inst4|cntDiv[19] ; Clk          ; Clk         ; 1.000        ; 0.292      ; 2.311      ;
; -1.021 ; clk_div:inst4|cntDiv[7]  ; clk_div:inst4|cntDiv[24] ; Clk          ; Clk         ; 1.000        ; 0.292      ; 2.308      ;
; -1.021 ; clk_div:inst4|cntDiv[5]  ; clk_div:inst4|cntDiv[22] ; Clk          ; Clk         ; 1.000        ; 0.292      ; 2.308      ;
; -1.021 ; clk_div:inst4|cntDiv[3]  ; clk_div:inst4|cntDiv[14] ; Clk          ; Clk         ; 1.000        ; -0.059     ; 1.957      ;
; -1.021 ; clk_div:inst4|cntDiv[4]  ; clk_div:inst4|cntDiv[14] ; Clk          ; Clk         ; 1.000        ; -0.059     ; 1.957      ;
; -1.021 ; clk_div:inst4|cntDiv[0]  ; clk_div:inst4|cntDiv[18] ; Clk          ; Clk         ; 1.000        ; 0.292      ; 2.308      ;
; -1.020 ; clk_div:inst4|cntDiv[2]  ; clk_div:inst4|cntDiv[17] ; Clk          ; Clk         ; 1.000        ; 0.292      ; 2.307      ;
; -1.019 ; clk_div:inst4|cntDiv[8]  ; clk_div:inst4|cntDiv[23] ; Clk          ; Clk         ; 1.000        ; 0.292      ; 2.306      ;
; -1.019 ; clk_div:inst4|cntDiv[2]  ; clk_div:inst4|cntDiv[12] ; Clk          ; Clk         ; 1.000        ; -0.061     ; 1.953      ;
; -1.018 ; clk_div:inst4|cntDiv[6]  ; clk_div:inst4|cntDiv[22] ; Clk          ; Clk         ; 1.000        ; 0.292      ; 2.305      ;
; -1.018 ; clk_div:inst4|cntDiv[3]  ; clk_div:inst4|cntDiv[20] ; Clk          ; Clk         ; 1.000        ; 0.292      ; 2.305      ;
; -1.018 ; clk_div:inst4|cntDiv[4]  ; clk_div:inst4|cntDiv[20] ; Clk          ; Clk         ; 1.000        ; 0.292      ; 2.305      ;
; -1.014 ; clk_div:inst4|cntDiv[2]  ; clk_div:inst4|cntDiv[18] ; Clk          ; Clk         ; 1.000        ; 0.292      ; 2.301      ;
; -1.013 ; clk_div:inst4|cntDiv[8]  ; clk_div:inst4|cntDiv[24] ; Clk          ; Clk         ; 1.000        ; 0.292      ; 2.300      ;
; -0.965 ; clk_div:inst4|cntDiv[21] ; clk_div:inst4|cntDiv[25] ; Clk          ; Clk         ; 1.000        ; -0.427     ; 1.533      ;
; -0.959 ; clk_div:inst4|cntDiv[1]  ; clk_div:inst4|cntDiv[9]  ; Clk          ; Clk         ; 1.000        ; -0.061     ; 1.893      ;
; -0.954 ; clk_div:inst4|cntDiv[1]  ; clk_div:inst4|cntDiv[15] ; Clk          ; Clk         ; 1.000        ; 0.292      ; 2.241      ;
; -0.946 ; clk_div:inst4|cntDiv[3]  ; clk_div:inst4|cntDiv[13] ; Clk          ; Clk         ; 1.000        ; -0.059     ; 1.882      ;
; -0.944 ; clk_div:inst4|cntDiv[0]  ; clk_div:inst4|cntDiv[11] ; Clk          ; Clk         ; 1.000        ; -0.061     ; 1.878      ;
; -0.943 ; clk_div:inst4|cntDiv[3]  ; clk_div:inst4|cntDiv[19] ; Clk          ; Clk         ; 1.000        ; 0.292      ; 2.230      ;
; -0.941 ; clk_div:inst4|cntDiv[7]  ; clk_div:inst4|cntDiv[23] ; Clk          ; Clk         ; 1.000        ; 0.292      ; 2.228      ;
; -0.941 ; clk_div:inst4|cntDiv[5]  ; clk_div:inst4|cntDiv[21] ; Clk          ; Clk         ; 1.000        ; 0.292      ; 2.228      ;
; -0.939 ; clk_div:inst4|cntDiv[0]  ; clk_div:inst4|cntDiv[17] ; Clk          ; Clk         ; 1.000        ; 0.292      ; 2.226      ;
; -0.928 ; clk_div:inst4|cntDiv[1]  ; clk_div:inst4|cntDiv[8]  ; Clk          ; Clk         ; 1.000        ; -0.061     ; 1.862      ;
; -0.928 ; clk_div:inst4|cntDiv[24] ; clk_div:inst4|cntDiv[25] ; Clk          ; Clk         ; 1.000        ; -0.427     ; 1.496      ;
; -0.924 ; clk_div:inst4|cntDiv[15] ; clk_div:inst4|cntDiv[24] ; Clk          ; Clk         ; 1.000        ; -0.076     ; 1.843      ;
; -0.923 ; clk_div:inst4|cntDiv[16] ; clk_div:inst4|cntDiv[23] ; Clk          ; Clk         ; 1.000        ; -0.076     ; 1.842      ;
; -0.917 ; clk_div:inst4|cntDiv[16] ; clk_div:inst4|cntDiv[24] ; Clk          ; Clk         ; 1.000        ; -0.076     ; 1.836      ;
; -0.913 ; clk_div:inst4|cntDiv[4]  ; clk_div:inst4|cntDiv[11] ; Clk          ; Clk         ; 1.000        ; -0.061     ; 1.847      ;
; -0.911 ; clk_div:inst4|cntDiv[6]  ; clk_div:inst4|cntDiv[13] ; Clk          ; Clk         ; 1.000        ; -0.059     ; 1.847      ;
; -0.910 ; clk_div:inst4|cntDiv[0]  ; clk_div:inst4|cntDiv[10] ; Clk          ; Clk         ; 1.000        ; -0.061     ; 1.844      ;
; -0.909 ; clk_div:inst4|cntDiv[2]  ; clk_div:inst4|cntDiv[9]  ; Clk          ; Clk         ; 1.000        ; -0.061     ; 1.843      ;
+--------+--------------------------+--------------------------+--------------+-------------+--------------+------------+------------+


+----------------------------------------------------------------------------------------------------------------------------------------------------+
; Slow 1200mV 85C Model Setup: 'clk_div:inst4|cntDiv[25]'                                                                                            ;
+-------+----------------------+----------------------+--------------------------+--------------------------+--------------+------------+------------+
; Slack ; From Node            ; To Node              ; Launch Clock             ; Latch Clock              ; Relationship ; Clock Skew ; Data Delay ;
+-------+----------------------+----------------------+--------------------------+--------------------------+--------------+------------+------------+
; 0.202 ; cnt_4bit:inst7|inst3 ; cnt_4bit:inst7|inst2 ; clk_div:inst4|cntDiv[25] ; clk_div:inst4|cntDiv[25] ; 1.000        ; -0.062     ; 0.731      ;
; 0.204 ; cnt_4bit:inst7|inst3 ; cnt_4bit:inst7|inst  ; clk_div:inst4|cntDiv[25] ; clk_div:inst4|cntDiv[25] ; 1.000        ; -0.062     ; 0.729      ;
; 0.209 ; cnt_4bit:inst7|inst3 ; Reg_4bit:inst8|inst3 ; clk_div:inst4|cntDiv[25] ; clk_div:inst4|cntDiv[25] ; 1.000        ; -0.062     ; 0.724      ;
; 0.213 ; cnt_4bit:inst7|inst2 ; cnt_4bit:inst7|inst3 ; clk_div:inst4|cntDiv[25] ; clk_div:inst4|cntDiv[25] ; 1.000        ; -0.062     ; 0.720      ;
; 0.216 ; cnt_4bit:inst7|inst2 ; Reg_4bit:inst8|inst2 ; clk_div:inst4|cntDiv[25] ; clk_div:inst4|cntDiv[25] ; 1.000        ; -0.062     ; 0.717      ;
; 0.226 ; cnt_4bit:inst7|inst  ; Reg_4bit:inst8|inst  ; clk_div:inst4|cntDiv[25] ; clk_div:inst4|cntDiv[25] ; 1.000        ; -0.062     ; 0.707      ;
+-------+----------------------+----------------------+--------------------------+--------------------------+--------------+------------+------------+


+------------------------------------------------------------------------------------------------------------------------------------------------+
; Slow 1200mV 85C Model Hold: 'Clk'                                                                                                              ;
+--------+--------------------------+--------------------------+--------------------------+-------------+--------------+------------+------------+
; Slack  ; From Node                ; To Node                  ; Launch Clock             ; Latch Clock ; Relationship ; Clock Skew ; Data Delay ;
+--------+--------------------------+--------------------------+--------------------------+-------------+--------------+------------+------------+
; -0.053 ; clk_div:inst4|cntDiv[25] ; clk_div:inst4|cntDiv[25] ; clk_div:inst4|cntDiv[25] ; Clk         ; 0.000        ; 2.385      ; 2.718      ;
; 0.362  ; clk_div:inst4|cntDiv[0]  ; clk_div:inst4|cntDiv[0]  ; Clk                      ; Clk         ; 0.000        ; 0.061      ; 0.580      ;
; 0.459  ; clk_div:inst4|cntDiv[14] ; clk_div:inst4|cntDiv[15] ; Clk                      ; Clk         ; 0.000        ; 0.427      ; 1.043      ;
; 0.476  ; clk_div:inst4|cntDiv[13] ; clk_div:inst4|cntDiv[15] ; Clk                      ; Clk         ; 0.000        ; 0.427      ; 1.060      ;
; 0.530  ; clk_div:inst4|cntDiv[25] ; clk_div:inst4|cntDiv[25] ; clk_div:inst4|cntDiv[25] ; Clk         ; -0.500       ; 2.385      ; 2.801      ;
; 0.535  ; clk_div:inst4|cntDiv[16] ; clk_div:inst4|cntDiv[16] ; Clk                      ; Clk         ; 0.000        ; 0.076      ; 0.768      ;
; 0.536  ; clk_div:inst4|cntDiv[18] ; clk_div:inst4|cntDiv[18] ; Clk                      ; Clk         ; 0.000        ; 0.076      ; 0.769      ;
; 0.536  ; clk_div:inst4|cntDiv[24] ; clk_div:inst4|cntDiv[24] ; Clk                      ; Clk         ; 0.000        ; 0.076      ; 0.769      ;
; 0.537  ; clk_div:inst4|cntDiv[19] ; clk_div:inst4|cntDiv[19] ; Clk                      ; Clk         ; 0.000        ; 0.076      ; 0.770      ;
; 0.539  ; clk_div:inst4|cntDiv[20] ; clk_div:inst4|cntDiv[20] ; Clk                      ; Clk         ; 0.000        ; 0.076      ; 0.772      ;
; 0.539  ; clk_div:inst4|cntDiv[22] ; clk_div:inst4|cntDiv[22] ; Clk                      ; Clk         ; 0.000        ; 0.076      ; 0.772      ;
; 0.539  ; clk_div:inst4|cntDiv[15] ; clk_div:inst4|cntDiv[15] ; Clk                      ; Clk         ; 0.000        ; 0.076      ; 0.772      ;
; 0.540  ; clk_div:inst4|cntDiv[17] ; clk_div:inst4|cntDiv[17] ; Clk                      ; Clk         ; 0.000        ; 0.076      ; 0.773      ;
; 0.541  ; clk_div:inst4|cntDiv[21] ; clk_div:inst4|cntDiv[21] ; Clk                      ; Clk         ; 0.000        ; 0.076      ; 0.774      ;
; 0.541  ; clk_div:inst4|cntDiv[23] ; clk_div:inst4|cntDiv[23] ; Clk                      ; Clk         ; 0.000        ; 0.076      ; 0.774      ;
; 0.549  ; clk_div:inst4|cntDiv[10] ; clk_div:inst4|cntDiv[10] ; Clk                      ; Clk         ; 0.000        ; 0.061      ; 0.767      ;
; 0.549  ; clk_div:inst4|cntDiv[12] ; clk_div:inst4|cntDiv[12] ; Clk                      ; Clk         ; 0.000        ; 0.061      ; 0.767      ;
; 0.550  ; clk_div:inst4|cntDiv[2]  ; clk_div:inst4|cntDiv[2]  ; Clk                      ; Clk         ; 0.000        ; 0.061      ; 0.768      ;
; 0.550  ; clk_div:inst4|cntDiv[8]  ; clk_div:inst4|cntDiv[8]  ; Clk                      ; Clk         ; 0.000        ; 0.061      ; 0.768      ;
; 0.550  ; clk_div:inst4|cntDiv[14] ; clk_div:inst4|cntDiv[14] ; Clk                      ; Clk         ; 0.000        ; 0.062      ; 0.769      ;
; 0.551  ; clk_div:inst4|cntDiv[3]  ; clk_div:inst4|cntDiv[3]  ; Clk                      ; Clk         ; 0.000        ; 0.061      ; 0.769      ;
; 0.552  ; clk_div:inst4|cntDiv[13] ; clk_div:inst4|cntDiv[13] ; Clk                      ; Clk         ; 0.000        ; 0.062      ; 0.771      ;
; 0.553  ; clk_div:inst4|cntDiv[4]  ; clk_div:inst4|cntDiv[4]  ; Clk                      ; Clk         ; 0.000        ; 0.061      ; 0.771      ;
; 0.553  ; clk_div:inst4|cntDiv[6]  ; clk_div:inst4|cntDiv[6]  ; Clk                      ; Clk         ; 0.000        ; 0.061      ; 0.771      ;
; 0.553  ; clk_div:inst4|cntDiv[11] ; clk_div:inst4|cntDiv[11] ; Clk                      ; Clk         ; 0.000        ; 0.061      ; 0.771      ;
; 0.554  ; clk_div:inst4|cntDiv[9]  ; clk_div:inst4|cntDiv[9]  ; Clk                      ; Clk         ; 0.000        ; 0.061      ; 0.772      ;
; 0.555  ; clk_div:inst4|cntDiv[5]  ; clk_div:inst4|cntDiv[5]  ; Clk                      ; Clk         ; 0.000        ; 0.061      ; 0.773      ;
; 0.555  ; clk_div:inst4|cntDiv[7]  ; clk_div:inst4|cntDiv[7]  ; Clk                      ; Clk         ; 0.000        ; 0.061      ; 0.773      ;
; 0.563  ; clk_div:inst4|cntDiv[0]  ; clk_div:inst4|cntDiv[1]  ; Clk                      ; Clk         ; 0.000        ; 0.061      ; 0.781      ;
; 0.568  ; clk_div:inst4|cntDiv[12] ; clk_div:inst4|cntDiv[15] ; Clk                      ; Clk         ; 0.000        ; 0.429      ; 1.154      ;
; 0.569  ; clk_div:inst4|cntDiv[14] ; clk_div:inst4|cntDiv[16] ; Clk                      ; Clk         ; 0.000        ; 0.427      ; 1.153      ;
; 0.571  ; clk_div:inst4|cntDiv[14] ; clk_div:inst4|cntDiv[17] ; Clk                      ; Clk         ; 0.000        ; 0.427      ; 1.155      ;
; 0.586  ; clk_div:inst4|cntDiv[11] ; clk_div:inst4|cntDiv[15] ; Clk                      ; Clk         ; 0.000        ; 0.429      ; 1.172      ;
; 0.586  ; clk_div:inst4|cntDiv[13] ; clk_div:inst4|cntDiv[16] ; Clk                      ; Clk         ; 0.000        ; 0.427      ; 1.170      ;
; 0.588  ; clk_div:inst4|cntDiv[13] ; clk_div:inst4|cntDiv[17] ; Clk                      ; Clk         ; 0.000        ; 0.427      ; 1.172      ;
; 0.678  ; clk_div:inst4|cntDiv[12] ; clk_div:inst4|cntDiv[16] ; Clk                      ; Clk         ; 0.000        ; 0.429      ; 1.264      ;
; 0.680  ; clk_div:inst4|cntDiv[10] ; clk_div:inst4|cntDiv[15] ; Clk                      ; Clk         ; 0.000        ; 0.429      ; 1.266      ;
; 0.680  ; clk_div:inst4|cntDiv[12] ; clk_div:inst4|cntDiv[17] ; Clk                      ; Clk         ; 0.000        ; 0.429      ; 1.266      ;
; 0.681  ; clk_div:inst4|cntDiv[14] ; clk_div:inst4|cntDiv[18] ; Clk                      ; Clk         ; 0.000        ; 0.427      ; 1.265      ;
; 0.683  ; clk_div:inst4|cntDiv[14] ; clk_div:inst4|cntDiv[19] ; Clk                      ; Clk         ; 0.000        ; 0.427      ; 1.267      ;
; 0.696  ; clk_div:inst4|cntDiv[1]  ; clk_div:inst4|cntDiv[1]  ; Clk                      ; Clk         ; 0.000        ; 0.061      ; 0.914      ;
; 0.696  ; clk_div:inst4|cntDiv[11] ; clk_div:inst4|cntDiv[16] ; Clk                      ; Clk         ; 0.000        ; 0.429      ; 1.282      ;
; 0.698  ; clk_div:inst4|cntDiv[11] ; clk_div:inst4|cntDiv[17] ; Clk                      ; Clk         ; 0.000        ; 0.429      ; 1.284      ;
; 0.698  ; clk_div:inst4|cntDiv[13] ; clk_div:inst4|cntDiv[18] ; Clk                      ; Clk         ; 0.000        ; 0.427      ; 1.282      ;
; 0.699  ; clk_div:inst4|cntDiv[9]  ; clk_div:inst4|cntDiv[15] ; Clk                      ; Clk         ; 0.000        ; 0.429      ; 1.285      ;
; 0.700  ; clk_div:inst4|cntDiv[13] ; clk_div:inst4|cntDiv[19] ; Clk                      ; Clk         ; 0.000        ; 0.427      ; 1.284      ;
; 0.790  ; clk_div:inst4|cntDiv[10] ; clk_div:inst4|cntDiv[16] ; Clk                      ; Clk         ; 0.000        ; 0.429      ; 1.376      ;
; 0.790  ; clk_div:inst4|cntDiv[12] ; clk_div:inst4|cntDiv[18] ; Clk                      ; Clk         ; 0.000        ; 0.429      ; 1.376      ;
; 0.792  ; clk_div:inst4|cntDiv[10] ; clk_div:inst4|cntDiv[17] ; Clk                      ; Clk         ; 0.000        ; 0.429      ; 1.378      ;
; 0.792  ; clk_div:inst4|cntDiv[12] ; clk_div:inst4|cntDiv[19] ; Clk                      ; Clk         ; 0.000        ; 0.429      ; 1.378      ;
; 0.793  ; clk_div:inst4|cntDiv[14] ; clk_div:inst4|cntDiv[20] ; Clk                      ; Clk         ; 0.000        ; 0.427      ; 1.377      ;
; 0.793  ; clk_div:inst4|cntDiv[8]  ; clk_div:inst4|cntDiv[15] ; Clk                      ; Clk         ; 0.000        ; 0.429      ; 1.379      ;
; 0.795  ; clk_div:inst4|cntDiv[14] ; clk_div:inst4|cntDiv[21] ; Clk                      ; Clk         ; 0.000        ; 0.427      ; 1.379      ;
; 0.808  ; clk_div:inst4|cntDiv[11] ; clk_div:inst4|cntDiv[18] ; Clk                      ; Clk         ; 0.000        ; 0.429      ; 1.394      ;
; 0.809  ; clk_div:inst4|cntDiv[9]  ; clk_div:inst4|cntDiv[16] ; Clk                      ; Clk         ; 0.000        ; 0.429      ; 1.395      ;
; 0.810  ; clk_div:inst4|cntDiv[16] ; clk_div:inst4|cntDiv[17] ; Clk                      ; Clk         ; 0.000        ; 0.076      ; 1.043      ;
; 0.810  ; clk_div:inst4|cntDiv[11] ; clk_div:inst4|cntDiv[19] ; Clk                      ; Clk         ; 0.000        ; 0.429      ; 1.396      ;
; 0.810  ; clk_div:inst4|cntDiv[13] ; clk_div:inst4|cntDiv[20] ; Clk                      ; Clk         ; 0.000        ; 0.427      ; 1.394      ;
; 0.811  ; clk_div:inst4|cntDiv[18] ; clk_div:inst4|cntDiv[19] ; Clk                      ; Clk         ; 0.000        ; 0.076      ; 1.044      ;
; 0.811  ; clk_div:inst4|cntDiv[9]  ; clk_div:inst4|cntDiv[17] ; Clk                      ; Clk         ; 0.000        ; 0.429      ; 1.397      ;
; 0.812  ; clk_div:inst4|cntDiv[7]  ; clk_div:inst4|cntDiv[15] ; Clk                      ; Clk         ; 0.000        ; 0.429      ; 1.398      ;
; 0.812  ; clk_div:inst4|cntDiv[13] ; clk_div:inst4|cntDiv[21] ; Clk                      ; Clk         ; 0.000        ; 0.427      ; 1.396      ;
; 0.813  ; clk_div:inst4|cntDiv[22] ; clk_div:inst4|cntDiv[23] ; Clk                      ; Clk         ; 0.000        ; 0.076      ; 1.046      ;
; 0.813  ; clk_div:inst4|cntDiv[20] ; clk_div:inst4|cntDiv[21] ; Clk                      ; Clk         ; 0.000        ; 0.076      ; 1.046      ;
; 0.821  ; clk_div:inst4|cntDiv[12] ; clk_div:inst4|cntDiv[13] ; Clk                      ; Clk         ; 0.000        ; 0.064      ; 1.042      ;
; 0.824  ; clk_div:inst4|cntDiv[10] ; clk_div:inst4|cntDiv[11] ; Clk                      ; Clk         ; 0.000        ; 0.061      ; 1.042      ;
; 0.825  ; clk_div:inst4|cntDiv[2]  ; clk_div:inst4|cntDiv[3]  ; Clk                      ; Clk         ; 0.000        ; 0.061      ; 1.043      ;
; 0.825  ; clk_div:inst4|cntDiv[8]  ; clk_div:inst4|cntDiv[9]  ; Clk                      ; Clk         ; 0.000        ; 0.061      ; 1.043      ;
; 0.825  ; clk_div:inst4|cntDiv[19] ; clk_div:inst4|cntDiv[20] ; Clk                      ; Clk         ; 0.000        ; 0.076      ; 1.058      ;
; 0.826  ; clk_div:inst4|cntDiv[15] ; clk_div:inst4|cntDiv[16] ; Clk                      ; Clk         ; 0.000        ; 0.076      ; 1.059      ;
; 0.827  ; clk_div:inst4|cntDiv[4]  ; clk_div:inst4|cntDiv[5]  ; Clk                      ; Clk         ; 0.000        ; 0.061      ; 1.045      ;
; 0.827  ; clk_div:inst4|cntDiv[6]  ; clk_div:inst4|cntDiv[7]  ; Clk                      ; Clk         ; 0.000        ; 0.061      ; 1.045      ;
; 0.827  ; clk_div:inst4|cntDiv[17] ; clk_div:inst4|cntDiv[18] ; Clk                      ; Clk         ; 0.000        ; 0.076      ; 1.060      ;
; 0.827  ; clk_div:inst4|cntDiv[19] ; clk_div:inst4|cntDiv[21] ; Clk                      ; Clk         ; 0.000        ; 0.076      ; 1.060      ;
; 0.828  ; clk_div:inst4|cntDiv[23] ; clk_div:inst4|cntDiv[24] ; Clk                      ; Clk         ; 0.000        ; 0.076      ; 1.061      ;
; 0.828  ; clk_div:inst4|cntDiv[21] ; clk_div:inst4|cntDiv[22] ; Clk                      ; Clk         ; 0.000        ; 0.076      ; 1.061      ;
; 0.828  ; clk_div:inst4|cntDiv[15] ; clk_div:inst4|cntDiv[17] ; Clk                      ; Clk         ; 0.000        ; 0.076      ; 1.061      ;
; 0.829  ; clk_div:inst4|cntDiv[17] ; clk_div:inst4|cntDiv[19] ; Clk                      ; Clk         ; 0.000        ; 0.076      ; 1.062      ;
; 0.830  ; clk_div:inst4|cntDiv[21] ; clk_div:inst4|cntDiv[23] ; Clk                      ; Clk         ; 0.000        ; 0.076      ; 1.063      ;
; 0.839  ; clk_div:inst4|cntDiv[13] ; clk_div:inst4|cntDiv[14] ; Clk                      ; Clk         ; 0.000        ; 0.062      ; 1.058      ;
; 0.839  ; clk_div:inst4|cntDiv[3]  ; clk_div:inst4|cntDiv[4]  ; Clk                      ; Clk         ; 0.000        ; 0.061      ; 1.057      ;
; 0.839  ; clk_div:inst4|cntDiv[11] ; clk_div:inst4|cntDiv[13] ; Clk                      ; Clk         ; 0.000        ; 0.064      ; 1.060      ;
; 0.840  ; clk_div:inst4|cntDiv[11] ; clk_div:inst4|cntDiv[12] ; Clk                      ; Clk         ; 0.000        ; 0.061      ; 1.058      ;
; 0.841  ; clk_div:inst4|cntDiv[9]  ; clk_div:inst4|cntDiv[10] ; Clk                      ; Clk         ; 0.000        ; 0.061      ; 1.059      ;
; 0.841  ; clk_div:inst4|cntDiv[0]  ; clk_div:inst4|cntDiv[2]  ; Clk                      ; Clk         ; 0.000        ; 0.061      ; 1.059      ;
; 0.841  ; clk_div:inst4|cntDiv[3]  ; clk_div:inst4|cntDiv[5]  ; Clk                      ; Clk         ; 0.000        ; 0.061      ; 1.059      ;
; 0.842  ; clk_div:inst4|cntDiv[7]  ; clk_div:inst4|cntDiv[8]  ; Clk                      ; Clk         ; 0.000        ; 0.061      ; 1.060      ;
; 0.842  ; clk_div:inst4|cntDiv[5]  ; clk_div:inst4|cntDiv[6]  ; Clk                      ; Clk         ; 0.000        ; 0.061      ; 1.060      ;
; 0.843  ; clk_div:inst4|cntDiv[9]  ; clk_div:inst4|cntDiv[11] ; Clk                      ; Clk         ; 0.000        ; 0.061      ; 1.061      ;
; 0.843  ; clk_div:inst4|cntDiv[0]  ; clk_div:inst4|cntDiv[3]  ; Clk                      ; Clk         ; 0.000        ; 0.061      ; 1.061      ;
; 0.844  ; clk_div:inst4|cntDiv[7]  ; clk_div:inst4|cntDiv[9]  ; Clk                      ; Clk         ; 0.000        ; 0.061      ; 1.062      ;
; 0.844  ; clk_div:inst4|cntDiv[5]  ; clk_div:inst4|cntDiv[7]  ; Clk                      ; Clk         ; 0.000        ; 0.061      ; 1.062      ;
; 0.902  ; clk_div:inst4|cntDiv[10] ; clk_div:inst4|cntDiv[18] ; Clk                      ; Clk         ; 0.000        ; 0.429      ; 1.488      ;
; 0.902  ; clk_div:inst4|cntDiv[12] ; clk_div:inst4|cntDiv[20] ; Clk                      ; Clk         ; 0.000        ; 0.429      ; 1.488      ;
; 0.903  ; clk_div:inst4|cntDiv[8]  ; clk_div:inst4|cntDiv[16] ; Clk                      ; Clk         ; 0.000        ; 0.429      ; 1.489      ;
; 0.904  ; clk_div:inst4|cntDiv[10] ; clk_div:inst4|cntDiv[19] ; Clk                      ; Clk         ; 0.000        ; 0.429      ; 1.490      ;
; 0.904  ; clk_div:inst4|cntDiv[12] ; clk_div:inst4|cntDiv[21] ; Clk                      ; Clk         ; 0.000        ; 0.429      ; 1.490      ;
; 0.905  ; clk_div:inst4|cntDiv[8]  ; clk_div:inst4|cntDiv[17] ; Clk                      ; Clk         ; 0.000        ; 0.429      ; 1.491      ;
; 0.905  ; clk_div:inst4|cntDiv[14] ; clk_div:inst4|cntDiv[22] ; Clk                      ; Clk         ; 0.000        ; 0.427      ; 1.489      ;
; 0.907  ; clk_div:inst4|cntDiv[6]  ; clk_div:inst4|cntDiv[15] ; Clk                      ; Clk         ; 0.000        ; 0.429      ; 1.493      ;
+--------+--------------------------+--------------------------+--------------------------+-------------+--------------+------------+------------+


+----------------------------------------------------------------------------------------------------------------------------------------------------+
; Slow 1200mV 85C Model Hold: 'clk_div:inst4|cntDiv[25]'                                                                                             ;
+-------+----------------------+----------------------+--------------------------+--------------------------+--------------+------------+------------+
; Slack ; From Node            ; To Node              ; Launch Clock             ; Latch Clock              ; Relationship ; Clock Skew ; Data Delay ;
+-------+----------------------+----------------------+--------------------------+--------------------------+--------------+------------+------------+
; 0.393 ; cnt_4bit:inst7|inst  ; Reg_4bit:inst8|inst  ; clk_div:inst4|cntDiv[25] ; clk_div:inst4|cntDiv[25] ; 0.000        ; 0.062      ; 0.612      ;
; 0.397 ; cnt_4bit:inst7|inst2 ; cnt_4bit:inst7|inst3 ; clk_div:inst4|cntDiv[25] ; clk_div:inst4|cntDiv[25] ; 0.000        ; 0.062      ; 0.616      ;
; 0.399 ; cnt_4bit:inst7|inst2 ; Reg_4bit:inst8|inst2 ; clk_div:inst4|cntDiv[25] ; clk_div:inst4|cntDiv[25] ; 0.000        ; 0.062      ; 0.618      ;
; 0.404 ; cnt_4bit:inst7|inst3 ; cnt_4bit:inst7|inst2 ; clk_div:inst4|cntDiv[25] ; clk_div:inst4|cntDiv[25] ; 0.000        ; 0.062      ; 0.623      ;
; 0.405 ; cnt_4bit:inst7|inst3 ; Reg_4bit:inst8|inst3 ; clk_div:inst4|cntDiv[25] ; clk_div:inst4|cntDiv[25] ; 0.000        ; 0.062      ; 0.624      ;
; 0.408 ; cnt_4bit:inst7|inst3 ; cnt_4bit:inst7|inst  ; clk_div:inst4|cntDiv[25] ; clk_div:inst4|cntDiv[25] ; 0.000        ; 0.062      ; 0.627      ;
+-------+----------------------+----------------------+--------------------------+--------------------------+--------------+------------+------------+


+------------------------------------------------------------------------------------------------------------+
; Slow 1200mV 85C Model Minimum Pulse Width: 'Clk'                                                           ;
+--------+--------------+----------------+------------------+-------+------------+---------------------------+
; Slack  ; Actual Width ; Required Width ; Type             ; Clock ; Clock Edge ; Target                    ;
+--------+--------------+----------------+------------------+-------+------------+---------------------------+
; -3.000 ; 1.000        ; 4.000          ; Port Rate        ; Clk   ; Rise       ; Clk                       ;
; -1.000 ; 1.000        ; 2.000          ; Min Period       ; Clk   ; Rise       ; clk_div:inst4|cntDiv[0]   ;
; -1.000 ; 1.000        ; 2.000          ; Min Period       ; Clk   ; Rise       ; clk_div:inst4|cntDiv[10]  ;
; -1.000 ; 1.000        ; 2.000          ; Min Period       ; Clk   ; Rise       ; clk_div:inst4|cntDiv[11]  ;
; -1.000 ; 1.000        ; 2.000          ; Min Period       ; Clk   ; Rise       ; clk_div:inst4|cntDiv[12]  ;
; -1.000 ; 1.000        ; 2.000          ; Min Period       ; Clk   ; Rise       ; clk_div:inst4|cntDiv[13]  ;
; -1.000 ; 1.000        ; 2.000          ; Min Period       ; Clk   ; Rise       ; clk_div:inst4|cntDiv[14]  ;
; -1.000 ; 1.000        ; 2.000          ; Min Period       ; Clk   ; Rise       ; clk_div:inst4|cntDiv[15]  ;
; -1.000 ; 1.000        ; 2.000          ; Min Period       ; Clk   ; Rise       ; clk_div:inst4|cntDiv[16]  ;
; -1.000 ; 1.000        ; 2.000          ; Min Period       ; Clk   ; Rise       ; clk_div:inst4|cntDiv[17]  ;
; -1.000 ; 1.000        ; 2.000          ; Min Period       ; Clk   ; Rise       ; clk_div:inst4|cntDiv[18]  ;
; -1.000 ; 1.000        ; 2.000          ; Min Period       ; Clk   ; Rise       ; clk_div:inst4|cntDiv[19]  ;
; -1.000 ; 1.000        ; 2.000          ; Min Period       ; Clk   ; Rise       ; clk_div:inst4|cntDiv[1]   ;
; -1.000 ; 1.000        ; 2.000          ; Min Period       ; Clk   ; Rise       ; clk_div:inst4|cntDiv[20]  ;
; -1.000 ; 1.000        ; 2.000          ; Min Period       ; Clk   ; Rise       ; clk_div:inst4|cntDiv[21]  ;
; -1.000 ; 1.000        ; 2.000          ; Min Period       ; Clk   ; Rise       ; clk_div:inst4|cntDiv[22]  ;
; -1.000 ; 1.000        ; 2.000          ; Min Period       ; Clk   ; Rise       ; clk_div:inst4|cntDiv[23]  ;
; -1.000 ; 1.000        ; 2.000          ; Min Period       ; Clk   ; Rise       ; clk_div:inst4|cntDiv[24]  ;
; -1.000 ; 1.000        ; 2.000          ; Min Period       ; Clk   ; Rise       ; clk_div:inst4|cntDiv[25]  ;
; -1.000 ; 1.000        ; 2.000          ; Min Period       ; Clk   ; Rise       ; clk_div:inst4|cntDiv[2]   ;
; -1.000 ; 1.000        ; 2.000          ; Min Period       ; Clk   ; Rise       ; clk_div:inst4|cntDiv[3]   ;
; -1.000 ; 1.000        ; 2.000          ; Min Period       ; Clk   ; Rise       ; clk_div:inst4|cntDiv[4]   ;
; -1.000 ; 1.000        ; 2.000          ; Min Period       ; Clk   ; Rise       ; clk_div:inst4|cntDiv[5]   ;
; -1.000 ; 1.000        ; 2.000          ; Min Period       ; Clk   ; Rise       ; clk_div:inst4|cntDiv[6]   ;
; -1.000 ; 1.000        ; 2.000          ; Min Period       ; Clk   ; Rise       ; clk_div:inst4|cntDiv[7]   ;
; -1.000 ; 1.000        ; 2.000          ; Min Period       ; Clk   ; Rise       ; clk_div:inst4|cntDiv[8]   ;
; -1.000 ; 1.000        ; 2.000          ; Min Period       ; Clk   ; Rise       ; clk_div:inst4|cntDiv[9]   ;
; 0.179  ; 0.363        ; 0.184          ; Low Pulse Width  ; Clk   ; Rise       ; clk_div:inst4|cntDiv[15]  ;
; 0.179  ; 0.363        ; 0.184          ; Low Pulse Width  ; Clk   ; Rise       ; clk_div:inst4|cntDiv[16]  ;
; 0.179  ; 0.363        ; 0.184          ; Low Pulse Width  ; Clk   ; Rise       ; clk_div:inst4|cntDiv[17]  ;
; 0.179  ; 0.363        ; 0.184          ; Low Pulse Width  ; Clk   ; Rise       ; clk_div:inst4|cntDiv[18]  ;
; 0.179  ; 0.363        ; 0.184          ; Low Pulse Width  ; Clk   ; Rise       ; clk_div:inst4|cntDiv[19]  ;
; 0.179  ; 0.363        ; 0.184          ; Low Pulse Width  ; Clk   ; Rise       ; clk_div:inst4|cntDiv[20]  ;
; 0.179  ; 0.363        ; 0.184          ; Low Pulse Width  ; Clk   ; Rise       ; clk_div:inst4|cntDiv[21]  ;
; 0.179  ; 0.363        ; 0.184          ; Low Pulse Width  ; Clk   ; Rise       ; clk_div:inst4|cntDiv[22]  ;
; 0.179  ; 0.363        ; 0.184          ; Low Pulse Width  ; Clk   ; Rise       ; clk_div:inst4|cntDiv[23]  ;
; 0.179  ; 0.363        ; 0.184          ; Low Pulse Width  ; Clk   ; Rise       ; clk_div:inst4|cntDiv[24]  ;
; 0.188  ; 0.372        ; 0.184          ; Low Pulse Width  ; Clk   ; Rise       ; clk_div:inst4|cntDiv[0]   ;
; 0.188  ; 0.372        ; 0.184          ; Low Pulse Width  ; Clk   ; Rise       ; clk_div:inst4|cntDiv[10]  ;
; 0.188  ; 0.372        ; 0.184          ; Low Pulse Width  ; Clk   ; Rise       ; clk_div:inst4|cntDiv[11]  ;
; 0.188  ; 0.372        ; 0.184          ; Low Pulse Width  ; Clk   ; Rise       ; clk_div:inst4|cntDiv[12]  ;
; 0.188  ; 0.372        ; 0.184          ; Low Pulse Width  ; Clk   ; Rise       ; clk_div:inst4|cntDiv[13]  ;
; 0.188  ; 0.372        ; 0.184          ; Low Pulse Width  ; Clk   ; Rise       ; clk_div:inst4|cntDiv[14]  ;
; 0.188  ; 0.372        ; 0.184          ; Low Pulse Width  ; Clk   ; Rise       ; clk_div:inst4|cntDiv[1]   ;
; 0.188  ; 0.372        ; 0.184          ; Low Pulse Width  ; Clk   ; Rise       ; clk_div:inst4|cntDiv[25]  ;
; 0.188  ; 0.372        ; 0.184          ; Low Pulse Width  ; Clk   ; Rise       ; clk_div:inst4|cntDiv[2]   ;
; 0.188  ; 0.372        ; 0.184          ; Low Pulse Width  ; Clk   ; Rise       ; clk_div:inst4|cntDiv[3]   ;
; 0.188  ; 0.372        ; 0.184          ; Low Pulse Width  ; Clk   ; Rise       ; clk_div:inst4|cntDiv[4]   ;
; 0.188  ; 0.372        ; 0.184          ; Low Pulse Width  ; Clk   ; Rise       ; clk_div:inst4|cntDiv[5]   ;
; 0.188  ; 0.372        ; 0.184          ; Low Pulse Width  ; Clk   ; Rise       ; clk_div:inst4|cntDiv[6]   ;
; 0.188  ; 0.372        ; 0.184          ; Low Pulse Width  ; Clk   ; Rise       ; clk_div:inst4|cntDiv[7]   ;
; 0.188  ; 0.372        ; 0.184          ; Low Pulse Width  ; Clk   ; Rise       ; clk_div:inst4|cntDiv[8]   ;
; 0.188  ; 0.372        ; 0.184          ; Low Pulse Width  ; Clk   ; Rise       ; clk_div:inst4|cntDiv[9]   ;
; 0.339  ; 0.339        ; 0.000          ; Low Pulse Width  ; Clk   ; Rise       ; Clk~input|o               ;
; 0.340  ; 0.340        ; 0.000          ; Low Pulse Width  ; Clk   ; Rise       ; inst4|cntDiv[15]|clk      ;
; 0.340  ; 0.340        ; 0.000          ; Low Pulse Width  ; Clk   ; Rise       ; inst4|cntDiv[16]|clk      ;
; 0.340  ; 0.340        ; 0.000          ; Low Pulse Width  ; Clk   ; Rise       ; inst4|cntDiv[17]|clk      ;
; 0.340  ; 0.340        ; 0.000          ; Low Pulse Width  ; Clk   ; Rise       ; inst4|cntDiv[18]|clk      ;
; 0.340  ; 0.340        ; 0.000          ; Low Pulse Width  ; Clk   ; Rise       ; inst4|cntDiv[19]|clk      ;
; 0.340  ; 0.340        ; 0.000          ; Low Pulse Width  ; Clk   ; Rise       ; inst4|cntDiv[20]|clk      ;
; 0.340  ; 0.340        ; 0.000          ; Low Pulse Width  ; Clk   ; Rise       ; inst4|cntDiv[21]|clk      ;
; 0.340  ; 0.340        ; 0.000          ; Low Pulse Width  ; Clk   ; Rise       ; inst4|cntDiv[22]|clk      ;
; 0.340  ; 0.340        ; 0.000          ; Low Pulse Width  ; Clk   ; Rise       ; inst4|cntDiv[23]|clk      ;
; 0.340  ; 0.340        ; 0.000          ; Low Pulse Width  ; Clk   ; Rise       ; inst4|cntDiv[24]|clk      ;
; 0.349  ; 0.349        ; 0.000          ; Low Pulse Width  ; Clk   ; Rise       ; inst4|cntDiv[13]|clk      ;
; 0.349  ; 0.349        ; 0.000          ; Low Pulse Width  ; Clk   ; Rise       ; inst4|cntDiv[14]|clk      ;
; 0.349  ; 0.349        ; 0.000          ; Low Pulse Width  ; Clk   ; Rise       ; inst4|cntDiv[25]|clk      ;
; 0.350  ; 0.350        ; 0.000          ; Low Pulse Width  ; Clk   ; Rise       ; inst4|cntDiv[0]|clk       ;
; 0.350  ; 0.350        ; 0.000          ; Low Pulse Width  ; Clk   ; Rise       ; inst4|cntDiv[10]|clk      ;
; 0.350  ; 0.350        ; 0.000          ; Low Pulse Width  ; Clk   ; Rise       ; inst4|cntDiv[11]|clk      ;
; 0.350  ; 0.350        ; 0.000          ; Low Pulse Width  ; Clk   ; Rise       ; inst4|cntDiv[12]|clk      ;
; 0.350  ; 0.350        ; 0.000          ; Low Pulse Width  ; Clk   ; Rise       ; inst4|cntDiv[1]|clk       ;
; 0.350  ; 0.350        ; 0.000          ; Low Pulse Width  ; Clk   ; Rise       ; inst4|cntDiv[2]|clk       ;
; 0.350  ; 0.350        ; 0.000          ; Low Pulse Width  ; Clk   ; Rise       ; inst4|cntDiv[3]|clk       ;
; 0.350  ; 0.350        ; 0.000          ; Low Pulse Width  ; Clk   ; Rise       ; inst4|cntDiv[4]|clk       ;
; 0.350  ; 0.350        ; 0.000          ; Low Pulse Width  ; Clk   ; Rise       ; inst4|cntDiv[5]|clk       ;
; 0.350  ; 0.350        ; 0.000          ; Low Pulse Width  ; Clk   ; Rise       ; inst4|cntDiv[6]|clk       ;
; 0.350  ; 0.350        ; 0.000          ; Low Pulse Width  ; Clk   ; Rise       ; inst4|cntDiv[7]|clk       ;
; 0.350  ; 0.350        ; 0.000          ; Low Pulse Width  ; Clk   ; Rise       ; inst4|cntDiv[8]|clk       ;
; 0.350  ; 0.350        ; 0.000          ; Low Pulse Width  ; Clk   ; Rise       ; inst4|cntDiv[9]|clk       ;
; 0.356  ; 0.356        ; 0.000          ; Low Pulse Width  ; Clk   ; Rise       ; Clk~inputclkctrl|inclk[0] ;
; 0.356  ; 0.356        ; 0.000          ; Low Pulse Width  ; Clk   ; Rise       ; Clk~inputclkctrl|outclk   ;
; 0.410  ; 0.626        ; 0.216          ; High Pulse Width ; Clk   ; Rise       ; clk_div:inst4|cntDiv[0]   ;
; 0.410  ; 0.626        ; 0.216          ; High Pulse Width ; Clk   ; Rise       ; clk_div:inst4|cntDiv[10]  ;
; 0.410  ; 0.626        ; 0.216          ; High Pulse Width ; Clk   ; Rise       ; clk_div:inst4|cntDiv[11]  ;
; 0.410  ; 0.626        ; 0.216          ; High Pulse Width ; Clk   ; Rise       ; clk_div:inst4|cntDiv[12]  ;
; 0.410  ; 0.626        ; 0.216          ; High Pulse Width ; Clk   ; Rise       ; clk_div:inst4|cntDiv[1]   ;
; 0.410  ; 0.626        ; 0.216          ; High Pulse Width ; Clk   ; Rise       ; clk_div:inst4|cntDiv[2]   ;
; 0.410  ; 0.626        ; 0.216          ; High Pulse Width ; Clk   ; Rise       ; clk_div:inst4|cntDiv[3]   ;
; 0.410  ; 0.626        ; 0.216          ; High Pulse Width ; Clk   ; Rise       ; clk_div:inst4|cntDiv[4]   ;
; 0.410  ; 0.626        ; 0.216          ; High Pulse Width ; Clk   ; Rise       ; clk_div:inst4|cntDiv[5]   ;
; 0.410  ; 0.626        ; 0.216          ; High Pulse Width ; Clk   ; Rise       ; clk_div:inst4|cntDiv[6]   ;
; 0.410  ; 0.626        ; 0.216          ; High Pulse Width ; Clk   ; Rise       ; clk_div:inst4|cntDiv[7]   ;
; 0.410  ; 0.626        ; 0.216          ; High Pulse Width ; Clk   ; Rise       ; clk_div:inst4|cntDiv[8]   ;
; 0.410  ; 0.626        ; 0.216          ; High Pulse Width ; Clk   ; Rise       ; clk_div:inst4|cntDiv[9]   ;
; 0.411  ; 0.627        ; 0.216          ; High Pulse Width ; Clk   ; Rise       ; clk_div:inst4|cntDiv[13]  ;
; 0.411  ; 0.627        ; 0.216          ; High Pulse Width ; Clk   ; Rise       ; clk_div:inst4|cntDiv[14]  ;
; 0.411  ; 0.627        ; 0.216          ; High Pulse Width ; Clk   ; Rise       ; clk_div:inst4|cntDiv[25]  ;
; 0.420  ; 0.636        ; 0.216          ; High Pulse Width ; Clk   ; Rise       ; clk_div:inst4|cntDiv[15]  ;
; 0.420  ; 0.636        ; 0.216          ; High Pulse Width ; Clk   ; Rise       ; clk_div:inst4|cntDiv[16]  ;
+--------+--------------+----------------+------------------+-------+------------+---------------------------+


+---------------------------------------------------------------------------------------------------------------------------------------+
; Slow 1200mV 85C Model Minimum Pulse Width: 'clk_div:inst4|cntDiv[25]'                                                                 ;
+--------+--------------+----------------+------------------+--------------------------+------------+-----------------------------------+
; Slack  ; Actual Width ; Required Width ; Type             ; Clock                    ; Clock Edge ; Target                            ;
+--------+--------------+----------------+------------------+--------------------------+------------+-----------------------------------+
; -1.000 ; 1.000        ; 2.000          ; Min Period       ; clk_div:inst4|cntDiv[25] ; Rise       ; Reg_4bit:inst8|inst               ;
; -1.000 ; 1.000        ; 2.000          ; Min Period       ; clk_div:inst4|cntDiv[25] ; Rise       ; Reg_4bit:inst8|inst1              ;
; -1.000 ; 1.000        ; 2.000          ; Min Period       ; clk_div:inst4|cntDiv[25] ; Rise       ; Reg_4bit:inst8|inst2              ;
; -1.000 ; 1.000        ; 2.000          ; Min Period       ; clk_div:inst4|cntDiv[25] ; Rise       ; Reg_4bit:inst8|inst3              ;
; -1.000 ; 1.000        ; 2.000          ; Min Period       ; clk_div:inst4|cntDiv[25] ; Rise       ; cnt_4bit:inst7|inst               ;
; -1.000 ; 1.000        ; 2.000          ; Min Period       ; clk_div:inst4|cntDiv[25] ; Rise       ; cnt_4bit:inst7|inst2              ;
; -1.000 ; 1.000        ; 2.000          ; Min Period       ; clk_div:inst4|cntDiv[25] ; Rise       ; cnt_4bit:inst7|inst3              ;
; 0.296  ; 0.480        ; 0.184          ; Low Pulse Width  ; clk_div:inst4|cntDiv[25] ; Rise       ; Reg_4bit:inst8|inst               ;
; 0.296  ; 0.480        ; 0.184          ; Low Pulse Width  ; clk_div:inst4|cntDiv[25] ; Rise       ; Reg_4bit:inst8|inst1              ;
; 0.296  ; 0.480        ; 0.184          ; Low Pulse Width  ; clk_div:inst4|cntDiv[25] ; Rise       ; Reg_4bit:inst8|inst2              ;
; 0.296  ; 0.480        ; 0.184          ; Low Pulse Width  ; clk_div:inst4|cntDiv[25] ; Rise       ; Reg_4bit:inst8|inst3              ;
; 0.296  ; 0.480        ; 0.184          ; Low Pulse Width  ; clk_div:inst4|cntDiv[25] ; Rise       ; cnt_4bit:inst7|inst               ;
; 0.296  ; 0.480        ; 0.184          ; Low Pulse Width  ; clk_div:inst4|cntDiv[25] ; Rise       ; cnt_4bit:inst7|inst2              ;
; 0.296  ; 0.480        ; 0.184          ; Low Pulse Width  ; clk_div:inst4|cntDiv[25] ; Rise       ; cnt_4bit:inst7|inst3              ;
; 0.300  ; 0.516        ; 0.216          ; High Pulse Width ; clk_div:inst4|cntDiv[25] ; Rise       ; Reg_4bit:inst8|inst               ;
; 0.300  ; 0.516        ; 0.216          ; High Pulse Width ; clk_div:inst4|cntDiv[25] ; Rise       ; Reg_4bit:inst8|inst1              ;
; 0.300  ; 0.516        ; 0.216          ; High Pulse Width ; clk_div:inst4|cntDiv[25] ; Rise       ; Reg_4bit:inst8|inst2              ;
; 0.300  ; 0.516        ; 0.216          ; High Pulse Width ; clk_div:inst4|cntDiv[25] ; Rise       ; Reg_4bit:inst8|inst3              ;
; 0.300  ; 0.516        ; 0.216          ; High Pulse Width ; clk_div:inst4|cntDiv[25] ; Rise       ; cnt_4bit:inst7|inst               ;
; 0.300  ; 0.516        ; 0.216          ; High Pulse Width ; clk_div:inst4|cntDiv[25] ; Rise       ; cnt_4bit:inst7|inst2              ;
; 0.300  ; 0.516        ; 0.216          ; High Pulse Width ; clk_div:inst4|cntDiv[25] ; Rise       ; cnt_4bit:inst7|inst3              ;
; 0.458  ; 0.458        ; 0.000          ; Low Pulse Width  ; clk_div:inst4|cntDiv[25] ; Rise       ; inst7|inst2|clk                   ;
; 0.458  ; 0.458        ; 0.000          ; Low Pulse Width  ; clk_div:inst4|cntDiv[25] ; Rise       ; inst7|inst3|clk                   ;
; 0.458  ; 0.458        ; 0.000          ; Low Pulse Width  ; clk_div:inst4|cntDiv[25] ; Rise       ; inst7|inst|clk                    ;
; 0.458  ; 0.458        ; 0.000          ; Low Pulse Width  ; clk_div:inst4|cntDiv[25] ; Rise       ; inst8|inst1|clk                   ;
; 0.458  ; 0.458        ; 0.000          ; Low Pulse Width  ; clk_div:inst4|cntDiv[25] ; Rise       ; inst8|inst2|clk                   ;
; 0.458  ; 0.458        ; 0.000          ; Low Pulse Width  ; clk_div:inst4|cntDiv[25] ; Rise       ; inst8|inst3|clk                   ;
; 0.458  ; 0.458        ; 0.000          ; Low Pulse Width  ; clk_div:inst4|cntDiv[25] ; Rise       ; inst8|inst|clk                    ;
; 0.463  ; 0.463        ; 0.000          ; Low Pulse Width  ; clk_div:inst4|cntDiv[25] ; Rise       ; inst4|cntDiv[25]~clkctrl|inclk[0] ;
; 0.463  ; 0.463        ; 0.000          ; Low Pulse Width  ; clk_div:inst4|cntDiv[25] ; Rise       ; inst4|cntDiv[25]~clkctrl|outclk   ;
; 0.500  ; 0.500        ; 0.000          ; High Pulse Width ; clk_div:inst4|cntDiv[25] ; Rise       ; inst4|cntDiv[25]|q                ;
; 0.500  ; 0.500        ; 0.000          ; Low Pulse Width  ; clk_div:inst4|cntDiv[25] ; Rise       ; inst4|cntDiv[25]|q                ;
; 0.535  ; 0.535        ; 0.000          ; High Pulse Width ; clk_div:inst4|cntDiv[25] ; Rise       ; inst4|cntDiv[25]~clkctrl|inclk[0] ;
; 0.535  ; 0.535        ; 0.000          ; High Pulse Width ; clk_div:inst4|cntDiv[25] ; Rise       ; inst4|cntDiv[25]~clkctrl|outclk   ;
; 0.540  ; 0.540        ; 0.000          ; High Pulse Width ; clk_div:inst4|cntDiv[25] ; Rise       ; inst7|inst2|clk                   ;
; 0.540  ; 0.540        ; 0.000          ; High Pulse Width ; clk_div:inst4|cntDiv[25] ; Rise       ; inst7|inst3|clk                   ;
; 0.540  ; 0.540        ; 0.000          ; High Pulse Width ; clk_div:inst4|cntDiv[25] ; Rise       ; inst7|inst|clk                    ;
; 0.540  ; 0.540        ; 0.000          ; High Pulse Width ; clk_div:inst4|cntDiv[25] ; Rise       ; inst8|inst1|clk                   ;
; 0.540  ; 0.540        ; 0.000          ; High Pulse Width ; clk_div:inst4|cntDiv[25] ; Rise       ; inst8|inst2|clk                   ;
; 0.540  ; 0.540        ; 0.000          ; High Pulse Width ; clk_div:inst4|cntDiv[25] ; Rise       ; inst8|inst3|clk                   ;
; 0.540  ; 0.540        ; 0.000          ; High Pulse Width ; clk_div:inst4|cntDiv[25] ; Rise       ; inst8|inst|clk                    ;
+--------+--------------+----------------+------------------+--------------------------+------------+-----------------------------------+


+----------------------------------------------------------------------------------------------+
; Setup Times                                                                                  ;
+-----------+--------------------------+-------+-------+------------+--------------------------+
; Data Port ; Clock Port               ; Rise  ; Fall  ; Clock Edge ; Clock Reference          ;
+-----------+--------------------------+-------+-------+------------+--------------------------+
; Button1   ; clk_div:inst4|cntDiv[25] ; 2.566 ; 3.027 ; Rise       ; clk_div:inst4|cntDiv[25] ;
; Button2   ; clk_div:inst4|cntDiv[25] ; 3.027 ; 3.529 ; Rise       ; clk_div:inst4|cntDiv[25] ;
; SW[*]     ; clk_div:inst4|cntDiv[25] ; 2.889 ; 3.419 ; Rise       ; clk_div:inst4|cntDiv[25] ;
;  SW[0]    ; clk_div:inst4|cntDiv[25] ; 2.426 ; 2.957 ; Rise       ; clk_div:inst4|cntDiv[25] ;
;  SW[1]    ; clk_div:inst4|cntDiv[25] ; 2.185 ; 2.636 ; Rise       ; clk_div:inst4|cntDiv[25] ;
;  SW[2]    ; clk_div:inst4|cntDiv[25] ; 2.889 ; 3.419 ; Rise       ; clk_div:inst4|cntDiv[25] ;
;  SW[3]    ; clk_div:inst4|cntDiv[25] ; 2.624 ; 3.125 ; Rise       ; clk_div:inst4|cntDiv[25] ;
+-----------+--------------------------+-------+-------+------------+--------------------------+


+------------------------------------------------------------------------------------------------+
; Hold Times                                                                                     ;
+-----------+--------------------------+--------+--------+------------+--------------------------+
; Data Port ; Clock Port               ; Rise   ; Fall   ; Clock Edge ; Clock Reference          ;
+-----------+--------------------------+--------+--------+------------+--------------------------+
; Button1   ; clk_div:inst4|cntDiv[25] ; -2.096 ; -2.508 ; Rise       ; clk_div:inst4|cntDiv[25] ;
; Button2   ; clk_div:inst4|cntDiv[25] ; -2.101 ; -2.512 ; Rise       ; clk_div:inst4|cntDiv[25] ;
; SW[*]     ; clk_div:inst4|cntDiv[25] ; -1.728 ; -2.144 ; Rise       ; clk_div:inst4|cntDiv[25] ;
;  SW[0]    ; clk_div:inst4|cntDiv[25] ; -1.956 ; -2.450 ; Rise       ; clk_div:inst4|cntDiv[25] ;
;  SW[1]    ; clk_div:inst4|cntDiv[25] ; -1.728 ; -2.144 ; Rise       ; clk_div:inst4|cntDiv[25] ;
;  SW[2]    ; clk_div:inst4|cntDiv[25] ; -2.415 ; -2.917 ; Rise       ; clk_div:inst4|cntDiv[25] ;
;  SW[3]    ; clk_div:inst4|cntDiv[25] ; -2.145 ; -2.608 ; Rise       ; clk_div:inst4|cntDiv[25] ;
+-----------+--------------------------+--------+--------+------------+--------------------------+


+----------------------------------------------------------------------------------------------+
; Clock to Output Times                                                                        ;
+-----------+--------------------------+-------+-------+------------+--------------------------+
; Data Port ; Clock Port               ; Rise  ; Fall  ; Clock Edge ; Clock Reference          ;
+-----------+--------------------------+-------+-------+------------+--------------------------+
; Hex0[*]   ; clk_div:inst4|cntDiv[25] ; 6.625 ; 6.497 ; Rise       ; clk_div:inst4|cntDiv[25] ;
;  Hex0[0]  ; clk_div:inst4|cntDiv[25] ; 6.625 ; 6.497 ; Rise       ; clk_div:inst4|cntDiv[25] ;
;  Hex0[1]  ; clk_div:inst4|cntDiv[25] ; 6.384 ; 6.268 ; Rise       ; clk_div:inst4|cntDiv[25] ;
;  Hex0[2]  ; clk_div:inst4|cntDiv[25] ; 6.147 ; 6.081 ; Rise       ; clk_div:inst4|cntDiv[25] ;
;  Hex0[3]  ; clk_div:inst4|cntDiv[25] ; 6.182 ; 6.066 ; Rise       ; clk_div:inst4|cntDiv[25] ;
;  Hex0[4]  ; clk_div:inst4|cntDiv[25] ; 6.165 ; 6.055 ; Rise       ; clk_div:inst4|cntDiv[25] ;
;  Hex0[5]  ; clk_div:inst4|cntDiv[25] ; 6.164 ; 6.089 ; Rise       ; clk_div:inst4|cntDiv[25] ;
;  Hex0[6]  ; clk_div:inst4|cntDiv[25] ; 6.062 ; 6.104 ; Rise       ; clk_div:inst4|cntDiv[25] ;
; Hex1[*]   ; clk_div:inst4|cntDiv[25] ; 6.460 ; 6.506 ; Rise       ; clk_div:inst4|cntDiv[25] ;
;  Hex1[0]  ; clk_div:inst4|cntDiv[25] ; 6.265 ; 6.078 ; Rise       ; clk_div:inst4|cntDiv[25] ;
;  Hex1[1]  ; clk_div:inst4|cntDiv[25] ; 6.177 ; 6.144 ; Rise       ; clk_div:inst4|cntDiv[25] ;
;  Hex1[2]  ; clk_div:inst4|cntDiv[25] ; 5.921 ; 5.962 ; Rise       ; clk_div:inst4|cntDiv[25] ;
;  Hex1[3]  ; clk_div:inst4|cntDiv[25] ; 6.067 ; 5.940 ; Rise       ; clk_div:inst4|cntDiv[25] ;
;  Hex1[4]  ; clk_div:inst4|cntDiv[25] ; 6.061 ; 5.888 ; Rise       ; clk_div:inst4|cntDiv[25] ;
;  Hex1[5]  ; clk_div:inst4|cntDiv[25] ; 6.460 ; 6.506 ; Rise       ; clk_div:inst4|cntDiv[25] ;
;  Hex1[6]  ; clk_div:inst4|cntDiv[25] ; 6.221 ; 6.286 ; Rise       ; clk_div:inst4|cntDiv[25] ;
; Hex3[*]   ; clk_div:inst4|cntDiv[25] ; 6.748 ; 6.718 ; Rise       ; clk_div:inst4|cntDiv[25] ;
;  Hex3[0]  ; clk_div:inst4|cntDiv[25] ; 6.347 ; 6.225 ; Rise       ; clk_div:inst4|cntDiv[25] ;
;  Hex3[2]  ; clk_div:inst4|cntDiv[25] ; 6.258 ; 6.394 ; Rise       ; clk_div:inst4|cntDiv[25] ;
;  Hex3[3]  ; clk_div:inst4|cntDiv[25] ; 6.350 ; 6.230 ; Rise       ; clk_div:inst4|cntDiv[25] ;
;  Hex3[4]  ; clk_div:inst4|cntDiv[25] ; 6.585 ; 6.606 ; Rise       ; clk_div:inst4|cntDiv[25] ;
;  Hex3[5]  ; clk_div:inst4|cntDiv[25] ; 6.732 ; 6.718 ; Rise       ; clk_div:inst4|cntDiv[25] ;
;  Hex3[6]  ; clk_div:inst4|cntDiv[25] ; 6.748 ; 6.594 ; Rise       ; clk_div:inst4|cntDiv[25] ;
+-----------+--------------------------+-------+-------+------------+--------------------------+


+----------------------------------------------------------------------------------------------+
; Minimum Clock to Output Times                                                                ;
+-----------+--------------------------+-------+-------+------------+--------------------------+
; Data Port ; Clock Port               ; Rise  ; Fall  ; Clock Edge ; Clock Reference          ;
+-----------+--------------------------+-------+-------+------------+--------------------------+
; Hex0[*]   ; clk_div:inst4|cntDiv[25] ; 5.508 ; 5.470 ; Rise       ; clk_div:inst4|cntDiv[25] ;
;  Hex0[0]  ; clk_div:inst4|cntDiv[25] ; 6.027 ; 5.939 ; Rise       ; clk_div:inst4|cntDiv[25] ;
;  Hex0[1]  ; clk_div:inst4|cntDiv[25] ; 5.559 ; 5.470 ; Rise       ; clk_div:inst4|cntDiv[25] ;
;  Hex0[2]  ; clk_div:inst4|cntDiv[25] ; 5.659 ; 5.518 ; Rise       ; clk_div:inst4|cntDiv[25] ;
;  Hex0[3]  ; clk_div:inst4|cntDiv[25] ; 5.607 ; 5.532 ; Rise       ; clk_div:inst4|cntDiv[25] ;
;  Hex0[4]  ; clk_div:inst4|cntDiv[25] ; 5.600 ; 5.585 ; Rise       ; clk_div:inst4|cntDiv[25] ;
;  Hex0[5]  ; clk_div:inst4|cntDiv[25] ; 5.601 ; 5.583 ; Rise       ; clk_div:inst4|cntDiv[25] ;
;  Hex0[6]  ; clk_div:inst4|cntDiv[25] ; 5.508 ; 5.645 ; Rise       ; clk_div:inst4|cntDiv[25] ;
; Hex1[*]   ; clk_div:inst4|cntDiv[25] ; 5.520 ; 5.440 ; Rise       ; clk_div:inst4|cntDiv[25] ;
;  Hex1[0]  ; clk_div:inst4|cntDiv[25] ; 5.721 ; 5.634 ; Rise       ; clk_div:inst4|cntDiv[25] ;
;  Hex1[1]  ; clk_div:inst4|cntDiv[25] ; 5.680 ; 5.605 ; Rise       ; clk_div:inst4|cntDiv[25] ;
;  Hex1[2]  ; clk_div:inst4|cntDiv[25] ; 5.598 ; 5.440 ; Rise       ; clk_div:inst4|cntDiv[25] ;
;  Hex1[3]  ; clk_div:inst4|cntDiv[25] ; 5.530 ; 5.457 ; Rise       ; clk_div:inst4|cntDiv[25] ;
;  Hex1[4]  ; clk_div:inst4|cntDiv[25] ; 5.520 ; 5.526 ; Rise       ; clk_div:inst4|cntDiv[25] ;
;  Hex1[5]  ; clk_div:inst4|cntDiv[25] ; 6.025 ; 6.038 ; Rise       ; clk_div:inst4|cntDiv[25] ;
;  Hex1[6]  ; clk_div:inst4|cntDiv[25] ; 5.698 ; 5.875 ; Rise       ; clk_div:inst4|cntDiv[25] ;
; Hex3[*]   ; clk_div:inst4|cntDiv[25] ; 5.764 ; 5.747 ; Rise       ; clk_div:inst4|cntDiv[25] ;
;  Hex3[0]  ; clk_div:inst4|cntDiv[25] ; 5.875 ; 5.747 ; Rise       ; clk_div:inst4|cntDiv[25] ;
;  Hex3[2]  ; clk_div:inst4|cntDiv[25] ; 5.764 ; 5.899 ; Rise       ; clk_div:inst4|cntDiv[25] ;
;  Hex3[3]  ; clk_div:inst4|cntDiv[25] ; 5.813 ; 5.787 ; Rise       ; clk_div:inst4|cntDiv[25] ;
;  Hex3[4]  ; clk_div:inst4|cntDiv[25] ; 6.133 ; 6.179 ; Rise       ; clk_div:inst4|cntDiv[25] ;
;  Hex3[5]  ; clk_div:inst4|cntDiv[25] ; 6.321 ; 6.163 ; Rise       ; clk_div:inst4|cntDiv[25] ;
;  Hex3[6]  ; clk_div:inst4|cntDiv[25] ; 6.249 ; 6.095 ; Rise       ; clk_div:inst4|cntDiv[25] ;
+-----------+--------------------------+-------+-------+------------+--------------------------+


+----------------------------------------------------------+
; Propagation Delay                                        ;
+------------+-------------+-------+-------+-------+-------+
; Input Port ; Output Port ; RR    ; RF    ; FR    ; FF    ;
+------------+-------------+-------+-------+-------+-------+
; Button2    ; Hex1[0]     ; 7.994 ; 7.871 ; 8.446 ; 8.365 ;
; Button2    ; Hex1[1]     ; 7.906 ; 7.873 ; 8.358 ; 8.356 ;
; Button2    ; Hex1[2]     ; 7.714 ; 7.691 ; 8.243 ; 8.143 ;
; Button2    ; Hex1[3]     ; 7.796 ; 7.687 ; 8.248 ; 8.181 ;
; Button2    ; Hex1[4]     ; 7.790 ; 7.681 ; 8.242 ; 8.171 ;
; Button2    ; Hex1[5]     ; 8.253 ; 8.235 ; 8.780 ; 8.687 ;
; Button2    ; Hex1[6]     ; 7.950 ; 8.015 ; 8.433 ; 8.487 ;
; SW[0]      ; Hex1[0]     ; 7.563 ; 7.475 ; 8.118 ; 8.021 ;
; SW[0]      ; Hex1[1]     ; 7.521 ; 7.445 ; 8.077 ; 7.992 ;
; SW[0]      ; Hex1[2]     ;       ; 7.273 ; 7.897 ;       ;
; SW[0]      ; Hex1[3]     ; 7.365 ; 7.291 ; 7.919 ; 7.836 ;
; SW[0]      ; Hex1[4]     ; 7.354 ;       ;       ; 7.826 ;
; SW[0]      ; Hex1[5]     ; 7.881 ;       ;       ; 8.359 ;
; SW[0]      ; Hex1[6]     ; 7.542 ;       ;       ; 8.185 ;
; SW[0]      ; Hex2[0]     ; 7.252 ; 7.165 ; 7.743 ; 7.684 ;
; SW[0]      ; Hex2[1]     ; 7.131 ; 7.035 ; 7.605 ; 7.569 ;
; SW[0]      ; Hex2[2]     ;       ; 6.947 ; 7.512 ;       ;
; SW[0]      ; Hex2[3]     ; 7.248 ; 7.164 ; 7.740 ; 7.702 ;
; SW[0]      ; Hex2[4]     ; 7.269 ;       ;       ; 7.724 ;
; SW[0]      ; Hex2[5]     ; 7.155 ;       ;       ; 7.609 ;
; SW[0]      ; Hex2[6]     ; 7.407 ;       ;       ; 7.978 ;
; SW[1]      ; Hex1[0]     ;       ; 7.523 ; 8.092 ;       ;
; SW[1]      ; Hex1[1]     ; 7.522 ; 7.437 ; 8.004 ; 7.971 ;
; SW[1]      ; Hex1[2]     ; 7.366 ;       ;       ; 7.789 ;
; SW[1]      ; Hex1[3]     ; 7.365 ; 7.339 ; 7.894 ; 7.767 ;
; SW[1]      ; Hex1[4]     ;       ; 7.333 ; 7.888 ;       ;
; SW[1]      ; Hex1[5]     ; 7.905 ;       ;       ; 8.333 ;
; SW[1]      ; Hex1[6]     ; 7.535 ; 7.643 ; 8.048 ; 8.113 ;
; SW[1]      ; Hex2[0]     ;       ; 6.875 ; 7.398 ;       ;
; SW[1]      ; Hex2[1]     ; 6.852 ; 6.788 ; 7.300 ; 7.227 ;
; SW[1]      ; Hex2[2]     ; 6.766 ;       ;       ; 7.129 ;
; SW[1]      ; Hex2[3]     ; 6.952 ; 6.874 ; 7.399 ; 7.312 ;
; SW[1]      ; Hex2[4]     ;       ; 6.903 ; 7.423 ;       ;
; SW[1]      ; Hex2[5]     ; 6.864 ;       ;       ; 7.239 ;
; SW[1]      ; Hex2[6]     ; 7.160 ; 7.226 ; 7.598 ; 7.673 ;
; SW[2]      ; Hex1[0]     ; 7.796 ; 7.671 ; 8.284 ; 8.255 ;
; SW[2]      ; Hex1[1]     ; 7.738 ;       ;       ; 8.246 ;
; SW[2]      ; Hex1[2]     ; 7.564 ; 7.538 ; 8.133 ; 8.020 ;
; SW[2]      ; Hex1[3]     ; 7.597 ; 7.486 ; 8.086 ; 8.071 ;
; SW[2]      ; Hex1[4]     ; 7.586 ; 7.467 ; 8.077 ; 8.061 ;
; SW[2]      ; Hex1[5]     ; 8.100 ; 8.079 ; 8.670 ; 8.562 ;
; SW[2]      ; Hex1[6]     ; 7.750 ; 7.862 ; 8.323 ; 8.377 ;
; SW[2]      ; Hex2[0]     ; 7.096 ; 7.010 ; 7.563 ; 7.511 ;
; SW[2]      ; Hex2[1]     ; 6.984 ;       ;       ; 7.418 ;
; SW[2]      ; Hex2[2]     ; 6.892 ; 6.818 ; 7.356 ; 7.314 ;
; SW[2]      ; Hex2[3]     ; 7.092 ; 7.009 ; 7.556 ; 7.508 ;
; SW[2]      ; Hex2[4]     ; 7.106 ; 7.024 ; 7.573 ; 7.525 ;
; SW[2]      ; Hex2[5]     ; 6.990 ; 6.927 ; 7.455 ; 7.423 ;
; SW[2]      ; Hex2[6]     ; 7.291 ; 7.359 ; 7.789 ; 7.825 ;
; SW[3]      ; Hex1[0]     ;       ; 7.787 ; 8.392 ;       ;
; SW[3]      ; Hex1[1]     ;       ; 7.756 ; 8.351 ;       ;
; SW[3]      ; Hex1[2]     ; 7.657 ;       ;       ; 8.130 ;
; SW[3]      ; Hex1[3]     ; 7.679 ;       ;       ; 8.149 ;
; SW[3]      ; Hex1[4]     ;       ; 7.592 ; 8.183 ;       ;
; SW[3]      ; Hex1[5]     ; 8.194 ; 8.126 ; 8.707 ; 8.672 ;
; SW[3]      ; Hex1[6]     ;       ; 7.943 ; 8.401 ;       ;
; SW[3]      ; Hex2[0]     ;       ; 7.463 ; 8.014 ;       ;
; SW[3]      ; Hex2[1]     ;       ; 7.363 ; 7.888 ;       ;
; SW[3]      ; Hex2[2]     ; 7.295 ;       ;       ; 7.709 ;
; SW[3]      ; Hex2[3]     ; 7.482 ;       ;       ; 7.900 ;
; SW[3]      ; Hex2[4]     ;       ; 7.473 ; 8.009 ;       ;
; SW[3]      ; Hex2[5]     ; 7.393 ; 7.380 ; 7.908 ; 7.818 ;
; SW[3]      ; Hex2[6]     ;       ; 7.774 ; 8.210 ;       ;
+------------+-------------+-------+-------+-------+-------+


+----------------------------------------------------------+
; Minimum Propagation Delay                                ;
+------------+-------------+-------+-------+-------+-------+
; Input Port ; Output Port ; RR    ; RF    ; FR    ; FF    ;
+------------+-------------+-------+-------+-------+-------+
; Button2    ; Hex1[0]     ; 7.584 ; 7.486 ; 7.989 ; 7.893 ;
; Button2    ; Hex1[1]     ; 7.543 ; 7.456 ; 7.948 ; 7.863 ;
; Button2    ; Hex1[2]     ; 7.364 ; 7.303 ; 7.771 ; 7.708 ;
; Button2    ; Hex1[3]     ; 7.384 ; 7.320 ; 7.791 ; 7.725 ;
; Button2    ; Hex1[4]     ; 7.383 ; 7.298 ; 7.788 ; 7.705 ;
; Button2    ; Hex1[5]     ; 7.878 ; 7.813 ; 8.285 ; 8.220 ;
; Button2    ; Hex1[6]     ; 7.561 ; 7.639 ; 7.966 ; 8.046 ;
; SW[0]      ; Hex1[0]     ; 7.317 ; 7.230 ; 7.842 ; 7.746 ;
; SW[0]      ; Hex1[1]     ; 7.276 ; 7.201 ; 7.804 ; 7.720 ;
; SW[0]      ; Hex1[2]     ;       ; 7.036 ; 7.631 ;       ;
; SW[0]      ; Hex1[3]     ; 7.126 ; 7.053 ; 7.652 ; 7.570 ;
; SW[0]      ; Hex1[4]     ; 7.116 ;       ;       ; 7.559 ;
; SW[0]      ; Hex1[5]     ; 7.621 ;       ;       ; 8.071 ;
; SW[0]      ; Hex1[6]     ; 7.294 ;       ;       ; 7.908 ;
; SW[0]      ; Hex2[0]     ; 7.068 ; 6.982 ; 7.544 ; 7.486 ;
; SW[0]      ; Hex2[1]     ; 6.951 ; 6.859 ; 7.412 ; 7.375 ;
; SW[0]      ; Hex2[2]     ;       ; 6.773 ; 7.325 ;       ;
; SW[0]      ; Hex2[3]     ; 7.015 ; 6.980 ; 7.540 ; 7.418 ;
; SW[0]      ; Hex2[4]     ; 7.036 ;       ;       ; 7.440 ;
; SW[0]      ; Hex2[5]     ; 6.927 ;       ;       ; 7.348 ;
; SW[0]      ; Hex2[6]     ; 7.216 ;       ;       ; 7.770 ;
; SW[1]      ; Hex1[0]     ;       ; 7.212 ; 7.743 ;       ;
; SW[1]      ; Hex1[1]     ; 7.281 ; 7.198 ; 7.736 ; 7.703 ;
; SW[1]      ; Hex1[2]     ; 7.083 ;       ;       ; 7.461 ;
; SW[1]      ; Hex1[3]     ; 7.081 ; 7.035 ; 7.552 ; 7.498 ;
; SW[1]      ; Hex1[4]     ;       ; 7.027 ; 7.547 ;       ;
; SW[1]      ; Hex1[5]     ; 7.587 ;       ;       ; 7.983 ;
; SW[1]      ; Hex1[6]     ; 7.291 ; 7.347 ; 7.715 ; 7.841 ;
; SW[1]      ; Hex2[0]     ;       ; 6.703 ; 7.213 ;       ;
; SW[1]      ; Hex2[1]     ; 6.684 ; 6.621 ; 7.119 ; 7.047 ;
; SW[1]      ; Hex2[2]     ; 6.602 ;       ;       ; 6.953 ;
; SW[1]      ; Hex2[3]     ; 6.780 ; 6.702 ; 7.214 ; 7.127 ;
; SW[1]      ; Hex2[4]     ;       ; 6.730 ; 7.238 ;       ;
; SW[1]      ; Hex2[5]     ; 6.697 ;       ;       ; 7.058 ;
; SW[1]      ; Hex2[6]     ; 6.978 ; 7.043 ; 7.403 ; 7.477 ;
; SW[2]      ; Hex1[0]     ; 7.544 ; 7.421 ; 8.006 ; 7.975 ;
; SW[2]      ; Hex1[1]     ; 7.453 ;       ;       ; 7.889 ;
; SW[2]      ; Hex1[2]     ; 7.284 ; 7.293 ; 7.860 ; 7.712 ;
; SW[2]      ; Hex1[3]     ; 7.289 ; 7.244 ; 7.815 ; 7.758 ;
; SW[2]      ; Hex1[4]     ; 7.341 ; 7.226 ; 7.807 ; 7.789 ;
; SW[2]      ; Hex1[5]     ; 7.799 ; 7.746 ; 8.308 ; 8.232 ;
; SW[2]      ; Hex1[6]     ; 7.497 ; 7.558 ; 7.981 ; 8.095 ;
; SW[2]      ; Hex2[0]     ; 6.917 ; 6.833 ; 7.371 ; 7.319 ;
; SW[2]      ; Hex2[1]     ; 6.808 ;       ;       ; 7.229 ;
; SW[2]      ; Hex2[2]     ; 6.722 ; 6.649 ; 7.173 ; 7.130 ;
; SW[2]      ; Hex2[3]     ; 6.912 ; 6.832 ; 7.364 ; 7.314 ;
; SW[2]      ; Hex2[4]     ; 6.927 ; 6.846 ; 7.381 ; 7.332 ;
; SW[2]      ; Hex2[5]     ; 6.817 ; 6.752 ; 7.268 ; 7.236 ;
; SW[2]      ; Hex2[6]     ; 7.103 ; 7.169 ; 7.586 ; 7.622 ;
; SW[3]      ; Hex1[0]     ;       ; 7.526 ; 8.101 ;       ;
; SW[3]      ; Hex1[1]     ;       ; 7.496 ; 8.063 ;       ;
; SW[3]      ; Hex1[2]     ; 7.404 ;       ;       ; 7.848 ;
; SW[3]      ; Hex1[3]     ; 7.424 ;       ;       ; 7.866 ;
; SW[3]      ; Hex1[4]     ;       ; 7.338 ; 7.900 ;       ;
; SW[3]      ; Hex1[5]     ; 7.918 ; 7.853 ; 8.404 ; 8.367 ;
; SW[3]      ; Hex1[6]     ;       ; 7.679 ; 8.108 ;       ;
; SW[3]      ; Hex2[0]     ;       ; 7.237 ; 7.761 ;       ;
; SW[3]      ; Hex2[1]     ;       ; 7.110 ; 7.622 ;       ;
; SW[3]      ; Hex2[2]     ; 7.061 ;       ;       ; 7.450 ;
; SW[3]      ; Hex2[3]     ; 7.250 ;       ;       ; 7.633 ;
; SW[3]      ; Hex2[4]     ;       ; 7.231 ; 7.769 ;       ;
; SW[3]      ; Hex2[5]     ; 7.169 ; 7.190 ; 7.704 ; 7.556 ;
; SW[3]      ; Hex2[6]     ;       ; 7.509 ; 7.928 ;       ;
+------------+-------------+-------+-------+-------+-------+


----------------------------------------------
; Slow 1200mV 85C Model Metastability Report ;
----------------------------------------------
No synchronizer chains to report.


+--------------------------------------------------------------------------------------------------------------------------+
; Slow 1200mV 0C Model Fmax Summary                                                                                        ;
+-------------+-----------------+--------------------------+---------------------------------------------------------------+
; Fmax        ; Restricted Fmax ; Clock Name               ; Note                                                          ;
+-------------+-----------------+--------------------------+---------------------------------------------------------------+
; 394.79 MHz  ; 250.0 MHz       ; Clk                      ; limit due to minimum period restriction (max I/O toggle rate) ;
; 1396.65 MHz ; 500.0 MHz       ; clk_div:inst4|cntDiv[25] ; limit due to minimum period restriction (tmin)                ;
+-------------+-----------------+--------------------------+---------------------------------------------------------------+
This panel reports FMAX for every clock in the design, regardless of the user-specified clock periods.  FMAX is only computed for paths where the source and destination registers or ports are driven by the same clock.  Paths of different clocks, including generated clocks, are ignored.  For paths between a clock and its inversion, FMAX is computed as if the rising and falling edges are scaled along with FMAX, such that the duty cycle (in terms of a percentage) is maintained. Altera recommends that you always use clock constraints and other slack reports for sign-off analysis.


+---------------------------------------------------+
; Slow 1200mV 0C Model Setup Summary                ;
+--------------------------+--------+---------------+
; Clock                    ; Slack  ; End Point TNS ;
+--------------------------+--------+---------------+
; Clk                      ; -1.533 ; -20.353       ;
; clk_div:inst4|cntDiv[25] ; 0.284  ; 0.000         ;
+--------------------------+--------+---------------+


+---------------------------------------------------+
; Slow 1200mV 0C Model Hold Summary                 ;
+--------------------------+--------+---------------+
; Clock                    ; Slack  ; End Point TNS ;
+--------------------------+--------+---------------+
; Clk                      ; -0.052 ; -0.052        ;
; clk_div:inst4|cntDiv[25] ; 0.354  ; 0.000         ;
+--------------------------+--------+---------------+


-----------------------------------------
; Slow 1200mV 0C Model Recovery Summary ;
-----------------------------------------
No paths to report.


----------------------------------------
; Slow 1200mV 0C Model Removal Summary ;
----------------------------------------
No paths to report.


+---------------------------------------------------+
; Slow 1200mV 0C Model Minimum Pulse Width Summary  ;
+--------------------------+--------+---------------+
; Clock                    ; Slack  ; End Point TNS ;
+--------------------------+--------+---------------+
; Clk                      ; -3.000 ; -29.000       ;
; clk_div:inst4|cntDiv[25] ; -1.000 ; -7.000        ;
+--------------------------+--------+---------------+


+------------------------------------------------------------------------------------------------------------------------------------+
; Slow 1200mV 0C Model Setup: 'Clk'                                                                                                  ;
+--------+--------------------------+--------------------------+--------------+-------------+--------------+------------+------------+
; Slack  ; From Node                ; To Node                  ; Launch Clock ; Latch Clock ; Relationship ; Clock Skew ; Data Delay ;
+--------+--------------------------+--------------------------+--------------+-------------+--------------+------------+------------+
; -1.533 ; clk_div:inst4|cntDiv[1]  ; clk_div:inst4|cntDiv[25] ; Clk          ; Clk         ; 1.000        ; -0.052     ; 2.476      ;
; -1.484 ; clk_div:inst4|cntDiv[2]  ; clk_div:inst4|cntDiv[25] ; Clk          ; Clk         ; 1.000        ; -0.052     ; 2.427      ;
; -1.416 ; clk_div:inst4|cntDiv[0]  ; clk_div:inst4|cntDiv[25] ; Clk          ; Clk         ; 1.000        ; -0.052     ; 2.359      ;
; -1.387 ; clk_div:inst4|cntDiv[4]  ; clk_div:inst4|cntDiv[25] ; Clk          ; Clk         ; 1.000        ; -0.052     ; 2.330      ;
; -1.322 ; clk_div:inst4|cntDiv[3]  ; clk_div:inst4|cntDiv[25] ; Clk          ; Clk         ; 1.000        ; -0.052     ; 2.265      ;
; -1.287 ; clk_div:inst4|cntDiv[6]  ; clk_div:inst4|cntDiv[25] ; Clk          ; Clk         ; 1.000        ; -0.052     ; 2.230      ;
; -1.217 ; clk_div:inst4|cntDiv[5]  ; clk_div:inst4|cntDiv[25] ; Clk          ; Clk         ; 1.000        ; -0.052     ; 2.160      ;
; -1.205 ; clk_div:inst4|cntDiv[1]  ; clk_div:inst4|cntDiv[24] ; Clk          ; Clk         ; 1.000        ; 0.262      ; 2.462      ;
; -1.182 ; clk_div:inst4|cntDiv[8]  ; clk_div:inst4|cntDiv[25] ; Clk          ; Clk         ; 1.000        ; -0.052     ; 2.125      ;
; -1.119 ; clk_div:inst4|cntDiv[1]  ; clk_div:inst4|cntDiv[23] ; Clk          ; Clk         ; 1.000        ; 0.262      ; 2.376      ;
; -1.118 ; clk_div:inst4|cntDiv[7]  ; clk_div:inst4|cntDiv[25] ; Clk          ; Clk         ; 1.000        ; -0.052     ; 2.061      ;
; -1.111 ; clk_div:inst4|cntDiv[16] ; clk_div:inst4|cntDiv[25] ; Clk          ; Clk         ; 1.000        ; -0.381     ; 1.725      ;
; -1.105 ; clk_div:inst4|cntDiv[1]  ; clk_div:inst4|cntDiv[22] ; Clk          ; Clk         ; 1.000        ; 0.262      ; 2.362      ;
; -1.082 ; clk_div:inst4|cntDiv[10] ; clk_div:inst4|cntDiv[25] ; Clk          ; Clk         ; 1.000        ; -0.052     ; 2.025      ;
; -1.073 ; clk_div:inst4|cntDiv[0]  ; clk_div:inst4|cntDiv[24] ; Clk          ; Clk         ; 1.000        ; 0.262      ; 2.330      ;
; -1.070 ; clk_div:inst4|cntDiv[2]  ; clk_div:inst4|cntDiv[23] ; Clk          ; Clk         ; 1.000        ; 0.262      ; 2.327      ;
; -1.052 ; clk_div:inst4|cntDiv[2]  ; clk_div:inst4|cntDiv[24] ; Clk          ; Clk         ; 1.000        ; 0.262      ; 2.309      ;
; -1.045 ; clk_div:inst4|cntDiv[15] ; clk_div:inst4|cntDiv[25] ; Clk          ; Clk         ; 1.000        ; -0.381     ; 1.659      ;
; -1.019 ; clk_div:inst4|cntDiv[1]  ; clk_div:inst4|cntDiv[14] ; Clk          ; Clk         ; 1.000        ; -0.052     ; 1.962      ;
; -1.019 ; clk_div:inst4|cntDiv[1]  ; clk_div:inst4|cntDiv[21] ; Clk          ; Clk         ; 1.000        ; 0.262      ; 2.276      ;
; -1.016 ; clk_div:inst4|cntDiv[9]  ; clk_div:inst4|cntDiv[25] ; Clk          ; Clk         ; 1.000        ; -0.052     ; 1.959      ;
; -1.014 ; clk_div:inst4|cntDiv[18] ; clk_div:inst4|cntDiv[25] ; Clk          ; Clk         ; 1.000        ; -0.381     ; 1.628      ;
; -1.005 ; clk_div:inst4|cntDiv[1]  ; clk_div:inst4|cntDiv[20] ; Clk          ; Clk         ; 1.000        ; 0.262      ; 2.262      ;
; -1.002 ; clk_div:inst4|cntDiv[0]  ; clk_div:inst4|cntDiv[23] ; Clk          ; Clk         ; 1.000        ; 0.262      ; 2.259      ;
; -0.982 ; clk_div:inst4|cntDiv[12] ; clk_div:inst4|cntDiv[25] ; Clk          ; Clk         ; 1.000        ; -0.052     ; 1.925      ;
; -0.973 ; clk_div:inst4|cntDiv[4]  ; clk_div:inst4|cntDiv[23] ; Clk          ; Clk         ; 1.000        ; 0.262      ; 2.230      ;
; -0.973 ; clk_div:inst4|cntDiv[0]  ; clk_div:inst4|cntDiv[22] ; Clk          ; Clk         ; 1.000        ; 0.262      ; 2.230      ;
; -0.970 ; clk_div:inst4|cntDiv[2]  ; clk_div:inst4|cntDiv[21] ; Clk          ; Clk         ; 1.000        ; 0.262      ; 2.227      ;
; -0.969 ; clk_div:inst4|cntDiv[3]  ; clk_div:inst4|cntDiv[24] ; Clk          ; Clk         ; 1.000        ; 0.262      ; 2.226      ;
; -0.955 ; clk_div:inst4|cntDiv[4]  ; clk_div:inst4|cntDiv[24] ; Clk          ; Clk         ; 1.000        ; 0.262      ; 2.212      ;
; -0.952 ; clk_div:inst4|cntDiv[2]  ; clk_div:inst4|cntDiv[22] ; Clk          ; Clk         ; 1.000        ; 0.262      ; 2.209      ;
; -0.946 ; clk_div:inst4|cntDiv[17] ; clk_div:inst4|cntDiv[25] ; Clk          ; Clk         ; 1.000        ; -0.381     ; 1.560      ;
; -0.933 ; clk_div:inst4|cntDiv[1]  ; clk_div:inst4|cntDiv[13] ; Clk          ; Clk         ; 1.000        ; -0.052     ; 1.876      ;
; -0.921 ; clk_div:inst4|cntDiv[1]  ; clk_div:inst4|cntDiv[12] ; Clk          ; Clk         ; 1.000        ; -0.054     ; 1.862      ;
; -0.919 ; clk_div:inst4|cntDiv[1]  ; clk_div:inst4|cntDiv[19] ; Clk          ; Clk         ; 1.000        ; 0.262      ; 2.176      ;
; -0.918 ; clk_div:inst4|cntDiv[20] ; clk_div:inst4|cntDiv[25] ; Clk          ; Clk         ; 1.000        ; -0.381     ; 1.532      ;
; -0.915 ; clk_div:inst4|cntDiv[11] ; clk_div:inst4|cntDiv[25] ; Clk          ; Clk         ; 1.000        ; -0.052     ; 1.858      ;
; -0.908 ; clk_div:inst4|cntDiv[3]  ; clk_div:inst4|cntDiv[23] ; Clk          ; Clk         ; 1.000        ; 0.262      ; 2.165      ;
; -0.905 ; clk_div:inst4|cntDiv[1]  ; clk_div:inst4|cntDiv[18] ; Clk          ; Clk         ; 1.000        ; 0.262      ; 2.162      ;
; -0.902 ; clk_div:inst4|cntDiv[0]  ; clk_div:inst4|cntDiv[21] ; Clk          ; Clk         ; 1.000        ; 0.262      ; 2.159      ;
; -0.888 ; clk_div:inst4|cntDiv[14] ; clk_div:inst4|cntDiv[25] ; Clk          ; Clk         ; 1.000        ; -0.055     ; 1.828      ;
; -0.887 ; clk_div:inst4|cntDiv[0]  ; clk_div:inst4|cntDiv[14] ; Clk          ; Clk         ; 1.000        ; -0.052     ; 1.830      ;
; -0.884 ; clk_div:inst4|cntDiv[2]  ; clk_div:inst4|cntDiv[13] ; Clk          ; Clk         ; 1.000        ; -0.052     ; 1.827      ;
; -0.873 ; clk_div:inst4|cntDiv[5]  ; clk_div:inst4|cntDiv[24] ; Clk          ; Clk         ; 1.000        ; 0.262      ; 2.130      ;
; -0.873 ; clk_div:inst4|cntDiv[6]  ; clk_div:inst4|cntDiv[23] ; Clk          ; Clk         ; 1.000        ; 0.262      ; 2.130      ;
; -0.873 ; clk_div:inst4|cntDiv[4]  ; clk_div:inst4|cntDiv[21] ; Clk          ; Clk         ; 1.000        ; 0.262      ; 2.130      ;
; -0.873 ; clk_div:inst4|cntDiv[0]  ; clk_div:inst4|cntDiv[20] ; Clk          ; Clk         ; 1.000        ; 0.262      ; 2.130      ;
; -0.870 ; clk_div:inst4|cntDiv[2]  ; clk_div:inst4|cntDiv[19] ; Clk          ; Clk         ; 1.000        ; 0.262      ; 2.127      ;
; -0.869 ; clk_div:inst4|cntDiv[3]  ; clk_div:inst4|cntDiv[22] ; Clk          ; Clk         ; 1.000        ; 0.262      ; 2.126      ;
; -0.866 ; clk_div:inst4|cntDiv[2]  ; clk_div:inst4|cntDiv[14] ; Clk          ; Clk         ; 1.000        ; -0.052     ; 1.809      ;
; -0.855 ; clk_div:inst4|cntDiv[6]  ; clk_div:inst4|cntDiv[24] ; Clk          ; Clk         ; 1.000        ; 0.262      ; 2.112      ;
; -0.855 ; clk_div:inst4|cntDiv[4]  ; clk_div:inst4|cntDiv[22] ; Clk          ; Clk         ; 1.000        ; 0.262      ; 2.112      ;
; -0.852 ; clk_div:inst4|cntDiv[19] ; clk_div:inst4|cntDiv[25] ; Clk          ; Clk         ; 1.000        ; -0.381     ; 1.466      ;
; -0.852 ; clk_div:inst4|cntDiv[2]  ; clk_div:inst4|cntDiv[20] ; Clk          ; Clk         ; 1.000        ; 0.262      ; 2.109      ;
; -0.835 ; clk_div:inst4|cntDiv[1]  ; clk_div:inst4|cntDiv[11] ; Clk          ; Clk         ; 1.000        ; -0.054     ; 1.776      ;
; -0.821 ; clk_div:inst4|cntDiv[1]  ; clk_div:inst4|cntDiv[10] ; Clk          ; Clk         ; 1.000        ; -0.054     ; 1.762      ;
; -0.819 ; clk_div:inst4|cntDiv[1]  ; clk_div:inst4|cntDiv[17] ; Clk          ; Clk         ; 1.000        ; 0.262      ; 2.076      ;
; -0.818 ; clk_div:inst4|cntDiv[22] ; clk_div:inst4|cntDiv[25] ; Clk          ; Clk         ; 1.000        ; -0.381     ; 1.432      ;
; -0.818 ; clk_div:inst4|cntDiv[13] ; clk_div:inst4|cntDiv[25] ; Clk          ; Clk         ; 1.000        ; -0.055     ; 1.758      ;
; -0.816 ; clk_div:inst4|cntDiv[0]  ; clk_div:inst4|cntDiv[13] ; Clk          ; Clk         ; 1.000        ; -0.052     ; 1.759      ;
; -0.808 ; clk_div:inst4|cntDiv[3]  ; clk_div:inst4|cntDiv[21] ; Clk          ; Clk         ; 1.000        ; 0.262      ; 2.065      ;
; -0.805 ; clk_div:inst4|cntDiv[1]  ; clk_div:inst4|cntDiv[16] ; Clk          ; Clk         ; 1.000        ; 0.262      ; 2.062      ;
; -0.803 ; clk_div:inst4|cntDiv[5]  ; clk_div:inst4|cntDiv[23] ; Clk          ; Clk         ; 1.000        ; 0.262      ; 2.060      ;
; -0.802 ; clk_div:inst4|cntDiv[0]  ; clk_div:inst4|cntDiv[19] ; Clk          ; Clk         ; 1.000        ; 0.262      ; 2.059      ;
; -0.789 ; clk_div:inst4|cntDiv[0]  ; clk_div:inst4|cntDiv[12] ; Clk          ; Clk         ; 1.000        ; -0.054     ; 1.730      ;
; -0.787 ; clk_div:inst4|cntDiv[4]  ; clk_div:inst4|cntDiv[13] ; Clk          ; Clk         ; 1.000        ; -0.052     ; 1.730      ;
; -0.786 ; clk_div:inst4|cntDiv[2]  ; clk_div:inst4|cntDiv[11] ; Clk          ; Clk         ; 1.000        ; -0.054     ; 1.727      ;
; -0.783 ; clk_div:inst4|cntDiv[3]  ; clk_div:inst4|cntDiv[14] ; Clk          ; Clk         ; 1.000        ; -0.052     ; 1.726      ;
; -0.773 ; clk_div:inst4|cntDiv[7]  ; clk_div:inst4|cntDiv[24] ; Clk          ; Clk         ; 1.000        ; 0.262      ; 2.030      ;
; -0.773 ; clk_div:inst4|cntDiv[5]  ; clk_div:inst4|cntDiv[22] ; Clk          ; Clk         ; 1.000        ; 0.262      ; 2.030      ;
; -0.773 ; clk_div:inst4|cntDiv[6]  ; clk_div:inst4|cntDiv[21] ; Clk          ; Clk         ; 1.000        ; 0.262      ; 2.030      ;
; -0.773 ; clk_div:inst4|cntDiv[4]  ; clk_div:inst4|cntDiv[19] ; Clk          ; Clk         ; 1.000        ; 0.262      ; 2.030      ;
; -0.773 ; clk_div:inst4|cntDiv[0]  ; clk_div:inst4|cntDiv[18] ; Clk          ; Clk         ; 1.000        ; 0.262      ; 2.030      ;
; -0.770 ; clk_div:inst4|cntDiv[2]  ; clk_div:inst4|cntDiv[17] ; Clk          ; Clk         ; 1.000        ; 0.262      ; 2.027      ;
; -0.769 ; clk_div:inst4|cntDiv[3]  ; clk_div:inst4|cntDiv[20] ; Clk          ; Clk         ; 1.000        ; 0.262      ; 2.026      ;
; -0.769 ; clk_div:inst4|cntDiv[4]  ; clk_div:inst4|cntDiv[14] ; Clk          ; Clk         ; 1.000        ; -0.052     ; 1.712      ;
; -0.768 ; clk_div:inst4|cntDiv[8]  ; clk_div:inst4|cntDiv[23] ; Clk          ; Clk         ; 1.000        ; 0.262      ; 2.025      ;
; -0.768 ; clk_div:inst4|cntDiv[2]  ; clk_div:inst4|cntDiv[12] ; Clk          ; Clk         ; 1.000        ; -0.054     ; 1.709      ;
; -0.755 ; clk_div:inst4|cntDiv[6]  ; clk_div:inst4|cntDiv[22] ; Clk          ; Clk         ; 1.000        ; 0.262      ; 2.012      ;
; -0.755 ; clk_div:inst4|cntDiv[4]  ; clk_div:inst4|cntDiv[20] ; Clk          ; Clk         ; 1.000        ; 0.262      ; 2.012      ;
; -0.752 ; clk_div:inst4|cntDiv[2]  ; clk_div:inst4|cntDiv[18] ; Clk          ; Clk         ; 1.000        ; 0.262      ; 2.009      ;
; -0.750 ; clk_div:inst4|cntDiv[8]  ; clk_div:inst4|cntDiv[24] ; Clk          ; Clk         ; 1.000        ; 0.262      ; 2.007      ;
; -0.748 ; clk_div:inst4|cntDiv[21] ; clk_div:inst4|cntDiv[25] ; Clk          ; Clk         ; 1.000        ; -0.381     ; 1.362      ;
; -0.735 ; clk_div:inst4|cntDiv[1]  ; clk_div:inst4|cntDiv[9]  ; Clk          ; Clk         ; 1.000        ; -0.054     ; 1.676      ;
; -0.722 ; clk_div:inst4|cntDiv[3]  ; clk_div:inst4|cntDiv[13] ; Clk          ; Clk         ; 1.000        ; -0.052     ; 1.665      ;
; -0.721 ; clk_div:inst4|cntDiv[1]  ; clk_div:inst4|cntDiv[8]  ; Clk          ; Clk         ; 1.000        ; -0.054     ; 1.662      ;
; -0.719 ; clk_div:inst4|cntDiv[1]  ; clk_div:inst4|cntDiv[15] ; Clk          ; Clk         ; 1.000        ; 0.262      ; 1.976      ;
; -0.718 ; clk_div:inst4|cntDiv[0]  ; clk_div:inst4|cntDiv[11] ; Clk          ; Clk         ; 1.000        ; -0.054     ; 1.659      ;
; -0.713 ; clk_div:inst4|cntDiv[24] ; clk_div:inst4|cntDiv[25] ; Clk          ; Clk         ; 1.000        ; -0.381     ; 1.327      ;
; -0.708 ; clk_div:inst4|cntDiv[3]  ; clk_div:inst4|cntDiv[19] ; Clk          ; Clk         ; 1.000        ; 0.262      ; 1.965      ;
; -0.704 ; clk_div:inst4|cntDiv[7]  ; clk_div:inst4|cntDiv[23] ; Clk          ; Clk         ; 1.000        ; 0.262      ; 1.961      ;
; -0.703 ; clk_div:inst4|cntDiv[5]  ; clk_div:inst4|cntDiv[21] ; Clk          ; Clk         ; 1.000        ; 0.262      ; 1.960      ;
; -0.702 ; clk_div:inst4|cntDiv[0]  ; clk_div:inst4|cntDiv[17] ; Clk          ; Clk         ; 1.000        ; 0.262      ; 1.959      ;
; -0.701 ; clk_div:inst4|cntDiv[15] ; clk_div:inst4|cntDiv[24] ; Clk          ; Clk         ; 1.000        ; -0.067     ; 1.629      ;
; -0.697 ; clk_div:inst4|cntDiv[16] ; clk_div:inst4|cntDiv[23] ; Clk          ; Clk         ; 1.000        ; -0.067     ; 1.625      ;
; -0.689 ; clk_div:inst4|cntDiv[4]  ; clk_div:inst4|cntDiv[11] ; Clk          ; Clk         ; 1.000        ; -0.054     ; 1.630      ;
; -0.689 ; clk_div:inst4|cntDiv[0]  ; clk_div:inst4|cntDiv[10] ; Clk          ; Clk         ; 1.000        ; -0.054     ; 1.630      ;
; -0.687 ; clk_div:inst4|cntDiv[5]  ; clk_div:inst4|cntDiv[14] ; Clk          ; Clk         ; 1.000        ; -0.052     ; 1.630      ;
; -0.687 ; clk_div:inst4|cntDiv[6]  ; clk_div:inst4|cntDiv[13] ; Clk          ; Clk         ; 1.000        ; -0.052     ; 1.630      ;
; -0.686 ; clk_div:inst4|cntDiv[2]  ; clk_div:inst4|cntDiv[9]  ; Clk          ; Clk         ; 1.000        ; -0.054     ; 1.627      ;
+--------+--------------------------+--------------------------+--------------+-------------+--------------+------------+------------+


+----------------------------------------------------------------------------------------------------------------------------------------------------+
; Slow 1200mV 0C Model Setup: 'clk_div:inst4|cntDiv[25]'                                                                                             ;
+-------+----------------------+----------------------+--------------------------+--------------------------+--------------+------------+------------+
; Slack ; From Node            ; To Node              ; Launch Clock             ; Latch Clock              ; Relationship ; Clock Skew ; Data Delay ;
+-------+----------------------+----------------------+--------------------------+--------------------------+--------------+------------+------------+
; 0.284 ; cnt_4bit:inst7|inst3 ; cnt_4bit:inst7|inst2 ; clk_div:inst4|cntDiv[25] ; clk_div:inst4|cntDiv[25] ; 1.000        ; -0.055     ; 0.656      ;
; 0.293 ; cnt_4bit:inst7|inst2 ; cnt_4bit:inst7|inst3 ; clk_div:inst4|cntDiv[25] ; clk_div:inst4|cntDiv[25] ; 1.000        ; -0.055     ; 0.647      ;
; 0.293 ; cnt_4bit:inst7|inst3 ; cnt_4bit:inst7|inst  ; clk_div:inst4|cntDiv[25] ; clk_div:inst4|cntDiv[25] ; 1.000        ; -0.055     ; 0.647      ;
; 0.298 ; cnt_4bit:inst7|inst3 ; Reg_4bit:inst8|inst3 ; clk_div:inst4|cntDiv[25] ; clk_div:inst4|cntDiv[25] ; 1.000        ; -0.055     ; 0.642      ;
; 0.304 ; cnt_4bit:inst7|inst2 ; Reg_4bit:inst8|inst2 ; clk_div:inst4|cntDiv[25] ; clk_div:inst4|cntDiv[25] ; 1.000        ; -0.055     ; 0.636      ;
; 0.313 ; cnt_4bit:inst7|inst  ; Reg_4bit:inst8|inst  ; clk_div:inst4|cntDiv[25] ; clk_div:inst4|cntDiv[25] ; 1.000        ; -0.055     ; 0.627      ;
+-------+----------------------+----------------------+--------------------------+--------------------------+--------------+------------+------------+


+------------------------------------------------------------------------------------------------------------------------------------------------+
; Slow 1200mV 0C Model Hold: 'Clk'                                                                                                               ;
+--------+--------------------------+--------------------------+--------------------------+-------------+--------------+------------+------------+
; Slack  ; From Node                ; To Node                  ; Launch Clock             ; Latch Clock ; Relationship ; Clock Skew ; Data Delay ;
+--------+--------------------------+--------------------------+--------------------------+-------------+--------------+------------+------------+
; -0.052 ; clk_div:inst4|cntDiv[25] ; clk_div:inst4|cntDiv[25] ; clk_div:inst4|cntDiv[25] ; Clk         ; 0.000        ; 2.195      ; 2.497      ;
; 0.321  ; clk_div:inst4|cntDiv[0]  ; clk_div:inst4|cntDiv[0]  ; Clk                      ; Clk         ; 0.000        ; 0.054      ; 0.519      ;
; 0.414  ; clk_div:inst4|cntDiv[14] ; clk_div:inst4|cntDiv[15] ; Clk                      ; Clk         ; 0.000        ; 0.381      ; 0.939      ;
; 0.426  ; clk_div:inst4|cntDiv[13] ; clk_div:inst4|cntDiv[15] ; Clk                      ; Clk         ; 0.000        ; 0.381      ; 0.951      ;
; 0.474  ; clk_div:inst4|cntDiv[25] ; clk_div:inst4|cntDiv[25] ; clk_div:inst4|cntDiv[25] ; Clk         ; -0.500       ; 2.195      ; 2.523      ;
; 0.481  ; clk_div:inst4|cntDiv[16] ; clk_div:inst4|cntDiv[16] ; Clk                      ; Clk         ; 0.000        ; 0.067      ; 0.692      ;
; 0.482  ; clk_div:inst4|cntDiv[18] ; clk_div:inst4|cntDiv[18] ; Clk                      ; Clk         ; 0.000        ; 0.067      ; 0.693      ;
; 0.483  ; clk_div:inst4|cntDiv[19] ; clk_div:inst4|cntDiv[19] ; Clk                      ; Clk         ; 0.000        ; 0.067      ; 0.694      ;
; 0.483  ; clk_div:inst4|cntDiv[24] ; clk_div:inst4|cntDiv[24] ; Clk                      ; Clk         ; 0.000        ; 0.067      ; 0.694      ;
; 0.485  ; clk_div:inst4|cntDiv[20] ; clk_div:inst4|cntDiv[20] ; Clk                      ; Clk         ; 0.000        ; 0.067      ; 0.696      ;
; 0.485  ; clk_div:inst4|cntDiv[22] ; clk_div:inst4|cntDiv[22] ; Clk                      ; Clk         ; 0.000        ; 0.067      ; 0.696      ;
; 0.486  ; clk_div:inst4|cntDiv[15] ; clk_div:inst4|cntDiv[15] ; Clk                      ; Clk         ; 0.000        ; 0.067      ; 0.697      ;
; 0.487  ; clk_div:inst4|cntDiv[17] ; clk_div:inst4|cntDiv[17] ; Clk                      ; Clk         ; 0.000        ; 0.067      ; 0.698      ;
; 0.488  ; clk_div:inst4|cntDiv[21] ; clk_div:inst4|cntDiv[21] ; Clk                      ; Clk         ; 0.000        ; 0.067      ; 0.699      ;
; 0.488  ; clk_div:inst4|cntDiv[23] ; clk_div:inst4|cntDiv[23] ; Clk                      ; Clk         ; 0.000        ; 0.067      ; 0.699      ;
; 0.493  ; clk_div:inst4|cntDiv[10] ; clk_div:inst4|cntDiv[10] ; Clk                      ; Clk         ; 0.000        ; 0.054      ; 0.691      ;
; 0.493  ; clk_div:inst4|cntDiv[12] ; clk_div:inst4|cntDiv[12] ; Clk                      ; Clk         ; 0.000        ; 0.054      ; 0.691      ;
; 0.494  ; clk_div:inst4|cntDiv[8]  ; clk_div:inst4|cntDiv[8]  ; Clk                      ; Clk         ; 0.000        ; 0.054      ; 0.692      ;
; 0.495  ; clk_div:inst4|cntDiv[2]  ; clk_div:inst4|cntDiv[2]  ; Clk                      ; Clk         ; 0.000        ; 0.054      ; 0.693      ;
; 0.495  ; clk_div:inst4|cntDiv[14] ; clk_div:inst4|cntDiv[14] ; Clk                      ; Clk         ; 0.000        ; 0.055      ; 0.694      ;
; 0.496  ; clk_div:inst4|cntDiv[3]  ; clk_div:inst4|cntDiv[3]  ; Clk                      ; Clk         ; 0.000        ; 0.054      ; 0.694      ;
; 0.496  ; clk_div:inst4|cntDiv[13] ; clk_div:inst4|cntDiv[13] ; Clk                      ; Clk         ; 0.000        ; 0.055      ; 0.695      ;
; 0.497  ; clk_div:inst4|cntDiv[6]  ; clk_div:inst4|cntDiv[6]  ; Clk                      ; Clk         ; 0.000        ; 0.054      ; 0.695      ;
; 0.498  ; clk_div:inst4|cntDiv[4]  ; clk_div:inst4|cntDiv[4]  ; Clk                      ; Clk         ; 0.000        ; 0.054      ; 0.696      ;
; 0.498  ; clk_div:inst4|cntDiv[11] ; clk_div:inst4|cntDiv[11] ; Clk                      ; Clk         ; 0.000        ; 0.054      ; 0.696      ;
; 0.499  ; clk_div:inst4|cntDiv[9]  ; clk_div:inst4|cntDiv[9]  ; Clk                      ; Clk         ; 0.000        ; 0.054      ; 0.697      ;
; 0.500  ; clk_div:inst4|cntDiv[5]  ; clk_div:inst4|cntDiv[5]  ; Clk                      ; Clk         ; 0.000        ; 0.054      ; 0.698      ;
; 0.500  ; clk_div:inst4|cntDiv[7]  ; clk_div:inst4|cntDiv[7]  ; Clk                      ; Clk         ; 0.000        ; 0.054      ; 0.698      ;
; 0.503  ; clk_div:inst4|cntDiv[14] ; clk_div:inst4|cntDiv[16] ; Clk                      ; Clk         ; 0.000        ; 0.381      ; 1.028      ;
; 0.504  ; clk_div:inst4|cntDiv[12] ; clk_div:inst4|cntDiv[15] ; Clk                      ; Clk         ; 0.000        ; 0.383      ; 1.031      ;
; 0.509  ; clk_div:inst4|cntDiv[0]  ; clk_div:inst4|cntDiv[1]  ; Clk                      ; Clk         ; 0.000        ; 0.054      ; 0.707      ;
; 0.510  ; clk_div:inst4|cntDiv[14] ; clk_div:inst4|cntDiv[17] ; Clk                      ; Clk         ; 0.000        ; 0.381      ; 1.035      ;
; 0.515  ; clk_div:inst4|cntDiv[13] ; clk_div:inst4|cntDiv[16] ; Clk                      ; Clk         ; 0.000        ; 0.381      ; 1.040      ;
; 0.521  ; clk_div:inst4|cntDiv[11] ; clk_div:inst4|cntDiv[15] ; Clk                      ; Clk         ; 0.000        ; 0.383      ; 1.048      ;
; 0.522  ; clk_div:inst4|cntDiv[13] ; clk_div:inst4|cntDiv[17] ; Clk                      ; Clk         ; 0.000        ; 0.381      ; 1.047      ;
; 0.593  ; clk_div:inst4|cntDiv[12] ; clk_div:inst4|cntDiv[16] ; Clk                      ; Clk         ; 0.000        ; 0.383      ; 1.120      ;
; 0.599  ; clk_div:inst4|cntDiv[14] ; clk_div:inst4|cntDiv[18] ; Clk                      ; Clk         ; 0.000        ; 0.381      ; 1.124      ;
; 0.600  ; clk_div:inst4|cntDiv[10] ; clk_div:inst4|cntDiv[15] ; Clk                      ; Clk         ; 0.000        ; 0.383      ; 1.127      ;
; 0.600  ; clk_div:inst4|cntDiv[12] ; clk_div:inst4|cntDiv[17] ; Clk                      ; Clk         ; 0.000        ; 0.383      ; 1.127      ;
; 0.606  ; clk_div:inst4|cntDiv[14] ; clk_div:inst4|cntDiv[19] ; Clk                      ; Clk         ; 0.000        ; 0.381      ; 1.131      ;
; 0.610  ; clk_div:inst4|cntDiv[11] ; clk_div:inst4|cntDiv[16] ; Clk                      ; Clk         ; 0.000        ; 0.383      ; 1.137      ;
; 0.611  ; clk_div:inst4|cntDiv[13] ; clk_div:inst4|cntDiv[18] ; Clk                      ; Clk         ; 0.000        ; 0.381      ; 1.136      ;
; 0.617  ; clk_div:inst4|cntDiv[11] ; clk_div:inst4|cntDiv[17] ; Clk                      ; Clk         ; 0.000        ; 0.383      ; 1.144      ;
; 0.618  ; clk_div:inst4|cntDiv[9]  ; clk_div:inst4|cntDiv[15] ; Clk                      ; Clk         ; 0.000        ; 0.383      ; 1.145      ;
; 0.618  ; clk_div:inst4|cntDiv[13] ; clk_div:inst4|cntDiv[19] ; Clk                      ; Clk         ; 0.000        ; 0.381      ; 1.143      ;
; 0.640  ; clk_div:inst4|cntDiv[1]  ; clk_div:inst4|cntDiv[1]  ; Clk                      ; Clk         ; 0.000        ; 0.054      ; 0.838      ;
; 0.689  ; clk_div:inst4|cntDiv[10] ; clk_div:inst4|cntDiv[16] ; Clk                      ; Clk         ; 0.000        ; 0.383      ; 1.216      ;
; 0.689  ; clk_div:inst4|cntDiv[12] ; clk_div:inst4|cntDiv[18] ; Clk                      ; Clk         ; 0.000        ; 0.383      ; 1.216      ;
; 0.695  ; clk_div:inst4|cntDiv[14] ; clk_div:inst4|cntDiv[20] ; Clk                      ; Clk         ; 0.000        ; 0.381      ; 1.220      ;
; 0.696  ; clk_div:inst4|cntDiv[10] ; clk_div:inst4|cntDiv[17] ; Clk                      ; Clk         ; 0.000        ; 0.383      ; 1.223      ;
; 0.696  ; clk_div:inst4|cntDiv[12] ; clk_div:inst4|cntDiv[19] ; Clk                      ; Clk         ; 0.000        ; 0.383      ; 1.223      ;
; 0.697  ; clk_div:inst4|cntDiv[8]  ; clk_div:inst4|cntDiv[15] ; Clk                      ; Clk         ; 0.000        ; 0.383      ; 1.224      ;
; 0.702  ; clk_div:inst4|cntDiv[14] ; clk_div:inst4|cntDiv[21] ; Clk                      ; Clk         ; 0.000        ; 0.381      ; 1.227      ;
; 0.706  ; clk_div:inst4|cntDiv[11] ; clk_div:inst4|cntDiv[18] ; Clk                      ; Clk         ; 0.000        ; 0.383      ; 1.233      ;
; 0.707  ; clk_div:inst4|cntDiv[9]  ; clk_div:inst4|cntDiv[16] ; Clk                      ; Clk         ; 0.000        ; 0.383      ; 1.234      ;
; 0.707  ; clk_div:inst4|cntDiv[13] ; clk_div:inst4|cntDiv[20] ; Clk                      ; Clk         ; 0.000        ; 0.381      ; 1.232      ;
; 0.713  ; clk_div:inst4|cntDiv[11] ; clk_div:inst4|cntDiv[19] ; Clk                      ; Clk         ; 0.000        ; 0.383      ; 1.240      ;
; 0.714  ; clk_div:inst4|cntDiv[9]  ; clk_div:inst4|cntDiv[17] ; Clk                      ; Clk         ; 0.000        ; 0.383      ; 1.241      ;
; 0.714  ; clk_div:inst4|cntDiv[13] ; clk_div:inst4|cntDiv[21] ; Clk                      ; Clk         ; 0.000        ; 0.381      ; 1.239      ;
; 0.715  ; clk_div:inst4|cntDiv[7]  ; clk_div:inst4|cntDiv[15] ; Clk                      ; Clk         ; 0.000        ; 0.383      ; 1.242      ;
; 0.725  ; clk_div:inst4|cntDiv[16] ; clk_div:inst4|cntDiv[17] ; Clk                      ; Clk         ; 0.000        ; 0.067      ; 0.936      ;
; 0.726  ; clk_div:inst4|cntDiv[18] ; clk_div:inst4|cntDiv[19] ; Clk                      ; Clk         ; 0.000        ; 0.067      ; 0.937      ;
; 0.730  ; clk_div:inst4|cntDiv[22] ; clk_div:inst4|cntDiv[23] ; Clk                      ; Clk         ; 0.000        ; 0.067      ; 0.941      ;
; 0.730  ; clk_div:inst4|cntDiv[20] ; clk_div:inst4|cntDiv[21] ; Clk                      ; Clk         ; 0.000        ; 0.067      ; 0.941      ;
; 0.732  ; clk_div:inst4|cntDiv[19] ; clk_div:inst4|cntDiv[20] ; Clk                      ; Clk         ; 0.000        ; 0.067      ; 0.943      ;
; 0.734  ; clk_div:inst4|cntDiv[12] ; clk_div:inst4|cntDiv[13] ; Clk                      ; Clk         ; 0.000        ; 0.057      ; 0.935      ;
; 0.735  ; clk_div:inst4|cntDiv[15] ; clk_div:inst4|cntDiv[16] ; Clk                      ; Clk         ; 0.000        ; 0.067      ; 0.946      ;
; 0.736  ; clk_div:inst4|cntDiv[17] ; clk_div:inst4|cntDiv[18] ; Clk                      ; Clk         ; 0.000        ; 0.067      ; 0.947      ;
; 0.737  ; clk_div:inst4|cntDiv[10] ; clk_div:inst4|cntDiv[11] ; Clk                      ; Clk         ; 0.000        ; 0.054      ; 0.935      ;
; 0.737  ; clk_div:inst4|cntDiv[23] ; clk_div:inst4|cntDiv[24] ; Clk                      ; Clk         ; 0.000        ; 0.067      ; 0.948      ;
; 0.737  ; clk_div:inst4|cntDiv[21] ; clk_div:inst4|cntDiv[22] ; Clk                      ; Clk         ; 0.000        ; 0.067      ; 0.948      ;
; 0.738  ; clk_div:inst4|cntDiv[8]  ; clk_div:inst4|cntDiv[9]  ; Clk                      ; Clk         ; 0.000        ; 0.054      ; 0.936      ;
; 0.739  ; clk_div:inst4|cntDiv[2]  ; clk_div:inst4|cntDiv[3]  ; Clk                      ; Clk         ; 0.000        ; 0.054      ; 0.937      ;
; 0.739  ; clk_div:inst4|cntDiv[19] ; clk_div:inst4|cntDiv[21] ; Clk                      ; Clk         ; 0.000        ; 0.067      ; 0.950      ;
; 0.742  ; clk_div:inst4|cntDiv[6]  ; clk_div:inst4|cntDiv[7]  ; Clk                      ; Clk         ; 0.000        ; 0.054      ; 0.940      ;
; 0.742  ; clk_div:inst4|cntDiv[15] ; clk_div:inst4|cntDiv[17] ; Clk                      ; Clk         ; 0.000        ; 0.067      ; 0.953      ;
; 0.743  ; clk_div:inst4|cntDiv[4]  ; clk_div:inst4|cntDiv[5]  ; Clk                      ; Clk         ; 0.000        ; 0.054      ; 0.941      ;
; 0.743  ; clk_div:inst4|cntDiv[17] ; clk_div:inst4|cntDiv[19] ; Clk                      ; Clk         ; 0.000        ; 0.067      ; 0.954      ;
; 0.744  ; clk_div:inst4|cntDiv[21] ; clk_div:inst4|cntDiv[23] ; Clk                      ; Clk         ; 0.000        ; 0.067      ; 0.955      ;
; 0.745  ; clk_div:inst4|cntDiv[13] ; clk_div:inst4|cntDiv[14] ; Clk                      ; Clk         ; 0.000        ; 0.055      ; 0.944      ;
; 0.745  ; clk_div:inst4|cntDiv[3]  ; clk_div:inst4|cntDiv[4]  ; Clk                      ; Clk         ; 0.000        ; 0.054      ; 0.943      ;
; 0.747  ; clk_div:inst4|cntDiv[11] ; clk_div:inst4|cntDiv[12] ; Clk                      ; Clk         ; 0.000        ; 0.054      ; 0.945      ;
; 0.748  ; clk_div:inst4|cntDiv[9]  ; clk_div:inst4|cntDiv[10] ; Clk                      ; Clk         ; 0.000        ; 0.054      ; 0.946      ;
; 0.748  ; clk_div:inst4|cntDiv[0]  ; clk_div:inst4|cntDiv[2]  ; Clk                      ; Clk         ; 0.000        ; 0.054      ; 0.946      ;
; 0.749  ; clk_div:inst4|cntDiv[7]  ; clk_div:inst4|cntDiv[8]  ; Clk                      ; Clk         ; 0.000        ; 0.054      ; 0.947      ;
; 0.749  ; clk_div:inst4|cntDiv[5]  ; clk_div:inst4|cntDiv[6]  ; Clk                      ; Clk         ; 0.000        ; 0.054      ; 0.947      ;
; 0.751  ; clk_div:inst4|cntDiv[11] ; clk_div:inst4|cntDiv[13] ; Clk                      ; Clk         ; 0.000        ; 0.057      ; 0.952      ;
; 0.752  ; clk_div:inst4|cntDiv[3]  ; clk_div:inst4|cntDiv[5]  ; Clk                      ; Clk         ; 0.000        ; 0.054      ; 0.950      ;
; 0.755  ; clk_div:inst4|cntDiv[9]  ; clk_div:inst4|cntDiv[11] ; Clk                      ; Clk         ; 0.000        ; 0.054      ; 0.953      ;
; 0.755  ; clk_div:inst4|cntDiv[0]  ; clk_div:inst4|cntDiv[3]  ; Clk                      ; Clk         ; 0.000        ; 0.054      ; 0.953      ;
; 0.756  ; clk_div:inst4|cntDiv[7]  ; clk_div:inst4|cntDiv[9]  ; Clk                      ; Clk         ; 0.000        ; 0.054      ; 0.954      ;
; 0.756  ; clk_div:inst4|cntDiv[5]  ; clk_div:inst4|cntDiv[7]  ; Clk                      ; Clk         ; 0.000        ; 0.054      ; 0.954      ;
; 0.785  ; clk_div:inst4|cntDiv[10] ; clk_div:inst4|cntDiv[18] ; Clk                      ; Clk         ; 0.000        ; 0.383      ; 1.312      ;
; 0.785  ; clk_div:inst4|cntDiv[12] ; clk_div:inst4|cntDiv[20] ; Clk                      ; Clk         ; 0.000        ; 0.383      ; 1.312      ;
; 0.786  ; clk_div:inst4|cntDiv[8]  ; clk_div:inst4|cntDiv[16] ; Clk                      ; Clk         ; 0.000        ; 0.383      ; 1.313      ;
; 0.791  ; clk_div:inst4|cntDiv[14] ; clk_div:inst4|cntDiv[22] ; Clk                      ; Clk         ; 0.000        ; 0.381      ; 1.316      ;
; 0.792  ; clk_div:inst4|cntDiv[10] ; clk_div:inst4|cntDiv[19] ; Clk                      ; Clk         ; 0.000        ; 0.383      ; 1.319      ;
; 0.792  ; clk_div:inst4|cntDiv[12] ; clk_div:inst4|cntDiv[21] ; Clk                      ; Clk         ; 0.000        ; 0.383      ; 1.319      ;
; 0.793  ; clk_div:inst4|cntDiv[8]  ; clk_div:inst4|cntDiv[17] ; Clk                      ; Clk         ; 0.000        ; 0.383      ; 1.320      ;
; 0.797  ; clk_div:inst4|cntDiv[6]  ; clk_div:inst4|cntDiv[15] ; Clk                      ; Clk         ; 0.000        ; 0.383      ; 1.324      ;
+--------+--------------------------+--------------------------+--------------------------+-------------+--------------+------------+------------+


+----------------------------------------------------------------------------------------------------------------------------------------------------+
; Slow 1200mV 0C Model Hold: 'clk_div:inst4|cntDiv[25]'                                                                                              ;
+-------+----------------------+----------------------+--------------------------+--------------------------+--------------+------------+------------+
; Slack ; From Node            ; To Node              ; Launch Clock             ; Latch Clock              ; Relationship ; Clock Skew ; Data Delay ;
+-------+----------------------+----------------------+--------------------------+--------------------------+--------------+------------+------------+
; 0.354 ; cnt_4bit:inst7|inst2 ; cnt_4bit:inst7|inst3 ; clk_div:inst4|cntDiv[25] ; clk_div:inst4|cntDiv[25] ; 0.000        ; 0.055      ; 0.553      ;
; 0.356 ; cnt_4bit:inst7|inst  ; Reg_4bit:inst8|inst  ; clk_div:inst4|cntDiv[25] ; clk_div:inst4|cntDiv[25] ; 0.000        ; 0.055      ; 0.555      ;
; 0.361 ; cnt_4bit:inst7|inst3 ; cnt_4bit:inst7|inst2 ; clk_div:inst4|cntDiv[25] ; clk_div:inst4|cntDiv[25] ; 0.000        ; 0.055      ; 0.560      ;
; 0.362 ; cnt_4bit:inst7|inst2 ; Reg_4bit:inst8|inst2 ; clk_div:inst4|cntDiv[25] ; clk_div:inst4|cntDiv[25] ; 0.000        ; 0.055      ; 0.561      ;
; 0.368 ; cnt_4bit:inst7|inst3 ; Reg_4bit:inst8|inst3 ; clk_div:inst4|cntDiv[25] ; clk_div:inst4|cntDiv[25] ; 0.000        ; 0.055      ; 0.567      ;
; 0.370 ; cnt_4bit:inst7|inst3 ; cnt_4bit:inst7|inst  ; clk_div:inst4|cntDiv[25] ; clk_div:inst4|cntDiv[25] ; 0.000        ; 0.055      ; 0.569      ;
+-------+----------------------+----------------------+--------------------------+--------------------------+--------------+------------+------------+


+------------------------------------------------------------------------------------------------------------+
; Slow 1200mV 0C Model Minimum Pulse Width: 'Clk'                                                            ;
+--------+--------------+----------------+------------------+-------+------------+---------------------------+
; Slack  ; Actual Width ; Required Width ; Type             ; Clock ; Clock Edge ; Target                    ;
+--------+--------------+----------------+------------------+-------+------------+---------------------------+
; -3.000 ; 1.000        ; 4.000          ; Port Rate        ; Clk   ; Rise       ; Clk                       ;
; -1.000 ; 1.000        ; 2.000          ; Min Period       ; Clk   ; Rise       ; clk_div:inst4|cntDiv[0]   ;
; -1.000 ; 1.000        ; 2.000          ; Min Period       ; Clk   ; Rise       ; clk_div:inst4|cntDiv[10]  ;
; -1.000 ; 1.000        ; 2.000          ; Min Period       ; Clk   ; Rise       ; clk_div:inst4|cntDiv[11]  ;
; -1.000 ; 1.000        ; 2.000          ; Min Period       ; Clk   ; Rise       ; clk_div:inst4|cntDiv[12]  ;
; -1.000 ; 1.000        ; 2.000          ; Min Period       ; Clk   ; Rise       ; clk_div:inst4|cntDiv[13]  ;
; -1.000 ; 1.000        ; 2.000          ; Min Period       ; Clk   ; Rise       ; clk_div:inst4|cntDiv[14]  ;
; -1.000 ; 1.000        ; 2.000          ; Min Period       ; Clk   ; Rise       ; clk_div:inst4|cntDiv[15]  ;
; -1.000 ; 1.000        ; 2.000          ; Min Period       ; Clk   ; Rise       ; clk_div:inst4|cntDiv[16]  ;
; -1.000 ; 1.000        ; 2.000          ; Min Period       ; Clk   ; Rise       ; clk_div:inst4|cntDiv[17]  ;
; -1.000 ; 1.000        ; 2.000          ; Min Period       ; Clk   ; Rise       ; clk_div:inst4|cntDiv[18]  ;
; -1.000 ; 1.000        ; 2.000          ; Min Period       ; Clk   ; Rise       ; clk_div:inst4|cntDiv[19]  ;
; -1.000 ; 1.000        ; 2.000          ; Min Period       ; Clk   ; Rise       ; clk_div:inst4|cntDiv[1]   ;
; -1.000 ; 1.000        ; 2.000          ; Min Period       ; Clk   ; Rise       ; clk_div:inst4|cntDiv[20]  ;
; -1.000 ; 1.000        ; 2.000          ; Min Period       ; Clk   ; Rise       ; clk_div:inst4|cntDiv[21]  ;
; -1.000 ; 1.000        ; 2.000          ; Min Period       ; Clk   ; Rise       ; clk_div:inst4|cntDiv[22]  ;
; -1.000 ; 1.000        ; 2.000          ; Min Period       ; Clk   ; Rise       ; clk_div:inst4|cntDiv[23]  ;
; -1.000 ; 1.000        ; 2.000          ; Min Period       ; Clk   ; Rise       ; clk_div:inst4|cntDiv[24]  ;
; -1.000 ; 1.000        ; 2.000          ; Min Period       ; Clk   ; Rise       ; clk_div:inst4|cntDiv[25]  ;
; -1.000 ; 1.000        ; 2.000          ; Min Period       ; Clk   ; Rise       ; clk_div:inst4|cntDiv[2]   ;
; -1.000 ; 1.000        ; 2.000          ; Min Period       ; Clk   ; Rise       ; clk_div:inst4|cntDiv[3]   ;
; -1.000 ; 1.000        ; 2.000          ; Min Period       ; Clk   ; Rise       ; clk_div:inst4|cntDiv[4]   ;
; -1.000 ; 1.000        ; 2.000          ; Min Period       ; Clk   ; Rise       ; clk_div:inst4|cntDiv[5]   ;
; -1.000 ; 1.000        ; 2.000          ; Min Period       ; Clk   ; Rise       ; clk_div:inst4|cntDiv[6]   ;
; -1.000 ; 1.000        ; 2.000          ; Min Period       ; Clk   ; Rise       ; clk_div:inst4|cntDiv[7]   ;
; -1.000 ; 1.000        ; 2.000          ; Min Period       ; Clk   ; Rise       ; clk_div:inst4|cntDiv[8]   ;
; -1.000 ; 1.000        ; 2.000          ; Min Period       ; Clk   ; Rise       ; clk_div:inst4|cntDiv[9]   ;
; 0.180  ; 0.364        ; 0.184          ; Low Pulse Width  ; Clk   ; Rise       ; clk_div:inst4|cntDiv[15]  ;
; 0.180  ; 0.364        ; 0.184          ; Low Pulse Width  ; Clk   ; Rise       ; clk_div:inst4|cntDiv[16]  ;
; 0.180  ; 0.364        ; 0.184          ; Low Pulse Width  ; Clk   ; Rise       ; clk_div:inst4|cntDiv[17]  ;
; 0.180  ; 0.364        ; 0.184          ; Low Pulse Width  ; Clk   ; Rise       ; clk_div:inst4|cntDiv[18]  ;
; 0.180  ; 0.364        ; 0.184          ; Low Pulse Width  ; Clk   ; Rise       ; clk_div:inst4|cntDiv[19]  ;
; 0.180  ; 0.364        ; 0.184          ; Low Pulse Width  ; Clk   ; Rise       ; clk_div:inst4|cntDiv[20]  ;
; 0.180  ; 0.364        ; 0.184          ; Low Pulse Width  ; Clk   ; Rise       ; clk_div:inst4|cntDiv[21]  ;
; 0.180  ; 0.364        ; 0.184          ; Low Pulse Width  ; Clk   ; Rise       ; clk_div:inst4|cntDiv[22]  ;
; 0.180  ; 0.364        ; 0.184          ; Low Pulse Width  ; Clk   ; Rise       ; clk_div:inst4|cntDiv[23]  ;
; 0.180  ; 0.364        ; 0.184          ; Low Pulse Width  ; Clk   ; Rise       ; clk_div:inst4|cntDiv[24]  ;
; 0.183  ; 0.367        ; 0.184          ; Low Pulse Width  ; Clk   ; Rise       ; clk_div:inst4|cntDiv[13]  ;
; 0.183  ; 0.367        ; 0.184          ; Low Pulse Width  ; Clk   ; Rise       ; clk_div:inst4|cntDiv[14]  ;
; 0.183  ; 0.367        ; 0.184          ; Low Pulse Width  ; Clk   ; Rise       ; clk_div:inst4|cntDiv[25]  ;
; 0.184  ; 0.368        ; 0.184          ; Low Pulse Width  ; Clk   ; Rise       ; clk_div:inst4|cntDiv[0]   ;
; 0.184  ; 0.368        ; 0.184          ; Low Pulse Width  ; Clk   ; Rise       ; clk_div:inst4|cntDiv[10]  ;
; 0.184  ; 0.368        ; 0.184          ; Low Pulse Width  ; Clk   ; Rise       ; clk_div:inst4|cntDiv[11]  ;
; 0.184  ; 0.368        ; 0.184          ; Low Pulse Width  ; Clk   ; Rise       ; clk_div:inst4|cntDiv[12]  ;
; 0.184  ; 0.368        ; 0.184          ; Low Pulse Width  ; Clk   ; Rise       ; clk_div:inst4|cntDiv[1]   ;
; 0.184  ; 0.368        ; 0.184          ; Low Pulse Width  ; Clk   ; Rise       ; clk_div:inst4|cntDiv[2]   ;
; 0.184  ; 0.368        ; 0.184          ; Low Pulse Width  ; Clk   ; Rise       ; clk_div:inst4|cntDiv[3]   ;
; 0.184  ; 0.368        ; 0.184          ; Low Pulse Width  ; Clk   ; Rise       ; clk_div:inst4|cntDiv[4]   ;
; 0.184  ; 0.368        ; 0.184          ; Low Pulse Width  ; Clk   ; Rise       ; clk_div:inst4|cntDiv[5]   ;
; 0.184  ; 0.368        ; 0.184          ; Low Pulse Width  ; Clk   ; Rise       ; clk_div:inst4|cntDiv[6]   ;
; 0.184  ; 0.368        ; 0.184          ; Low Pulse Width  ; Clk   ; Rise       ; clk_div:inst4|cntDiv[7]   ;
; 0.184  ; 0.368        ; 0.184          ; Low Pulse Width  ; Clk   ; Rise       ; clk_div:inst4|cntDiv[8]   ;
; 0.184  ; 0.368        ; 0.184          ; Low Pulse Width  ; Clk   ; Rise       ; clk_div:inst4|cntDiv[9]   ;
; 0.339  ; 0.339        ; 0.000          ; Low Pulse Width  ; Clk   ; Rise       ; Clk~input|o               ;
; 0.340  ; 0.340        ; 0.000          ; Low Pulse Width  ; Clk   ; Rise       ; inst4|cntDiv[15]|clk      ;
; 0.340  ; 0.340        ; 0.000          ; Low Pulse Width  ; Clk   ; Rise       ; inst4|cntDiv[16]|clk      ;
; 0.340  ; 0.340        ; 0.000          ; Low Pulse Width  ; Clk   ; Rise       ; inst4|cntDiv[17]|clk      ;
; 0.340  ; 0.340        ; 0.000          ; Low Pulse Width  ; Clk   ; Rise       ; inst4|cntDiv[18]|clk      ;
; 0.340  ; 0.340        ; 0.000          ; Low Pulse Width  ; Clk   ; Rise       ; inst4|cntDiv[19]|clk      ;
; 0.340  ; 0.340        ; 0.000          ; Low Pulse Width  ; Clk   ; Rise       ; inst4|cntDiv[20]|clk      ;
; 0.340  ; 0.340        ; 0.000          ; Low Pulse Width  ; Clk   ; Rise       ; inst4|cntDiv[21]|clk      ;
; 0.340  ; 0.340        ; 0.000          ; Low Pulse Width  ; Clk   ; Rise       ; inst4|cntDiv[22]|clk      ;
; 0.340  ; 0.340        ; 0.000          ; Low Pulse Width  ; Clk   ; Rise       ; inst4|cntDiv[23]|clk      ;
; 0.340  ; 0.340        ; 0.000          ; Low Pulse Width  ; Clk   ; Rise       ; inst4|cntDiv[24]|clk      ;
; 0.343  ; 0.343        ; 0.000          ; Low Pulse Width  ; Clk   ; Rise       ; inst4|cntDiv[13]|clk      ;
; 0.343  ; 0.343        ; 0.000          ; Low Pulse Width  ; Clk   ; Rise       ; inst4|cntDiv[14]|clk      ;
; 0.343  ; 0.343        ; 0.000          ; Low Pulse Width  ; Clk   ; Rise       ; inst4|cntDiv[25]|clk      ;
; 0.344  ; 0.344        ; 0.000          ; Low Pulse Width  ; Clk   ; Rise       ; inst4|cntDiv[0]|clk       ;
; 0.344  ; 0.344        ; 0.000          ; Low Pulse Width  ; Clk   ; Rise       ; inst4|cntDiv[10]|clk      ;
; 0.344  ; 0.344        ; 0.000          ; Low Pulse Width  ; Clk   ; Rise       ; inst4|cntDiv[11]|clk      ;
; 0.344  ; 0.344        ; 0.000          ; Low Pulse Width  ; Clk   ; Rise       ; inst4|cntDiv[12]|clk      ;
; 0.344  ; 0.344        ; 0.000          ; Low Pulse Width  ; Clk   ; Rise       ; inst4|cntDiv[1]|clk       ;
; 0.344  ; 0.344        ; 0.000          ; Low Pulse Width  ; Clk   ; Rise       ; inst4|cntDiv[2]|clk       ;
; 0.344  ; 0.344        ; 0.000          ; Low Pulse Width  ; Clk   ; Rise       ; inst4|cntDiv[3]|clk       ;
; 0.344  ; 0.344        ; 0.000          ; Low Pulse Width  ; Clk   ; Rise       ; inst4|cntDiv[4]|clk       ;
; 0.344  ; 0.344        ; 0.000          ; Low Pulse Width  ; Clk   ; Rise       ; inst4|cntDiv[5]|clk       ;
; 0.344  ; 0.344        ; 0.000          ; Low Pulse Width  ; Clk   ; Rise       ; inst4|cntDiv[6]|clk       ;
; 0.344  ; 0.344        ; 0.000          ; Low Pulse Width  ; Clk   ; Rise       ; inst4|cntDiv[7]|clk       ;
; 0.344  ; 0.344        ; 0.000          ; Low Pulse Width  ; Clk   ; Rise       ; inst4|cntDiv[8]|clk       ;
; 0.344  ; 0.344        ; 0.000          ; Low Pulse Width  ; Clk   ; Rise       ; inst4|cntDiv[9]|clk       ;
; 0.348  ; 0.348        ; 0.000          ; Low Pulse Width  ; Clk   ; Rise       ; Clk~inputclkctrl|inclk[0] ;
; 0.348  ; 0.348        ; 0.000          ; Low Pulse Width  ; Clk   ; Rise       ; Clk~inputclkctrl|outclk   ;
; 0.416  ; 0.632        ; 0.216          ; High Pulse Width ; Clk   ; Rise       ; clk_div:inst4|cntDiv[0]   ;
; 0.416  ; 0.632        ; 0.216          ; High Pulse Width ; Clk   ; Rise       ; clk_div:inst4|cntDiv[10]  ;
; 0.416  ; 0.632        ; 0.216          ; High Pulse Width ; Clk   ; Rise       ; clk_div:inst4|cntDiv[11]  ;
; 0.416  ; 0.632        ; 0.216          ; High Pulse Width ; Clk   ; Rise       ; clk_div:inst4|cntDiv[12]  ;
; 0.416  ; 0.632        ; 0.216          ; High Pulse Width ; Clk   ; Rise       ; clk_div:inst4|cntDiv[13]  ;
; 0.416  ; 0.632        ; 0.216          ; High Pulse Width ; Clk   ; Rise       ; clk_div:inst4|cntDiv[14]  ;
; 0.416  ; 0.632        ; 0.216          ; High Pulse Width ; Clk   ; Rise       ; clk_div:inst4|cntDiv[1]   ;
; 0.416  ; 0.632        ; 0.216          ; High Pulse Width ; Clk   ; Rise       ; clk_div:inst4|cntDiv[25]  ;
; 0.416  ; 0.632        ; 0.216          ; High Pulse Width ; Clk   ; Rise       ; clk_div:inst4|cntDiv[2]   ;
; 0.416  ; 0.632        ; 0.216          ; High Pulse Width ; Clk   ; Rise       ; clk_div:inst4|cntDiv[3]   ;
; 0.416  ; 0.632        ; 0.216          ; High Pulse Width ; Clk   ; Rise       ; clk_div:inst4|cntDiv[4]   ;
; 0.416  ; 0.632        ; 0.216          ; High Pulse Width ; Clk   ; Rise       ; clk_div:inst4|cntDiv[5]   ;
; 0.416  ; 0.632        ; 0.216          ; High Pulse Width ; Clk   ; Rise       ; clk_div:inst4|cntDiv[6]   ;
; 0.416  ; 0.632        ; 0.216          ; High Pulse Width ; Clk   ; Rise       ; clk_div:inst4|cntDiv[7]   ;
; 0.416  ; 0.632        ; 0.216          ; High Pulse Width ; Clk   ; Rise       ; clk_div:inst4|cntDiv[8]   ;
; 0.416  ; 0.632        ; 0.216          ; High Pulse Width ; Clk   ; Rise       ; clk_div:inst4|cntDiv[9]   ;
; 0.420  ; 0.636        ; 0.216          ; High Pulse Width ; Clk   ; Rise       ; clk_div:inst4|cntDiv[15]  ;
; 0.420  ; 0.636        ; 0.216          ; High Pulse Width ; Clk   ; Rise       ; clk_div:inst4|cntDiv[16]  ;
+--------+--------------+----------------+------------------+-------+------------+---------------------------+


+---------------------------------------------------------------------------------------------------------------------------------------+
; Slow 1200mV 0C Model Minimum Pulse Width: 'clk_div:inst4|cntDiv[25]'                                                                  ;
+--------+--------------+----------------+------------------+--------------------------+------------+-----------------------------------+
; Slack  ; Actual Width ; Required Width ; Type             ; Clock                    ; Clock Edge ; Target                            ;
+--------+--------------+----------------+------------------+--------------------------+------------+-----------------------------------+
; -1.000 ; 1.000        ; 2.000          ; Min Period       ; clk_div:inst4|cntDiv[25] ; Rise       ; Reg_4bit:inst8|inst               ;
; -1.000 ; 1.000        ; 2.000          ; Min Period       ; clk_div:inst4|cntDiv[25] ; Rise       ; Reg_4bit:inst8|inst1              ;
; -1.000 ; 1.000        ; 2.000          ; Min Period       ; clk_div:inst4|cntDiv[25] ; Rise       ; Reg_4bit:inst8|inst2              ;
; -1.000 ; 1.000        ; 2.000          ; Min Period       ; clk_div:inst4|cntDiv[25] ; Rise       ; Reg_4bit:inst8|inst3              ;
; -1.000 ; 1.000        ; 2.000          ; Min Period       ; clk_div:inst4|cntDiv[25] ; Rise       ; cnt_4bit:inst7|inst               ;
; -1.000 ; 1.000        ; 2.000          ; Min Period       ; clk_div:inst4|cntDiv[25] ; Rise       ; cnt_4bit:inst7|inst2              ;
; -1.000 ; 1.000        ; 2.000          ; Min Period       ; clk_div:inst4|cntDiv[25] ; Rise       ; cnt_4bit:inst7|inst3              ;
; 0.280  ; 0.496        ; 0.216          ; High Pulse Width ; clk_div:inst4|cntDiv[25] ; Rise       ; Reg_4bit:inst8|inst               ;
; 0.280  ; 0.496        ; 0.216          ; High Pulse Width ; clk_div:inst4|cntDiv[25] ; Rise       ; Reg_4bit:inst8|inst1              ;
; 0.280  ; 0.496        ; 0.216          ; High Pulse Width ; clk_div:inst4|cntDiv[25] ; Rise       ; Reg_4bit:inst8|inst2              ;
; 0.280  ; 0.496        ; 0.216          ; High Pulse Width ; clk_div:inst4|cntDiv[25] ; Rise       ; Reg_4bit:inst8|inst3              ;
; 0.280  ; 0.496        ; 0.216          ; High Pulse Width ; clk_div:inst4|cntDiv[25] ; Rise       ; cnt_4bit:inst7|inst               ;
; 0.280  ; 0.496        ; 0.216          ; High Pulse Width ; clk_div:inst4|cntDiv[25] ; Rise       ; cnt_4bit:inst7|inst2              ;
; 0.280  ; 0.496        ; 0.216          ; High Pulse Width ; clk_div:inst4|cntDiv[25] ; Rise       ; cnt_4bit:inst7|inst3              ;
; 0.320  ; 0.504        ; 0.184          ; Low Pulse Width  ; clk_div:inst4|cntDiv[25] ; Rise       ; Reg_4bit:inst8|inst               ;
; 0.320  ; 0.504        ; 0.184          ; Low Pulse Width  ; clk_div:inst4|cntDiv[25] ; Rise       ; Reg_4bit:inst8|inst1              ;
; 0.320  ; 0.504        ; 0.184          ; Low Pulse Width  ; clk_div:inst4|cntDiv[25] ; Rise       ; Reg_4bit:inst8|inst2              ;
; 0.320  ; 0.504        ; 0.184          ; Low Pulse Width  ; clk_div:inst4|cntDiv[25] ; Rise       ; Reg_4bit:inst8|inst3              ;
; 0.320  ; 0.504        ; 0.184          ; Low Pulse Width  ; clk_div:inst4|cntDiv[25] ; Rise       ; cnt_4bit:inst7|inst               ;
; 0.320  ; 0.504        ; 0.184          ; Low Pulse Width  ; clk_div:inst4|cntDiv[25] ; Rise       ; cnt_4bit:inst7|inst2              ;
; 0.320  ; 0.504        ; 0.184          ; Low Pulse Width  ; clk_div:inst4|cntDiv[25] ; Rise       ; cnt_4bit:inst7|inst3              ;
; 0.480  ; 0.480        ; 0.000          ; Low Pulse Width  ; clk_div:inst4|cntDiv[25] ; Rise       ; inst7|inst2|clk                   ;
; 0.480  ; 0.480        ; 0.000          ; Low Pulse Width  ; clk_div:inst4|cntDiv[25] ; Rise       ; inst7|inst3|clk                   ;
; 0.480  ; 0.480        ; 0.000          ; Low Pulse Width  ; clk_div:inst4|cntDiv[25] ; Rise       ; inst7|inst|clk                    ;
; 0.480  ; 0.480        ; 0.000          ; Low Pulse Width  ; clk_div:inst4|cntDiv[25] ; Rise       ; inst8|inst1|clk                   ;
; 0.480  ; 0.480        ; 0.000          ; Low Pulse Width  ; clk_div:inst4|cntDiv[25] ; Rise       ; inst8|inst2|clk                   ;
; 0.480  ; 0.480        ; 0.000          ; Low Pulse Width  ; clk_div:inst4|cntDiv[25] ; Rise       ; inst8|inst3|clk                   ;
; 0.480  ; 0.480        ; 0.000          ; Low Pulse Width  ; clk_div:inst4|cntDiv[25] ; Rise       ; inst8|inst|clk                    ;
; 0.483  ; 0.483        ; 0.000          ; Low Pulse Width  ; clk_div:inst4|cntDiv[25] ; Rise       ; inst4|cntDiv[25]~clkctrl|inclk[0] ;
; 0.483  ; 0.483        ; 0.000          ; Low Pulse Width  ; clk_div:inst4|cntDiv[25] ; Rise       ; inst4|cntDiv[25]~clkctrl|outclk   ;
; 0.500  ; 0.500        ; 0.000          ; High Pulse Width ; clk_div:inst4|cntDiv[25] ; Rise       ; inst4|cntDiv[25]|q                ;
; 0.500  ; 0.500        ; 0.000          ; Low Pulse Width  ; clk_div:inst4|cntDiv[25] ; Rise       ; inst4|cntDiv[25]|q                ;
; 0.517  ; 0.517        ; 0.000          ; High Pulse Width ; clk_div:inst4|cntDiv[25] ; Rise       ; inst4|cntDiv[25]~clkctrl|inclk[0] ;
; 0.517  ; 0.517        ; 0.000          ; High Pulse Width ; clk_div:inst4|cntDiv[25] ; Rise       ; inst4|cntDiv[25]~clkctrl|outclk   ;
; 0.520  ; 0.520        ; 0.000          ; High Pulse Width ; clk_div:inst4|cntDiv[25] ; Rise       ; inst7|inst2|clk                   ;
; 0.520  ; 0.520        ; 0.000          ; High Pulse Width ; clk_div:inst4|cntDiv[25] ; Rise       ; inst7|inst3|clk                   ;
; 0.520  ; 0.520        ; 0.000          ; High Pulse Width ; clk_div:inst4|cntDiv[25] ; Rise       ; inst7|inst|clk                    ;
; 0.520  ; 0.520        ; 0.000          ; High Pulse Width ; clk_div:inst4|cntDiv[25] ; Rise       ; inst8|inst1|clk                   ;
; 0.520  ; 0.520        ; 0.000          ; High Pulse Width ; clk_div:inst4|cntDiv[25] ; Rise       ; inst8|inst2|clk                   ;
; 0.520  ; 0.520        ; 0.000          ; High Pulse Width ; clk_div:inst4|cntDiv[25] ; Rise       ; inst8|inst3|clk                   ;
; 0.520  ; 0.520        ; 0.000          ; High Pulse Width ; clk_div:inst4|cntDiv[25] ; Rise       ; inst8|inst|clk                    ;
+--------+--------------+----------------+------------------+--------------------------+------------+-----------------------------------+


+----------------------------------------------------------------------------------------------+
; Setup Times                                                                                  ;
+-----------+--------------------------+-------+-------+------------+--------------------------+
; Data Port ; Clock Port               ; Rise  ; Fall  ; Clock Edge ; Clock Reference          ;
+-----------+--------------------------+-------+-------+------------+--------------------------+
; Button1   ; clk_div:inst4|cntDiv[25] ; 2.300 ; 2.660 ; Rise       ; clk_div:inst4|cntDiv[25] ;
; Button2   ; clk_div:inst4|cntDiv[25] ; 2.709 ; 3.124 ; Rise       ; clk_div:inst4|cntDiv[25] ;
; SW[*]     ; clk_div:inst4|cntDiv[25] ; 2.591 ; 3.034 ; Rise       ; clk_div:inst4|cntDiv[25] ;
;  SW[0]    ; clk_div:inst4|cntDiv[25] ; 2.163 ; 2.587 ; Rise       ; clk_div:inst4|cntDiv[25] ;
;  SW[1]    ; clk_div:inst4|cntDiv[25] ; 1.941 ; 2.306 ; Rise       ; clk_div:inst4|cntDiv[25] ;
;  SW[2]    ; clk_div:inst4|cntDiv[25] ; 2.591 ; 3.034 ; Rise       ; clk_div:inst4|cntDiv[25] ;
;  SW[3]    ; clk_div:inst4|cntDiv[25] ; 2.360 ; 2.729 ; Rise       ; clk_div:inst4|cntDiv[25] ;
+-----------+--------------------------+-------+-------+------------+--------------------------+


+------------------------------------------------------------------------------------------------+
; Hold Times                                                                                     ;
+-----------+--------------------------+--------+--------+------------+--------------------------+
; Data Port ; Clock Port               ; Rise   ; Fall   ; Clock Edge ; Clock Reference          ;
+-----------+--------------------------+--------+--------+------------+--------------------------+
; Button1   ; clk_div:inst4|cntDiv[25] ; -1.878 ; -2.206 ; Rise       ; clk_div:inst4|cntDiv[25] ;
; Button2   ; clk_div:inst4|cntDiv[25] ; -1.869 ; -2.213 ; Rise       ; clk_div:inst4|cntDiv[25] ;
; SW[*]     ; clk_div:inst4|cntDiv[25] ; -1.533 ; -1.873 ; Rise       ; clk_div:inst4|cntDiv[25] ;
;  SW[0]    ; clk_div:inst4|cntDiv[25] ; -1.746 ; -2.142 ; Rise       ; clk_div:inst4|cntDiv[25] ;
;  SW[1]    ; clk_div:inst4|cntDiv[25] ; -1.533 ; -1.873 ; Rise       ; clk_div:inst4|cntDiv[25] ;
;  SW[2]    ; clk_div:inst4|cntDiv[25] ; -2.168 ; -2.589 ; Rise       ; clk_div:inst4|cntDiv[25] ;
;  SW[3]    ; clk_div:inst4|cntDiv[25] ; -1.931 ; -2.273 ; Rise       ; clk_div:inst4|cntDiv[25] ;
+-----------+--------------------------+--------+--------+------------+--------------------------+


+----------------------------------------------------------------------------------------------+
; Clock to Output Times                                                                        ;
+-----------+--------------------------+-------+-------+------------+--------------------------+
; Data Port ; Clock Port               ; Rise  ; Fall  ; Clock Edge ; Clock Reference          ;
+-----------+--------------------------+-------+-------+------------+--------------------------+
; Hex0[*]   ; clk_div:inst4|cntDiv[25] ; 6.172 ; 6.018 ; Rise       ; clk_div:inst4|cntDiv[25] ;
;  Hex0[0]  ; clk_div:inst4|cntDiv[25] ; 6.172 ; 6.018 ; Rise       ; clk_div:inst4|cntDiv[25] ;
;  Hex0[1]  ; clk_div:inst4|cntDiv[25] ; 5.965 ; 5.853 ; Rise       ; clk_div:inst4|cntDiv[25] ;
;  Hex0[2]  ; clk_div:inst4|cntDiv[25] ; 5.721 ; 5.639 ; Rise       ; clk_div:inst4|cntDiv[25] ;
;  Hex0[3]  ; clk_div:inst4|cntDiv[25] ; 5.760 ; 5.630 ; Rise       ; clk_div:inst4|cntDiv[25] ;
;  Hex0[4]  ; clk_div:inst4|cntDiv[25] ; 5.740 ; 5.617 ; Rise       ; clk_div:inst4|cntDiv[25] ;
;  Hex0[5]  ; clk_div:inst4|cntDiv[25] ; 5.742 ; 5.649 ; Rise       ; clk_div:inst4|cntDiv[25] ;
;  Hex0[6]  ; clk_div:inst4|cntDiv[25] ; 5.624 ; 5.684 ; Rise       ; clk_div:inst4|cntDiv[25] ;
; Hex1[*]   ; clk_div:inst4|cntDiv[25] ; 6.044 ; 6.026 ; Rise       ; clk_div:inst4|cntDiv[25] ;
;  Hex1[0]  ; clk_div:inst4|cntDiv[25] ; 5.850 ; 5.654 ; Rise       ; clk_div:inst4|cntDiv[25] ;
;  Hex1[1]  ; clk_div:inst4|cntDiv[25] ; 5.770 ; 5.703 ; Rise       ; clk_div:inst4|cntDiv[25] ;
;  Hex1[2]  ; clk_div:inst4|cntDiv[25] ; 5.541 ; 5.546 ; Rise       ; clk_div:inst4|cntDiv[25] ;
;  Hex1[3]  ; clk_div:inst4|cntDiv[25] ; 5.659 ; 5.527 ; Rise       ; clk_div:inst4|cntDiv[25] ;
;  Hex1[4]  ; clk_div:inst4|cntDiv[25] ; 5.654 ; 5.483 ; Rise       ; clk_div:inst4|cntDiv[25] ;
;  Hex1[5]  ; clk_div:inst4|cntDiv[25] ; 6.044 ; 6.026 ; Rise       ; clk_div:inst4|cntDiv[25] ;
;  Hex1[6]  ; clk_div:inst4|cntDiv[25] ; 5.784 ; 5.870 ; Rise       ; clk_div:inst4|cntDiv[25] ;
; Hex3[*]   ; clk_div:inst4|cntDiv[25] ; 6.305 ; 6.211 ; Rise       ; clk_div:inst4|cntDiv[25] ;
;  Hex3[0]  ; clk_div:inst4|cntDiv[25] ; 5.910 ; 5.812 ; Rise       ; clk_div:inst4|cntDiv[25] ;
;  Hex3[2]  ; clk_div:inst4|cntDiv[25] ; 5.839 ; 5.951 ; Rise       ; clk_div:inst4|cntDiv[25] ;
;  Hex3[3]  ; clk_div:inst4|cntDiv[25] ; 5.916 ; 5.812 ; Rise       ; clk_div:inst4|cntDiv[25] ;
;  Hex3[4]  ; clk_div:inst4|cntDiv[25] ; 6.098 ; 6.192 ; Rise       ; clk_div:inst4|cntDiv[25] ;
;  Hex3[5]  ; clk_div:inst4|cntDiv[25] ; 6.305 ; 6.211 ; Rise       ; clk_div:inst4|cntDiv[25] ;
;  Hex3[6]  ; clk_div:inst4|cntDiv[25] ; 6.280 ; 6.135 ; Rise       ; clk_div:inst4|cntDiv[25] ;
+-----------+--------------------------+-------+-------+------------+--------------------------+


+----------------------------------------------------------------------------------------------+
; Minimum Clock to Output Times                                                                ;
+-----------+--------------------------+-------+-------+------------+--------------------------+
; Data Port ; Clock Port               ; Rise  ; Fall  ; Clock Edge ; Clock Reference          ;
+-----------+--------------------------+-------+-------+------------+--------------------------+
; Hex0[*]   ; clk_div:inst4|cntDiv[25] ; 5.168 ; 5.116 ; Rise       ; clk_div:inst4|cntDiv[25] ;
;  Hex0[0]  ; clk_div:inst4|cntDiv[25] ; 5.673 ; 5.554 ; Rise       ; clk_div:inst4|cntDiv[25] ;
;  Hex0[1]  ; clk_div:inst4|cntDiv[25] ; 5.232 ; 5.116 ; Rise       ; clk_div:inst4|cntDiv[25] ;
;  Hex0[2]  ; clk_div:inst4|cntDiv[25] ; 5.295 ; 5.174 ; Rise       ; clk_div:inst4|cntDiv[25] ;
;  Hex0[3]  ; clk_div:inst4|cntDiv[25] ; 5.282 ; 5.189 ; Rise       ; clk_div:inst4|cntDiv[25] ;
;  Hex0[4]  ; clk_div:inst4|cntDiv[25] ; 5.273 ; 5.207 ; Rise       ; clk_div:inst4|cntDiv[25] ;
;  Hex0[5]  ; clk_div:inst4|cntDiv[25] ; 5.276 ; 5.207 ; Rise       ; clk_div:inst4|cntDiv[25] ;
;  Hex0[6]  ; clk_div:inst4|cntDiv[25] ; 5.168 ; 5.285 ; Rise       ; clk_div:inst4|cntDiv[25] ;
; Hex1[*]   ; clk_div:inst4|cntDiv[25] ; 5.189 ; 5.094 ; Rise       ; clk_div:inst4|cntDiv[25] ;
;  Hex1[0]  ; clk_div:inst4|cntDiv[25] ; 5.383 ; 5.267 ; Rise       ; clk_div:inst4|cntDiv[25] ;
;  Hex1[1]  ; clk_div:inst4|cntDiv[25] ; 5.345 ; 5.238 ; Rise       ; clk_div:inst4|cntDiv[25] ;
;  Hex1[2]  ; clk_div:inst4|cntDiv[25] ; 5.247 ; 5.094 ; Rise       ; clk_div:inst4|cntDiv[25] ;
;  Hex1[3]  ; clk_div:inst4|cntDiv[25] ; 5.199 ; 5.110 ; Rise       ; clk_div:inst4|cntDiv[25] ;
;  Hex1[4]  ; clk_div:inst4|cntDiv[25] ; 5.189 ; 5.157 ; Rise       ; clk_div:inst4|cntDiv[25] ;
;  Hex1[5]  ; clk_div:inst4|cntDiv[25] ; 5.664 ; 5.612 ; Rise       ; clk_div:inst4|cntDiv[25] ;
;  Hex1[6]  ; clk_div:inst4|cntDiv[25] ; 5.333 ; 5.504 ; Rise       ; clk_div:inst4|cntDiv[25] ;
; Hex3[*]   ; clk_div:inst4|cntDiv[25] ; 5.403 ; 5.389 ; Rise       ; clk_div:inst4|cntDiv[25] ;
;  Hex3[0]  ; clk_div:inst4|cntDiv[25] ; 5.499 ; 5.389 ; Rise       ; clk_div:inst4|cntDiv[25] ;
;  Hex3[2]  ; clk_div:inst4|cntDiv[25] ; 5.403 ; 5.521 ; Rise       ; clk_div:inst4|cntDiv[25] ;
;  Hex3[3]  ; clk_div:inst4|cntDiv[25] ; 5.473 ; 5.397 ; Rise       ; clk_div:inst4|cntDiv[25] ;
;  Hex3[4]  ; clk_div:inst4|cntDiv[25] ; 5.706 ; 5.813 ; Rise       ; clk_div:inst4|cntDiv[25] ;
;  Hex3[5]  ; clk_div:inst4|cntDiv[25] ; 5.915 ; 5.754 ; Rise       ; clk_div:inst4|cntDiv[25] ;
;  Hex3[6]  ; clk_div:inst4|cntDiv[25] ; 5.848 ; 5.696 ; Rise       ; clk_div:inst4|cntDiv[25] ;
+-----------+--------------------------+-------+-------+------------+--------------------------+


+----------------------------------------------------------+
; Propagation Delay                                        ;
+------------+-------------+-------+-------+-------+-------+
; Input Port ; Output Port ; RR    ; RF    ; FR    ; FF    ;
+------------+-------------+-------+-------+-------+-------+
; Button2    ; Hex1[0]     ; 7.389 ; 7.244 ; 7.761 ; 7.657 ;
; Button2    ; Hex1[1]     ; 7.309 ; 7.242 ; 7.681 ; 7.648 ;
; Button2    ; Hex1[2]     ; 7.131 ; 7.085 ; 7.572 ; 7.457 ;
; Button2    ; Hex1[3]     ; 7.198 ; 7.080 ; 7.570 ; 7.494 ;
; Button2    ; Hex1[4]     ; 7.193 ; 7.073 ; 7.565 ; 7.480 ;
; Button2    ; Hex1[5]     ; 7.634 ; 7.565 ; 8.074 ; 7.937 ;
; Button2    ; Hex1[6]     ; 7.323 ; 7.410 ; 7.728 ; 7.806 ;
; SW[0]      ; Hex1[0]     ; 7.018 ; 6.900 ; 7.462 ; 7.336 ;
; SW[0]      ; Hex1[1]     ; 6.978 ; 6.869 ; 7.421 ; 7.304 ;
; SW[0]      ; Hex1[2]     ;       ; 6.721 ; 7.252 ;       ;
; SW[0]      ; Hex1[3]     ; 6.826 ; 6.736 ; 7.266 ; 7.168 ;
; SW[0]      ; Hex1[4]     ; 6.816 ;       ;       ; 7.160 ;
; SW[0]      ; Hex1[5]     ; 7.311 ;       ;       ; 7.633 ;
; SW[0]      ; Hex1[6]     ; 6.968 ;       ;       ; 7.520 ;
; SW[0]      ; Hex2[0]     ; 6.739 ; 6.639 ; 7.120 ; 7.042 ;
; SW[0]      ; Hex2[1]     ; 6.625 ; 6.524 ; 6.991 ; 6.941 ;
; SW[0]      ; Hex2[2]     ;       ; 6.434 ; 6.905 ;       ;
; SW[0]      ; Hex2[3]     ; 6.734 ; 6.626 ; 7.115 ; 7.045 ;
; SW[0]      ; Hex2[4]     ; 6.755 ;       ;       ; 7.070 ;
; SW[0]      ; Hex2[5]     ; 6.647 ;       ;       ; 6.973 ;
; SW[0]      ; Hex2[6]     ; 6.848 ;       ;       ; 7.339 ;
; SW[1]      ; Hex1[0]     ;       ; 6.925 ; 7.439 ;       ;
; SW[1]      ; Hex1[1]     ; 6.960 ; 6.843 ; 7.359 ; 7.292 ;
; SW[1]      ; Hex1[2]     ; 6.812 ;       ;       ; 7.135 ;
; SW[1]      ; Hex1[3]     ; 6.809 ; 6.761 ; 7.248 ; 7.116 ;
; SW[1]      ; Hex1[4]     ;       ; 6.754 ; 7.243 ;       ;
; SW[1]      ; Hex1[5]     ; 7.315 ;       ;       ; 7.615 ;
; SW[1]      ; Hex1[6]     ; 6.941 ; 7.073 ; 7.373 ; 7.459 ;
; SW[1]      ; Hex2[0]     ;       ; 6.364 ; 6.813 ;       ;
; SW[1]      ; Hex2[1]     ; 6.365 ; 6.289 ; 6.722 ; 6.638 ;
; SW[1]      ; Hex2[2]     ; 6.286 ;       ;       ; 6.542 ;
; SW[1]      ; Hex2[3]     ; 6.459 ; 6.352 ; 6.813 ; 6.698 ;
; SW[1]      ; Hex2[4]     ;       ; 6.382 ; 6.840 ;       ;
; SW[1]      ; Hex2[5]     ; 6.377 ;       ;       ; 6.644 ;
; SW[1]      ; Hex2[6]     ; 6.614 ; 6.713 ; 6.962 ; 7.069 ;
; SW[2]      ; Hex1[0]     ; 7.231 ; 7.081 ; 7.630 ; 7.567 ;
; SW[2]      ; Hex1[1]     ; 7.174 ;       ;       ; 7.558 ;
; SW[2]      ; Hex1[2]     ; 7.010 ; 6.960 ; 7.482 ; 7.358 ;
; SW[2]      ; Hex1[3]     ; 7.039 ; 6.917 ; 7.439 ; 7.404 ;
; SW[2]      ; Hex1[4]     ; 7.028 ; 6.901 ; 7.428 ; 7.390 ;
; SW[2]      ; Hex1[5]     ; 7.512 ; 7.437 ; 7.984 ; 7.835 ;
; SW[2]      ; Hex1[6]     ; 7.156 ; 7.292 ; 7.638 ; 7.716 ;
; SW[2]      ; Hex2[0]     ; 6.585 ; 6.482 ; 6.954 ; 6.881 ;
; SW[2]      ; Hex2[1]     ; 6.479 ;       ;       ; 6.799 ;
; SW[2]      ; Hex2[2]     ; 6.394 ; 6.303 ; 6.759 ; 6.698 ;
; SW[2]      ; Hex2[3]     ; 6.580 ; 6.469 ; 6.947 ; 6.867 ;
; SW[2]      ; Hex2[4]     ; 6.595 ; 6.486 ; 6.964 ; 6.885 ;
; SW[2]      ; Hex2[5]     ; 6.485 ; 6.405 ; 6.853 ; 6.801 ;
; SW[2]      ; Hex2[6]     ; 6.727 ; 6.828 ; 7.124 ; 7.195 ;
; SW[3]      ; Hex1[0]     ;       ; 7.191 ; 7.698 ;       ;
; SW[3]      ; Hex1[1]     ;       ; 7.160 ; 7.662 ;       ;
; SW[3]      ; Hex1[2]     ; 7.101 ;       ;       ; 7.426 ;
; SW[3]      ; Hex1[3]     ; 7.118 ;       ;       ; 7.444 ;
; SW[3]      ; Hex1[4]     ;       ; 7.015 ; 7.496 ;       ;
; SW[3]      ; Hex1[5]     ; 7.603 ; 7.488 ; 7.987 ; 7.903 ;
; SW[3]      ; Hex1[6]     ;       ; 7.371 ; 7.677 ;       ;
; SW[3]      ; Hex2[0]     ;       ; 6.885 ; 7.368 ;       ;
; SW[3]      ; Hex2[1]     ;       ; 6.799 ; 7.253 ;       ;
; SW[3]      ; Hex2[2]     ; 6.754 ;       ;       ; 7.065 ;
; SW[3]      ; Hex2[3]     ; 6.924 ;       ;       ; 7.230 ;
; SW[3]      ; Hex2[4]     ;       ; 6.887 ; 7.368 ;       ;
; SW[3]      ; Hex2[5]     ; 6.845 ; 6.809 ; 7.268 ; 7.167 ;
; SW[3]      ; Hex2[6]     ;       ; 7.198 ; 7.513 ;       ;
+------------+-------------+-------+-------+-------+-------+


+----------------------------------------------------------+
; Minimum Propagation Delay                                ;
+------------+-------------+-------+-------+-------+-------+
; Input Port ; Output Port ; RR    ; RF    ; FR    ; FF    ;
+------------+-------------+-------+-------+-------+-------+
; Button2    ; Hex1[0]     ; 7.040 ; 6.908 ; 7.365 ; 7.241 ;
; Button2    ; Hex1[1]     ; 7.003 ; 6.879 ; 7.327 ; 7.212 ;
; Button2    ; Hex1[2]     ; 6.825 ; 6.752 ; 7.158 ; 7.076 ;
; Button2    ; Hex1[3]     ; 6.842 ; 6.767 ; 7.175 ; 7.092 ;
; Button2    ; Hex1[4]     ; 6.846 ; 6.739 ; 7.171 ; 7.072 ;
; Button2    ; Hex1[5]     ; 7.306 ; 7.195 ; 7.639 ; 7.528 ;
; Button2    ; Hex1[6]     ; 6.991 ; 7.083 ; 7.315 ; 7.416 ;
; SW[0]      ; Hex1[0]     ; 6.802 ; 6.686 ; 7.224 ; 7.102 ;
; SW[0]      ; Hex1[1]     ; 6.764 ; 6.657 ; 7.184 ; 7.071 ;
; SW[0]      ; Hex1[2]     ;       ; 6.513 ; 7.022 ;       ;
; SW[0]      ; Hex1[3]     ; 6.618 ; 6.529 ; 7.036 ; 6.941 ;
; SW[0]      ; Hex1[4]     ; 6.608 ;       ;       ; 6.932 ;
; SW[0]      ; Hex1[5]     ; 7.083 ;       ;       ; 7.387 ;
; SW[0]      ; Hex1[6]     ; 6.752 ;       ;       ; 7.279 ;
; SW[0]      ; Hex2[0]     ; 6.578 ; 6.479 ; 6.949 ; 6.870 ;
; SW[0]      ; Hex2[1]     ; 6.469 ; 6.370 ; 6.827 ; 6.776 ;
; SW[0]      ; Hex2[2]     ;       ; 6.284 ; 6.743 ;       ;
; SW[0]      ; Hex2[3]     ; 6.530 ; 6.467 ; 6.945 ; 6.800 ;
; SW[0]      ; Hex2[4]     ; 6.550 ;       ;       ; 6.824 ;
; SW[0]      ; Hex2[5]     ; 6.447 ;       ;       ; 6.747 ;
; SW[0]      ; Hex2[6]     ; 6.681 ;       ;       ; 7.159 ;
; SW[1]      ; Hex1[0]     ;       ; 6.651 ; 7.135 ;       ;
; SW[1]      ; Hex1[1]     ; 6.745 ; 6.632 ; 7.126 ; 7.059 ;
; SW[1]      ; Hex1[2]     ; 6.562 ;       ;       ; 6.849 ;
; SW[1]      ; Hex1[3]     ; 6.556 ; 6.494 ; 6.952 ; 6.881 ;
; SW[1]      ; Hex1[4]     ;       ; 6.487 ; 6.949 ;       ;
; SW[1]      ; Hex1[5]     ; 7.031 ;       ;       ; 7.311 ;
; SW[1]      ; Hex1[6]     ; 6.727 ; 6.810 ; 7.083 ; 7.222 ;
; SW[1]      ; Hex2[0]     ;       ; 6.215 ; 6.654 ;       ;
; SW[1]      ; Hex2[1]     ; 6.220 ; 6.144 ; 6.567 ; 6.485 ;
; SW[1]      ; Hex2[2]     ; 6.144 ;       ;       ; 6.393 ;
; SW[1]      ; Hex2[3]     ; 6.309 ; 6.204 ; 6.654 ; 6.543 ;
; SW[1]      ; Hex2[4]     ;       ; 6.234 ; 6.680 ;       ;
; SW[1]      ; Hex2[5]     ; 6.231 ;       ;       ; 6.492 ;
; SW[1]      ; Hex2[6]     ; 6.455 ; 6.553 ; 6.795 ; 6.899 ;
; SW[2]      ; Hex1[0]     ; 7.006 ; 6.860 ; 7.387 ; 7.323 ;
; SW[2]      ; Hex1[1]     ; 6.924 ;       ;       ; 7.244 ;
; SW[2]      ; Hex1[2]     ; 6.762 ; 6.744 ; 7.244 ; 7.088 ;
; SW[2]      ; Hex1[3]     ; 6.763 ; 6.703 ; 7.204 ; 7.131 ;
; SW[2]      ; Hex1[4]     ; 6.811 ; 6.687 ; 7.193 ; 7.153 ;
; SW[2]      ; Hex1[5]     ; 7.244 ; 7.146 ; 7.665 ; 7.547 ;
; SW[2]      ; Hex1[6]     ; 6.933 ; 7.020 ; 7.338 ; 7.469 ;
; SW[2]      ; Hex2[0]     ; 6.430 ; 6.328 ; 6.789 ; 6.716 ;
; SW[2]      ; Hex2[1]     ; 6.328 ;       ;       ; 6.637 ;
; SW[2]      ; Hex2[2]     ; 6.247 ; 6.157 ; 6.604 ; 6.542 ;
; SW[2]      ; Hex2[3]     ; 6.423 ; 6.316 ; 6.782 ; 6.702 ;
; SW[2]      ; Hex2[4]     ; 6.440 ; 6.333 ; 6.799 ; 6.721 ;
; SW[2]      ; Hex2[5]     ; 6.334 ; 6.253 ; 6.691 ; 6.640 ;
; SW[2]      ; Hex2[6]     ; 6.563 ; 6.663 ; 6.950 ; 7.022 ;
; SW[3]      ; Hex1[0]     ;       ; 6.959 ; 7.444 ;       ;
; SW[3]      ; Hex1[1]     ;       ; 6.930 ; 7.409 ;       ;
; SW[3]      ; Hex1[2]     ; 6.876 ;       ;       ; 7.180 ;
; SW[3]      ; Hex1[3]     ; 6.893 ;       ;       ; 7.198 ;
; SW[3]      ; Hex1[4]     ;       ; 6.790 ; 7.250 ;       ;
; SW[3]      ; Hex1[5]     ; 7.357 ; 7.246 ; 7.723 ; 7.638 ;
; SW[3]      ; Hex1[6]     ;       ; 7.134 ; 7.422 ;       ;
; SW[3]      ; Hex2[0]     ;       ; 6.691 ; 7.153 ;       ;
; SW[3]      ; Hex2[1]     ;       ; 6.580 ; 7.022 ;       ;
; SW[3]      ; Hex2[2]     ; 6.547 ;       ;       ; 6.842 ;
; SW[3]      ; Hex2[3]     ; 6.723 ;       ;       ; 7.000 ;
; SW[3]      ; Hex2[4]     ;       ; 6.674 ; 7.159 ;       ;
; SW[3]      ; Hex2[5]     ; 6.648 ; 6.643 ; 7.091 ; 6.940 ;
; SW[3]      ; Hex2[6]     ;       ; 6.964 ; 7.269 ;       ;
+------------+-------------+-------+-------+-------+-------+


---------------------------------------------
; Slow 1200mV 0C Model Metastability Report ;
---------------------------------------------
No synchronizer chains to report.


+---------------------------------------------------+
; Fast 1200mV 0C Model Setup Summary                ;
+--------------------------+--------+---------------+
; Clock                    ; Slack  ; End Point TNS ;
+--------------------------+--------+---------------+
; Clk                      ; -0.646 ; -4.547        ;
; clk_div:inst4|cntDiv[25] ; 0.555  ; 0.000         ;
+--------------------------+--------+---------------+


+---------------------------------------------------+
; Fast 1200mV 0C Model Hold Summary                 ;
+--------------------------+--------+---------------+
; Clock                    ; Slack  ; End Point TNS ;
+--------------------------+--------+---------------+
; Clk                      ; -0.075 ; -0.075        ;
; clk_div:inst4|cntDiv[25] ; 0.205  ; 0.000         ;
+--------------------------+--------+---------------+


-----------------------------------------
; Fast 1200mV 0C Model Recovery Summary ;
-----------------------------------------
No paths to report.


----------------------------------------
; Fast 1200mV 0C Model Removal Summary ;
----------------------------------------
No paths to report.


+---------------------------------------------------+
; Fast 1200mV 0C Model Minimum Pulse Width Summary  ;
+--------------------------+--------+---------------+
; Clock                    ; Slack  ; End Point TNS ;
+--------------------------+--------+---------------+
; Clk                      ; -3.000 ; -30.706       ;
; clk_div:inst4|cntDiv[25] ; -1.000 ; -7.000        ;
+--------------------------+--------+---------------+


+------------------------------------------------------------------------------------------------------------------------------------+
; Fast 1200mV 0C Model Setup: 'Clk'                                                                                                  ;
+--------+--------------------------+--------------------------+--------------+-------------+--------------+------------+------------+
; Slack  ; From Node                ; To Node                  ; Launch Clock ; Latch Clock ; Relationship ; Clock Skew ; Data Delay ;
+--------+--------------------------+--------------------------+--------------+-------------+--------------+------------+------------+
; -0.646 ; clk_div:inst4|cntDiv[1]  ; clk_div:inst4|cntDiv[25] ; Clk          ; Clk         ; 1.000        ; -0.033     ; 1.600      ;
; -0.614 ; clk_div:inst4|cntDiv[2]  ; clk_div:inst4|cntDiv[25] ; Clk          ; Clk         ; 1.000        ; -0.033     ; 1.568      ;
; -0.569 ; clk_div:inst4|cntDiv[0]  ; clk_div:inst4|cntDiv[25] ; Clk          ; Clk         ; 1.000        ; -0.033     ; 1.523      ;
; -0.549 ; clk_div:inst4|cntDiv[4]  ; clk_div:inst4|cntDiv[25] ; Clk          ; Clk         ; 1.000        ; -0.033     ; 1.503      ;
; -0.501 ; clk_div:inst4|cntDiv[3]  ; clk_div:inst4|cntDiv[25] ; Clk          ; Clk         ; 1.000        ; -0.033     ; 1.455      ;
; -0.482 ; clk_div:inst4|cntDiv[6]  ; clk_div:inst4|cntDiv[25] ; Clk          ; Clk         ; 1.000        ; -0.033     ; 1.436      ;
; -0.433 ; clk_div:inst4|cntDiv[5]  ; clk_div:inst4|cntDiv[25] ; Clk          ; Clk         ; 1.000        ; -0.033     ; 1.387      ;
; -0.419 ; clk_div:inst4|cntDiv[1]  ; clk_div:inst4|cntDiv[24] ; Clk          ; Clk         ; 1.000        ; 0.155      ; 1.561      ;
; -0.409 ; clk_div:inst4|cntDiv[8]  ; clk_div:inst4|cntDiv[25] ; Clk          ; Clk         ; 1.000        ; -0.033     ; 1.363      ;
; -0.390 ; clk_div:inst4|cntDiv[1]  ; clk_div:inst4|cntDiv[23] ; Clk          ; Clk         ; 1.000        ; 0.155      ; 1.532      ;
; -0.366 ; clk_div:inst4|cntDiv[7]  ; clk_div:inst4|cntDiv[25] ; Clk          ; Clk         ; 1.000        ; -0.033     ; 1.320      ;
; -0.362 ; clk_div:inst4|cntDiv[2]  ; clk_div:inst4|cntDiv[24] ; Clk          ; Clk         ; 1.000        ; 0.155      ; 1.504      ;
; -0.358 ; clk_div:inst4|cntDiv[2]  ; clk_div:inst4|cntDiv[23] ; Clk          ; Clk         ; 1.000        ; 0.155      ; 1.500      ;
; -0.352 ; clk_div:inst4|cntDiv[0]  ; clk_div:inst4|cntDiv[24] ; Clk          ; Clk         ; 1.000        ; 0.155      ; 1.494      ;
; -0.351 ; clk_div:inst4|cntDiv[1]  ; clk_div:inst4|cntDiv[22] ; Clk          ; Clk         ; 1.000        ; 0.155      ; 1.493      ;
; -0.341 ; clk_div:inst4|cntDiv[10] ; clk_div:inst4|cntDiv[25] ; Clk          ; Clk         ; 1.000        ; -0.033     ; 1.295      ;
; -0.336 ; clk_div:inst4|cntDiv[16] ; clk_div:inst4|cntDiv[25] ; Clk          ; Clk         ; 1.000        ; -0.231     ; 1.092      ;
; -0.322 ; clk_div:inst4|cntDiv[1]  ; clk_div:inst4|cntDiv[21] ; Clk          ; Clk         ; 1.000        ; 0.155      ; 1.464      ;
; -0.313 ; clk_div:inst4|cntDiv[0]  ; clk_div:inst4|cntDiv[23] ; Clk          ; Clk         ; 1.000        ; 0.155      ; 1.455      ;
; -0.297 ; clk_div:inst4|cntDiv[9]  ; clk_div:inst4|cntDiv[25] ; Clk          ; Clk         ; 1.000        ; -0.033     ; 1.251      ;
; -0.297 ; clk_div:inst4|cntDiv[4]  ; clk_div:inst4|cntDiv[24] ; Clk          ; Clk         ; 1.000        ; 0.155      ; 1.439      ;
; -0.294 ; clk_div:inst4|cntDiv[2]  ; clk_div:inst4|cntDiv[22] ; Clk          ; Clk         ; 1.000        ; 0.155      ; 1.436      ;
; -0.293 ; clk_div:inst4|cntDiv[4]  ; clk_div:inst4|cntDiv[23] ; Clk          ; Clk         ; 1.000        ; 0.155      ; 1.435      ;
; -0.291 ; clk_div:inst4|cntDiv[15] ; clk_div:inst4|cntDiv[25] ; Clk          ; Clk         ; 1.000        ; -0.231     ; 1.047      ;
; -0.290 ; clk_div:inst4|cntDiv[2]  ; clk_div:inst4|cntDiv[21] ; Clk          ; Clk         ; 1.000        ; 0.155      ; 1.432      ;
; -0.284 ; clk_div:inst4|cntDiv[0]  ; clk_div:inst4|cntDiv[22] ; Clk          ; Clk         ; 1.000        ; 0.155      ; 1.426      ;
; -0.283 ; clk_div:inst4|cntDiv[1]  ; clk_div:inst4|cntDiv[20] ; Clk          ; Clk         ; 1.000        ; 0.155      ; 1.425      ;
; -0.283 ; clk_div:inst4|cntDiv[3]  ; clk_div:inst4|cntDiv[24] ; Clk          ; Clk         ; 1.000        ; 0.155      ; 1.425      ;
; -0.273 ; clk_div:inst4|cntDiv[12] ; clk_div:inst4|cntDiv[25] ; Clk          ; Clk         ; 1.000        ; -0.033     ; 1.227      ;
; -0.269 ; clk_div:inst4|cntDiv[18] ; clk_div:inst4|cntDiv[25] ; Clk          ; Clk         ; 1.000        ; -0.231     ; 1.025      ;
; -0.267 ; clk_div:inst4|cntDiv[1]  ; clk_div:inst4|cntDiv[14] ; Clk          ; Clk         ; 1.000        ; -0.033     ; 1.221      ;
; -0.254 ; clk_div:inst4|cntDiv[1]  ; clk_div:inst4|cntDiv[19] ; Clk          ; Clk         ; 1.000        ; 0.155      ; 1.396      ;
; -0.245 ; clk_div:inst4|cntDiv[3]  ; clk_div:inst4|cntDiv[23] ; Clk          ; Clk         ; 1.000        ; 0.155      ; 1.387      ;
; -0.245 ; clk_div:inst4|cntDiv[0]  ; clk_div:inst4|cntDiv[21] ; Clk          ; Clk         ; 1.000        ; 0.155      ; 1.387      ;
; -0.238 ; clk_div:inst4|cntDiv[1]  ; clk_div:inst4|cntDiv[13] ; Clk          ; Clk         ; 1.000        ; -0.033     ; 1.192      ;
; -0.230 ; clk_div:inst4|cntDiv[6]  ; clk_div:inst4|cntDiv[24] ; Clk          ; Clk         ; 1.000        ; 0.155      ; 1.372      ;
; -0.229 ; clk_div:inst4|cntDiv[11] ; clk_div:inst4|cntDiv[25] ; Clk          ; Clk         ; 1.000        ; -0.033     ; 1.183      ;
; -0.229 ; clk_div:inst4|cntDiv[4]  ; clk_div:inst4|cntDiv[22] ; Clk          ; Clk         ; 1.000        ; 0.155      ; 1.371      ;
; -0.226 ; clk_div:inst4|cntDiv[6]  ; clk_div:inst4|cntDiv[23] ; Clk          ; Clk         ; 1.000        ; 0.155      ; 1.368      ;
; -0.226 ; clk_div:inst4|cntDiv[2]  ; clk_div:inst4|cntDiv[20] ; Clk          ; Clk         ; 1.000        ; 0.155      ; 1.368      ;
; -0.225 ; clk_div:inst4|cntDiv[4]  ; clk_div:inst4|cntDiv[21] ; Clk          ; Clk         ; 1.000        ; 0.155      ; 1.367      ;
; -0.223 ; clk_div:inst4|cntDiv[17] ; clk_div:inst4|cntDiv[25] ; Clk          ; Clk         ; 1.000        ; -0.231     ; 0.979      ;
; -0.222 ; clk_div:inst4|cntDiv[2]  ; clk_div:inst4|cntDiv[19] ; Clk          ; Clk         ; 1.000        ; 0.155      ; 1.364      ;
; -0.216 ; clk_div:inst4|cntDiv[0]  ; clk_div:inst4|cntDiv[20] ; Clk          ; Clk         ; 1.000        ; 0.155      ; 1.358      ;
; -0.215 ; clk_div:inst4|cntDiv[1]  ; clk_div:inst4|cntDiv[18] ; Clk          ; Clk         ; 1.000        ; 0.155      ; 1.357      ;
; -0.215 ; clk_div:inst4|cntDiv[5]  ; clk_div:inst4|cntDiv[24] ; Clk          ; Clk         ; 1.000        ; 0.155      ; 1.357      ;
; -0.215 ; clk_div:inst4|cntDiv[3]  ; clk_div:inst4|cntDiv[22] ; Clk          ; Clk         ; 1.000        ; 0.155      ; 1.357      ;
; -0.211 ; clk_div:inst4|cntDiv[14] ; clk_div:inst4|cntDiv[25] ; Clk          ; Clk         ; 1.000        ; -0.035     ; 1.163      ;
; -0.210 ; clk_div:inst4|cntDiv[2]  ; clk_div:inst4|cntDiv[14] ; Clk          ; Clk         ; 1.000        ; -0.033     ; 1.164      ;
; -0.206 ; clk_div:inst4|cntDiv[2]  ; clk_div:inst4|cntDiv[13] ; Clk          ; Clk         ; 1.000        ; -0.033     ; 1.160      ;
; -0.204 ; clk_div:inst4|cntDiv[20] ; clk_div:inst4|cntDiv[25] ; Clk          ; Clk         ; 1.000        ; -0.231     ; 0.960      ;
; -0.201 ; clk_div:inst4|cntDiv[1]  ; clk_div:inst4|cntDiv[12] ; Clk          ; Clk         ; 1.000        ; -0.035     ; 1.153      ;
; -0.200 ; clk_div:inst4|cntDiv[0]  ; clk_div:inst4|cntDiv[14] ; Clk          ; Clk         ; 1.000        ; -0.033     ; 1.154      ;
; -0.186 ; clk_div:inst4|cntDiv[1]  ; clk_div:inst4|cntDiv[17] ; Clk          ; Clk         ; 1.000        ; 0.155      ; 1.328      ;
; -0.177 ; clk_div:inst4|cntDiv[5]  ; clk_div:inst4|cntDiv[23] ; Clk          ; Clk         ; 1.000        ; 0.155      ; 1.319      ;
; -0.177 ; clk_div:inst4|cntDiv[3]  ; clk_div:inst4|cntDiv[21] ; Clk          ; Clk         ; 1.000        ; 0.155      ; 1.319      ;
; -0.177 ; clk_div:inst4|cntDiv[0]  ; clk_div:inst4|cntDiv[19] ; Clk          ; Clk         ; 1.000        ; 0.155      ; 1.319      ;
; -0.172 ; clk_div:inst4|cntDiv[1]  ; clk_div:inst4|cntDiv[11] ; Clk          ; Clk         ; 1.000        ; -0.035     ; 1.124      ;
; -0.162 ; clk_div:inst4|cntDiv[13] ; clk_div:inst4|cntDiv[25] ; Clk          ; Clk         ; 1.000        ; -0.035     ; 1.114      ;
; -0.162 ; clk_div:inst4|cntDiv[6]  ; clk_div:inst4|cntDiv[22] ; Clk          ; Clk         ; 1.000        ; 0.155      ; 1.304      ;
; -0.161 ; clk_div:inst4|cntDiv[4]  ; clk_div:inst4|cntDiv[20] ; Clk          ; Clk         ; 1.000        ; 0.155      ; 1.303      ;
; -0.161 ; clk_div:inst4|cntDiv[0]  ; clk_div:inst4|cntDiv[13] ; Clk          ; Clk         ; 1.000        ; -0.033     ; 1.115      ;
; -0.158 ; clk_div:inst4|cntDiv[6]  ; clk_div:inst4|cntDiv[21] ; Clk          ; Clk         ; 1.000        ; 0.155      ; 1.300      ;
; -0.158 ; clk_div:inst4|cntDiv[2]  ; clk_div:inst4|cntDiv[18] ; Clk          ; Clk         ; 1.000        ; 0.155      ; 1.300      ;
; -0.157 ; clk_div:inst4|cntDiv[8]  ; clk_div:inst4|cntDiv[24] ; Clk          ; Clk         ; 1.000        ; 0.155      ; 1.299      ;
; -0.157 ; clk_div:inst4|cntDiv[4]  ; clk_div:inst4|cntDiv[19] ; Clk          ; Clk         ; 1.000        ; 0.155      ; 1.299      ;
; -0.156 ; clk_div:inst4|cntDiv[19] ; clk_div:inst4|cntDiv[25] ; Clk          ; Clk         ; 1.000        ; -0.231     ; 0.912      ;
; -0.154 ; clk_div:inst4|cntDiv[2]  ; clk_div:inst4|cntDiv[17] ; Clk          ; Clk         ; 1.000        ; 0.155      ; 1.296      ;
; -0.153 ; clk_div:inst4|cntDiv[8]  ; clk_div:inst4|cntDiv[23] ; Clk          ; Clk         ; 1.000        ; 0.155      ; 1.295      ;
; -0.148 ; clk_div:inst4|cntDiv[7]  ; clk_div:inst4|cntDiv[24] ; Clk          ; Clk         ; 1.000        ; 0.155      ; 1.290      ;
; -0.148 ; clk_div:inst4|cntDiv[0]  ; clk_div:inst4|cntDiv[18] ; Clk          ; Clk         ; 1.000        ; 0.155      ; 1.290      ;
; -0.147 ; clk_div:inst4|cntDiv[1]  ; clk_div:inst4|cntDiv[16] ; Clk          ; Clk         ; 1.000        ; 0.155      ; 1.289      ;
; -0.147 ; clk_div:inst4|cntDiv[5]  ; clk_div:inst4|cntDiv[22] ; Clk          ; Clk         ; 1.000        ; 0.155      ; 1.289      ;
; -0.147 ; clk_div:inst4|cntDiv[3]  ; clk_div:inst4|cntDiv[20] ; Clk          ; Clk         ; 1.000        ; 0.155      ; 1.289      ;
; -0.145 ; clk_div:inst4|cntDiv[4]  ; clk_div:inst4|cntDiv[14] ; Clk          ; Clk         ; 1.000        ; -0.033     ; 1.099      ;
; -0.144 ; clk_div:inst4|cntDiv[2]  ; clk_div:inst4|cntDiv[12] ; Clk          ; Clk         ; 1.000        ; -0.035     ; 1.096      ;
; -0.141 ; clk_div:inst4|cntDiv[4]  ; clk_div:inst4|cntDiv[13] ; Clk          ; Clk         ; 1.000        ; -0.033     ; 1.095      ;
; -0.140 ; clk_div:inst4|cntDiv[2]  ; clk_div:inst4|cntDiv[11] ; Clk          ; Clk         ; 1.000        ; -0.035     ; 1.092      ;
; -0.137 ; clk_div:inst4|cntDiv[22] ; clk_div:inst4|cntDiv[25] ; Clk          ; Clk         ; 1.000        ; -0.231     ; 0.893      ;
; -0.134 ; clk_div:inst4|cntDiv[0]  ; clk_div:inst4|cntDiv[12] ; Clk          ; Clk         ; 1.000        ; -0.035     ; 1.086      ;
; -0.133 ; clk_div:inst4|cntDiv[1]  ; clk_div:inst4|cntDiv[10] ; Clk          ; Clk         ; 1.000        ; -0.035     ; 1.085      ;
; -0.131 ; clk_div:inst4|cntDiv[3]  ; clk_div:inst4|cntDiv[14] ; Clk          ; Clk         ; 1.000        ; -0.033     ; 1.085      ;
; -0.118 ; clk_div:inst4|cntDiv[1]  ; clk_div:inst4|cntDiv[15] ; Clk          ; Clk         ; 1.000        ; 0.155      ; 1.260      ;
; -0.110 ; clk_div:inst4|cntDiv[7]  ; clk_div:inst4|cntDiv[23] ; Clk          ; Clk         ; 1.000        ; 0.155      ; 1.252      ;
; -0.109 ; clk_div:inst4|cntDiv[5]  ; clk_div:inst4|cntDiv[21] ; Clk          ; Clk         ; 1.000        ; 0.155      ; 1.251      ;
; -0.109 ; clk_div:inst4|cntDiv[3]  ; clk_div:inst4|cntDiv[19] ; Clk          ; Clk         ; 1.000        ; 0.155      ; 1.251      ;
; -0.109 ; clk_div:inst4|cntDiv[0]  ; clk_div:inst4|cntDiv[17] ; Clk          ; Clk         ; 1.000        ; 0.155      ; 1.251      ;
; -0.104 ; clk_div:inst4|cntDiv[1]  ; clk_div:inst4|cntDiv[9]  ; Clk          ; Clk         ; 1.000        ; -0.035     ; 1.056      ;
; -0.095 ; clk_div:inst4|cntDiv[0]  ; clk_div:inst4|cntDiv[11] ; Clk          ; Clk         ; 1.000        ; -0.035     ; 1.047      ;
; -0.094 ; clk_div:inst4|cntDiv[6]  ; clk_div:inst4|cntDiv[20] ; Clk          ; Clk         ; 1.000        ; 0.155      ; 1.236      ;
; -0.093 ; clk_div:inst4|cntDiv[3]  ; clk_div:inst4|cntDiv[13] ; Clk          ; Clk         ; 1.000        ; -0.033     ; 1.047      ;
; -0.093 ; clk_div:inst4|cntDiv[4]  ; clk_div:inst4|cntDiv[18] ; Clk          ; Clk         ; 1.000        ; 0.155      ; 1.235      ;
; -0.090 ; clk_div:inst4|cntDiv[6]  ; clk_div:inst4|cntDiv[19] ; Clk          ; Clk         ; 1.000        ; 0.155      ; 1.232      ;
; -0.090 ; clk_div:inst4|cntDiv[2]  ; clk_div:inst4|cntDiv[16] ; Clk          ; Clk         ; 1.000        ; 0.155      ; 1.232      ;
; -0.089 ; clk_div:inst4|cntDiv[10] ; clk_div:inst4|cntDiv[24] ; Clk          ; Clk         ; 1.000        ; 0.155      ; 1.231      ;
; -0.089 ; clk_div:inst4|cntDiv[8]  ; clk_div:inst4|cntDiv[22] ; Clk          ; Clk         ; 1.000        ; 0.155      ; 1.231      ;
; -0.089 ; clk_div:inst4|cntDiv[4]  ; clk_div:inst4|cntDiv[17] ; Clk          ; Clk         ; 1.000        ; 0.155      ; 1.231      ;
; -0.088 ; clk_div:inst4|cntDiv[21] ; clk_div:inst4|cntDiv[25] ; Clk          ; Clk         ; 1.000        ; -0.231     ; 0.844      ;
; -0.086 ; clk_div:inst4|cntDiv[2]  ; clk_div:inst4|cntDiv[15] ; Clk          ; Clk         ; 1.000        ; 0.155      ; 1.228      ;
; -0.085 ; clk_div:inst4|cntDiv[10] ; clk_div:inst4|cntDiv[23] ; Clk          ; Clk         ; 1.000        ; 0.155      ; 1.227      ;
+--------+--------------------------+--------------------------+--------------+-------------+--------------+------------+------------+


+----------------------------------------------------------------------------------------------------------------------------------------------------+
; Fast 1200mV 0C Model Setup: 'clk_div:inst4|cntDiv[25]'                                                                                             ;
+-------+----------------------+----------------------+--------------------------+--------------------------+--------------+------------+------------+
; Slack ; From Node            ; To Node              ; Launch Clock             ; Latch Clock              ; Relationship ; Clock Skew ; Data Delay ;
+-------+----------------------+----------------------+--------------------------+--------------------------+--------------+------------+------------+
; 0.555 ; cnt_4bit:inst7|inst3 ; cnt_4bit:inst7|inst  ; clk_div:inst4|cntDiv[25] ; clk_div:inst4|cntDiv[25] ; 1.000        ; -0.036     ; 0.396      ;
; 0.558 ; cnt_4bit:inst7|inst3 ; Reg_4bit:inst8|inst3 ; clk_div:inst4|cntDiv[25] ; clk_div:inst4|cntDiv[25] ; 1.000        ; -0.036     ; 0.393      ;
; 0.560 ; cnt_4bit:inst7|inst3 ; cnt_4bit:inst7|inst2 ; clk_div:inst4|cntDiv[25] ; clk_div:inst4|cntDiv[25] ; 1.000        ; -0.036     ; 0.391      ;
; 0.560 ; cnt_4bit:inst7|inst2 ; Reg_4bit:inst8|inst2 ; clk_div:inst4|cntDiv[25] ; clk_div:inst4|cntDiv[25] ; 1.000        ; -0.036     ; 0.391      ;
; 0.561 ; cnt_4bit:inst7|inst2 ; cnt_4bit:inst7|inst3 ; clk_div:inst4|cntDiv[25] ; clk_div:inst4|cntDiv[25] ; 1.000        ; -0.036     ; 0.390      ;
; 0.566 ; cnt_4bit:inst7|inst  ; Reg_4bit:inst8|inst  ; clk_div:inst4|cntDiv[25] ; clk_div:inst4|cntDiv[25] ; 1.000        ; -0.036     ; 0.385      ;
+-------+----------------------+----------------------+--------------------------+--------------------------+--------------+------------+------------+


+------------------------------------------------------------------------------------------------------------------------------------------------+
; Fast 1200mV 0C Model Hold: 'Clk'                                                                                                               ;
+--------+--------------------------+--------------------------+--------------------------+-------------+--------------+------------+------------+
; Slack  ; From Node                ; To Node                  ; Launch Clock             ; Latch Clock ; Relationship ; Clock Skew ; Data Delay ;
+--------+--------------------------+--------------------------+--------------------------+-------------+--------------+------------+------------+
; -0.075 ; clk_div:inst4|cntDiv[25] ; clk_div:inst4|cntDiv[25] ; clk_div:inst4|cntDiv[25] ; Clk         ; 0.000        ; 1.377      ; 1.521      ;
; 0.195  ; clk_div:inst4|cntDiv[0]  ; clk_div:inst4|cntDiv[0]  ; Clk                      ; Clk         ; 0.000        ; 0.035      ; 0.314      ;
; 0.248  ; clk_div:inst4|cntDiv[14] ; clk_div:inst4|cntDiv[15] ; Clk                      ; Clk         ; 0.000        ; 0.231      ; 0.563      ;
; 0.260  ; clk_div:inst4|cntDiv[13] ; clk_div:inst4|cntDiv[15] ; Clk                      ; Clk         ; 0.000        ; 0.231      ; 0.575      ;
; 0.286  ; clk_div:inst4|cntDiv[16] ; clk_div:inst4|cntDiv[16] ; Clk                      ; Clk         ; 0.000        ; 0.043      ; 0.413      ;
; 0.287  ; clk_div:inst4|cntDiv[18] ; clk_div:inst4|cntDiv[18] ; Clk                      ; Clk         ; 0.000        ; 0.043      ; 0.414      ;
; 0.287  ; clk_div:inst4|cntDiv[24] ; clk_div:inst4|cntDiv[24] ; Clk                      ; Clk         ; 0.000        ; 0.043      ; 0.414      ;
; 0.288  ; clk_div:inst4|cntDiv[19] ; clk_div:inst4|cntDiv[19] ; Clk                      ; Clk         ; 0.000        ; 0.043      ; 0.415      ;
; 0.288  ; clk_div:inst4|cntDiv[20] ; clk_div:inst4|cntDiv[20] ; Clk                      ; Clk         ; 0.000        ; 0.043      ; 0.415      ;
; 0.288  ; clk_div:inst4|cntDiv[22] ; clk_div:inst4|cntDiv[22] ; Clk                      ; Clk         ; 0.000        ; 0.043      ; 0.415      ;
; 0.288  ; clk_div:inst4|cntDiv[15] ; clk_div:inst4|cntDiv[15] ; Clk                      ; Clk         ; 0.000        ; 0.043      ; 0.415      ;
; 0.289  ; clk_div:inst4|cntDiv[17] ; clk_div:inst4|cntDiv[17] ; Clk                      ; Clk         ; 0.000        ; 0.043      ; 0.416      ;
; 0.289  ; clk_div:inst4|cntDiv[21] ; clk_div:inst4|cntDiv[21] ; Clk                      ; Clk         ; 0.000        ; 0.043      ; 0.416      ;
; 0.289  ; clk_div:inst4|cntDiv[23] ; clk_div:inst4|cntDiv[23] ; Clk                      ; Clk         ; 0.000        ; 0.043      ; 0.416      ;
; 0.293  ; clk_div:inst4|cntDiv[10] ; clk_div:inst4|cntDiv[10] ; Clk                      ; Clk         ; 0.000        ; 0.035      ; 0.412      ;
; 0.293  ; clk_div:inst4|cntDiv[12] ; clk_div:inst4|cntDiv[12] ; Clk                      ; Clk         ; 0.000        ; 0.035      ; 0.412      ;
; 0.294  ; clk_div:inst4|cntDiv[2]  ; clk_div:inst4|cntDiv[2]  ; Clk                      ; Clk         ; 0.000        ; 0.035      ; 0.413      ;
; 0.294  ; clk_div:inst4|cntDiv[8]  ; clk_div:inst4|cntDiv[8]  ; Clk                      ; Clk         ; 0.000        ; 0.035      ; 0.413      ;
; 0.295  ; clk_div:inst4|cntDiv[3]  ; clk_div:inst4|cntDiv[3]  ; Clk                      ; Clk         ; 0.000        ; 0.035      ; 0.414      ;
; 0.295  ; clk_div:inst4|cntDiv[4]  ; clk_div:inst4|cntDiv[4]  ; Clk                      ; Clk         ; 0.000        ; 0.035      ; 0.414      ;
; 0.295  ; clk_div:inst4|cntDiv[6]  ; clk_div:inst4|cntDiv[6]  ; Clk                      ; Clk         ; 0.000        ; 0.035      ; 0.414      ;
; 0.295  ; clk_div:inst4|cntDiv[13] ; clk_div:inst4|cntDiv[13] ; Clk                      ; Clk         ; 0.000        ; 0.035      ; 0.414      ;
; 0.295  ; clk_div:inst4|cntDiv[14] ; clk_div:inst4|cntDiv[14] ; Clk                      ; Clk         ; 0.000        ; 0.035      ; 0.414      ;
; 0.296  ; clk_div:inst4|cntDiv[5]  ; clk_div:inst4|cntDiv[5]  ; Clk                      ; Clk         ; 0.000        ; 0.035      ; 0.415      ;
; 0.296  ; clk_div:inst4|cntDiv[7]  ; clk_div:inst4|cntDiv[7]  ; Clk                      ; Clk         ; 0.000        ; 0.035      ; 0.415      ;
; 0.296  ; clk_div:inst4|cntDiv[9]  ; clk_div:inst4|cntDiv[9]  ; Clk                      ; Clk         ; 0.000        ; 0.035      ; 0.415      ;
; 0.296  ; clk_div:inst4|cntDiv[11] ; clk_div:inst4|cntDiv[11] ; Clk                      ; Clk         ; 0.000        ; 0.035      ; 0.415      ;
; 0.301  ; clk_div:inst4|cntDiv[0]  ; clk_div:inst4|cntDiv[1]  ; Clk                      ; Clk         ; 0.000        ; 0.035      ; 0.420      ;
; 0.310  ; clk_div:inst4|cntDiv[12] ; clk_div:inst4|cntDiv[15] ; Clk                      ; Clk         ; 0.000        ; 0.233      ; 0.627      ;
; 0.311  ; clk_div:inst4|cntDiv[14] ; clk_div:inst4|cntDiv[16] ; Clk                      ; Clk         ; 0.000        ; 0.231      ; 0.626      ;
; 0.314  ; clk_div:inst4|cntDiv[14] ; clk_div:inst4|cntDiv[17] ; Clk                      ; Clk         ; 0.000        ; 0.231      ; 0.629      ;
; 0.323  ; clk_div:inst4|cntDiv[13] ; clk_div:inst4|cntDiv[16] ; Clk                      ; Clk         ; 0.000        ; 0.231      ; 0.638      ;
; 0.325  ; clk_div:inst4|cntDiv[11] ; clk_div:inst4|cntDiv[15] ; Clk                      ; Clk         ; 0.000        ; 0.233      ; 0.642      ;
; 0.326  ; clk_div:inst4|cntDiv[13] ; clk_div:inst4|cntDiv[17] ; Clk                      ; Clk         ; 0.000        ; 0.231      ; 0.641      ;
; 0.366  ; clk_div:inst4|cntDiv[1]  ; clk_div:inst4|cntDiv[1]  ; Clk                      ; Clk         ; 0.000        ; 0.035      ; 0.485      ;
; 0.373  ; clk_div:inst4|cntDiv[12] ; clk_div:inst4|cntDiv[16] ; Clk                      ; Clk         ; 0.000        ; 0.233      ; 0.690      ;
; 0.376  ; clk_div:inst4|cntDiv[10] ; clk_div:inst4|cntDiv[15] ; Clk                      ; Clk         ; 0.000        ; 0.233      ; 0.693      ;
; 0.376  ; clk_div:inst4|cntDiv[12] ; clk_div:inst4|cntDiv[17] ; Clk                      ; Clk         ; 0.000        ; 0.233      ; 0.693      ;
; 0.377  ; clk_div:inst4|cntDiv[14] ; clk_div:inst4|cntDiv[18] ; Clk                      ; Clk         ; 0.000        ; 0.231      ; 0.692      ;
; 0.380  ; clk_div:inst4|cntDiv[14] ; clk_div:inst4|cntDiv[19] ; Clk                      ; Clk         ; 0.000        ; 0.231      ; 0.695      ;
; 0.388  ; clk_div:inst4|cntDiv[11] ; clk_div:inst4|cntDiv[16] ; Clk                      ; Clk         ; 0.000        ; 0.233      ; 0.705      ;
; 0.389  ; clk_div:inst4|cntDiv[13] ; clk_div:inst4|cntDiv[18] ; Clk                      ; Clk         ; 0.000        ; 0.231      ; 0.704      ;
; 0.391  ; clk_div:inst4|cntDiv[9]  ; clk_div:inst4|cntDiv[15] ; Clk                      ; Clk         ; 0.000        ; 0.233      ; 0.708      ;
; 0.391  ; clk_div:inst4|cntDiv[11] ; clk_div:inst4|cntDiv[17] ; Clk                      ; Clk         ; 0.000        ; 0.233      ; 0.708      ;
; 0.392  ; clk_div:inst4|cntDiv[13] ; clk_div:inst4|cntDiv[19] ; Clk                      ; Clk         ; 0.000        ; 0.231      ; 0.707      ;
; 0.435  ; clk_div:inst4|cntDiv[16] ; clk_div:inst4|cntDiv[17] ; Clk                      ; Clk         ; 0.000        ; 0.043      ; 0.562      ;
; 0.436  ; clk_div:inst4|cntDiv[18] ; clk_div:inst4|cntDiv[19] ; Clk                      ; Clk         ; 0.000        ; 0.043      ; 0.563      ;
; 0.437  ; clk_div:inst4|cntDiv[20] ; clk_div:inst4|cntDiv[21] ; Clk                      ; Clk         ; 0.000        ; 0.043      ; 0.564      ;
; 0.437  ; clk_div:inst4|cntDiv[22] ; clk_div:inst4|cntDiv[23] ; Clk                      ; Clk         ; 0.000        ; 0.043      ; 0.564      ;
; 0.439  ; clk_div:inst4|cntDiv[10] ; clk_div:inst4|cntDiv[16] ; Clk                      ; Clk         ; 0.000        ; 0.233      ; 0.756      ;
; 0.439  ; clk_div:inst4|cntDiv[12] ; clk_div:inst4|cntDiv[18] ; Clk                      ; Clk         ; 0.000        ; 0.233      ; 0.756      ;
; 0.440  ; clk_div:inst4|cntDiv[12] ; clk_div:inst4|cntDiv[13] ; Clk                      ; Clk         ; 0.000        ; 0.037      ; 0.561      ;
; 0.442  ; clk_div:inst4|cntDiv[10] ; clk_div:inst4|cntDiv[11] ; Clk                      ; Clk         ; 0.000        ; 0.035      ; 0.561      ;
; 0.442  ; clk_div:inst4|cntDiv[10] ; clk_div:inst4|cntDiv[17] ; Clk                      ; Clk         ; 0.000        ; 0.233      ; 0.759      ;
; 0.442  ; clk_div:inst4|cntDiv[12] ; clk_div:inst4|cntDiv[19] ; Clk                      ; Clk         ; 0.000        ; 0.233      ; 0.759      ;
; 0.443  ; clk_div:inst4|cntDiv[14] ; clk_div:inst4|cntDiv[20] ; Clk                      ; Clk         ; 0.000        ; 0.231      ; 0.758      ;
; 0.443  ; clk_div:inst4|cntDiv[2]  ; clk_div:inst4|cntDiv[3]  ; Clk                      ; Clk         ; 0.000        ; 0.035      ; 0.562      ;
; 0.443  ; clk_div:inst4|cntDiv[8]  ; clk_div:inst4|cntDiv[9]  ; Clk                      ; Clk         ; 0.000        ; 0.035      ; 0.562      ;
; 0.443  ; clk_div:inst4|cntDiv[8]  ; clk_div:inst4|cntDiv[15] ; Clk                      ; Clk         ; 0.000        ; 0.233      ; 0.760      ;
; 0.444  ; clk_div:inst4|cntDiv[4]  ; clk_div:inst4|cntDiv[5]  ; Clk                      ; Clk         ; 0.000        ; 0.035      ; 0.563      ;
; 0.444  ; clk_div:inst4|cntDiv[6]  ; clk_div:inst4|cntDiv[7]  ; Clk                      ; Clk         ; 0.000        ; 0.035      ; 0.563      ;
; 0.446  ; clk_div:inst4|cntDiv[15] ; clk_div:inst4|cntDiv[16] ; Clk                      ; Clk         ; 0.000        ; 0.043      ; 0.573      ;
; 0.446  ; clk_div:inst4|cntDiv[14] ; clk_div:inst4|cntDiv[21] ; Clk                      ; Clk         ; 0.000        ; 0.231      ; 0.761      ;
; 0.446  ; clk_div:inst4|cntDiv[19] ; clk_div:inst4|cntDiv[20] ; Clk                      ; Clk         ; 0.000        ; 0.043      ; 0.573      ;
; 0.447  ; clk_div:inst4|cntDiv[23] ; clk_div:inst4|cntDiv[24] ; Clk                      ; Clk         ; 0.000        ; 0.043      ; 0.574      ;
; 0.447  ; clk_div:inst4|cntDiv[21] ; clk_div:inst4|cntDiv[22] ; Clk                      ; Clk         ; 0.000        ; 0.043      ; 0.574      ;
; 0.447  ; clk_div:inst4|cntDiv[17] ; clk_div:inst4|cntDiv[18] ; Clk                      ; Clk         ; 0.000        ; 0.043      ; 0.574      ;
; 0.449  ; clk_div:inst4|cntDiv[15] ; clk_div:inst4|cntDiv[17] ; Clk                      ; Clk         ; 0.000        ; 0.043      ; 0.576      ;
; 0.449  ; clk_div:inst4|cntDiv[19] ; clk_div:inst4|cntDiv[21] ; Clk                      ; Clk         ; 0.000        ; 0.043      ; 0.576      ;
; 0.450  ; clk_div:inst4|cntDiv[17] ; clk_div:inst4|cntDiv[19] ; Clk                      ; Clk         ; 0.000        ; 0.043      ; 0.577      ;
; 0.450  ; clk_div:inst4|cntDiv[21] ; clk_div:inst4|cntDiv[23] ; Clk                      ; Clk         ; 0.000        ; 0.043      ; 0.577      ;
; 0.453  ; clk_div:inst4|cntDiv[3]  ; clk_div:inst4|cntDiv[4]  ; Clk                      ; Clk         ; 0.000        ; 0.035      ; 0.572      ;
; 0.453  ; clk_div:inst4|cntDiv[13] ; clk_div:inst4|cntDiv[14] ; Clk                      ; Clk         ; 0.000        ; 0.035      ; 0.572      ;
; 0.454  ; clk_div:inst4|cntDiv[9]  ; clk_div:inst4|cntDiv[10] ; Clk                      ; Clk         ; 0.000        ; 0.035      ; 0.573      ;
; 0.454  ; clk_div:inst4|cntDiv[11] ; clk_div:inst4|cntDiv[12] ; Clk                      ; Clk         ; 0.000        ; 0.035      ; 0.573      ;
; 0.454  ; clk_div:inst4|cntDiv[0]  ; clk_div:inst4|cntDiv[2]  ; Clk                      ; Clk         ; 0.000        ; 0.035      ; 0.573      ;
; 0.454  ; clk_div:inst4|cntDiv[7]  ; clk_div:inst4|cntDiv[8]  ; Clk                      ; Clk         ; 0.000        ; 0.035      ; 0.573      ;
; 0.454  ; clk_div:inst4|cntDiv[5]  ; clk_div:inst4|cntDiv[6]  ; Clk                      ; Clk         ; 0.000        ; 0.035      ; 0.573      ;
; 0.454  ; clk_div:inst4|cntDiv[9]  ; clk_div:inst4|cntDiv[16] ; Clk                      ; Clk         ; 0.000        ; 0.233      ; 0.771      ;
; 0.454  ; clk_div:inst4|cntDiv[11] ; clk_div:inst4|cntDiv[18] ; Clk                      ; Clk         ; 0.000        ; 0.233      ; 0.771      ;
; 0.455  ; clk_div:inst4|cntDiv[11] ; clk_div:inst4|cntDiv[13] ; Clk                      ; Clk         ; 0.000        ; 0.037      ; 0.576      ;
; 0.455  ; clk_div:inst4|cntDiv[13] ; clk_div:inst4|cntDiv[20] ; Clk                      ; Clk         ; 0.000        ; 0.231      ; 0.770      ;
; 0.456  ; clk_div:inst4|cntDiv[3]  ; clk_div:inst4|cntDiv[5]  ; Clk                      ; Clk         ; 0.000        ; 0.035      ; 0.575      ;
; 0.457  ; clk_div:inst4|cntDiv[9]  ; clk_div:inst4|cntDiv[11] ; Clk                      ; Clk         ; 0.000        ; 0.035      ; 0.576      ;
; 0.457  ; clk_div:inst4|cntDiv[9]  ; clk_div:inst4|cntDiv[17] ; Clk                      ; Clk         ; 0.000        ; 0.233      ; 0.774      ;
; 0.457  ; clk_div:inst4|cntDiv[11] ; clk_div:inst4|cntDiv[19] ; Clk                      ; Clk         ; 0.000        ; 0.233      ; 0.774      ;
; 0.457  ; clk_div:inst4|cntDiv[0]  ; clk_div:inst4|cntDiv[3]  ; Clk                      ; Clk         ; 0.000        ; 0.035      ; 0.576      ;
; 0.457  ; clk_div:inst4|cntDiv[7]  ; clk_div:inst4|cntDiv[9]  ; Clk                      ; Clk         ; 0.000        ; 0.035      ; 0.576      ;
; 0.457  ; clk_div:inst4|cntDiv[7]  ; clk_div:inst4|cntDiv[15] ; Clk                      ; Clk         ; 0.000        ; 0.233      ; 0.774      ;
; 0.457  ; clk_div:inst4|cntDiv[5]  ; clk_div:inst4|cntDiv[7]  ; Clk                      ; Clk         ; 0.000        ; 0.035      ; 0.576      ;
; 0.458  ; clk_div:inst4|cntDiv[13] ; clk_div:inst4|cntDiv[21] ; Clk                      ; Clk         ; 0.000        ; 0.231      ; 0.773      ;
; 0.498  ; clk_div:inst4|cntDiv[16] ; clk_div:inst4|cntDiv[18] ; Clk                      ; Clk         ; 0.000        ; 0.043      ; 0.625      ;
; 0.499  ; clk_div:inst4|cntDiv[18] ; clk_div:inst4|cntDiv[20] ; Clk                      ; Clk         ; 0.000        ; 0.043      ; 0.626      ;
; 0.500  ; clk_div:inst4|cntDiv[22] ; clk_div:inst4|cntDiv[24] ; Clk                      ; Clk         ; 0.000        ; 0.043      ; 0.627      ;
; 0.500  ; clk_div:inst4|cntDiv[20] ; clk_div:inst4|cntDiv[22] ; Clk                      ; Clk         ; 0.000        ; 0.043      ; 0.627      ;
; 0.501  ; clk_div:inst4|cntDiv[16] ; clk_div:inst4|cntDiv[19] ; Clk                      ; Clk         ; 0.000        ; 0.043      ; 0.628      ;
; 0.502  ; clk_div:inst4|cntDiv[18] ; clk_div:inst4|cntDiv[21] ; Clk                      ; Clk         ; 0.000        ; 0.043      ; 0.629      ;
; 0.503  ; clk_div:inst4|cntDiv[20] ; clk_div:inst4|cntDiv[23] ; Clk                      ; Clk         ; 0.000        ; 0.043      ; 0.630      ;
; 0.503  ; clk_div:inst4|cntDiv[12] ; clk_div:inst4|cntDiv[14] ; Clk                      ; Clk         ; 0.000        ; 0.037      ; 0.624      ;
; 0.505  ; clk_div:inst4|cntDiv[10] ; clk_div:inst4|cntDiv[12] ; Clk                      ; Clk         ; 0.000        ; 0.035      ; 0.624      ;
+--------+--------------------------+--------------------------+--------------------------+-------------+--------------+------------+------------+


+----------------------------------------------------------------------------------------------------------------------------------------------------+
; Fast 1200mV 0C Model Hold: 'clk_div:inst4|cntDiv[25]'                                                                                              ;
+-------+----------------------+----------------------+--------------------------+--------------------------+--------------+------------+------------+
; Slack ; From Node            ; To Node              ; Launch Clock             ; Latch Clock              ; Relationship ; Clock Skew ; Data Delay ;
+-------+----------------------+----------------------+--------------------------+--------------------------+--------------+------------+------------+
; 0.205 ; cnt_4bit:inst7|inst  ; Reg_4bit:inst8|inst  ; clk_div:inst4|cntDiv[25] ; clk_div:inst4|cntDiv[25] ; 0.000        ; 0.036      ; 0.325      ;
; 0.209 ; cnt_4bit:inst7|inst2 ; cnt_4bit:inst7|inst3 ; clk_div:inst4|cntDiv[25] ; clk_div:inst4|cntDiv[25] ; 0.000        ; 0.036      ; 0.329      ;
; 0.210 ; cnt_4bit:inst7|inst2 ; Reg_4bit:inst8|inst2 ; clk_div:inst4|cntDiv[25] ; clk_div:inst4|cntDiv[25] ; 0.000        ; 0.036      ; 0.330      ;
; 0.212 ; cnt_4bit:inst7|inst3 ; cnt_4bit:inst7|inst  ; clk_div:inst4|cntDiv[25] ; clk_div:inst4|cntDiv[25] ; 0.000        ; 0.036      ; 0.332      ;
; 0.213 ; cnt_4bit:inst7|inst3 ; Reg_4bit:inst8|inst3 ; clk_div:inst4|cntDiv[25] ; clk_div:inst4|cntDiv[25] ; 0.000        ; 0.036      ; 0.333      ;
; 0.217 ; cnt_4bit:inst7|inst3 ; cnt_4bit:inst7|inst2 ; clk_div:inst4|cntDiv[25] ; clk_div:inst4|cntDiv[25] ; 0.000        ; 0.036      ; 0.337      ;
+-------+----------------------+----------------------+--------------------------+--------------------------+--------------+------------+------------+


+------------------------------------------------------------------------------------------------------------+
; Fast 1200mV 0C Model Minimum Pulse Width: 'Clk'                                                            ;
+--------+--------------+----------------+------------------+-------+------------+---------------------------+
; Slack  ; Actual Width ; Required Width ; Type             ; Clock ; Clock Edge ; Target                    ;
+--------+--------------+----------------+------------------+-------+------------+---------------------------+
; -3.000 ; 1.000        ; 4.000          ; Port Rate        ; Clk   ; Rise       ; Clk                       ;
; -1.000 ; 1.000        ; 2.000          ; Min Period       ; Clk   ; Rise       ; clk_div:inst4|cntDiv[0]   ;
; -1.000 ; 1.000        ; 2.000          ; Min Period       ; Clk   ; Rise       ; clk_div:inst4|cntDiv[10]  ;
; -1.000 ; 1.000        ; 2.000          ; Min Period       ; Clk   ; Rise       ; clk_div:inst4|cntDiv[11]  ;
; -1.000 ; 1.000        ; 2.000          ; Min Period       ; Clk   ; Rise       ; clk_div:inst4|cntDiv[12]  ;
; -1.000 ; 1.000        ; 2.000          ; Min Period       ; Clk   ; Rise       ; clk_div:inst4|cntDiv[13]  ;
; -1.000 ; 1.000        ; 2.000          ; Min Period       ; Clk   ; Rise       ; clk_div:inst4|cntDiv[14]  ;
; -1.000 ; 1.000        ; 2.000          ; Min Period       ; Clk   ; Rise       ; clk_div:inst4|cntDiv[15]  ;
; -1.000 ; 1.000        ; 2.000          ; Min Period       ; Clk   ; Rise       ; clk_div:inst4|cntDiv[16]  ;
; -1.000 ; 1.000        ; 2.000          ; Min Period       ; Clk   ; Rise       ; clk_div:inst4|cntDiv[17]  ;
; -1.000 ; 1.000        ; 2.000          ; Min Period       ; Clk   ; Rise       ; clk_div:inst4|cntDiv[18]  ;
; -1.000 ; 1.000        ; 2.000          ; Min Period       ; Clk   ; Rise       ; clk_div:inst4|cntDiv[19]  ;
; -1.000 ; 1.000        ; 2.000          ; Min Period       ; Clk   ; Rise       ; clk_div:inst4|cntDiv[1]   ;
; -1.000 ; 1.000        ; 2.000          ; Min Period       ; Clk   ; Rise       ; clk_div:inst4|cntDiv[20]  ;
; -1.000 ; 1.000        ; 2.000          ; Min Period       ; Clk   ; Rise       ; clk_div:inst4|cntDiv[21]  ;
; -1.000 ; 1.000        ; 2.000          ; Min Period       ; Clk   ; Rise       ; clk_div:inst4|cntDiv[22]  ;
; -1.000 ; 1.000        ; 2.000          ; Min Period       ; Clk   ; Rise       ; clk_div:inst4|cntDiv[23]  ;
; -1.000 ; 1.000        ; 2.000          ; Min Period       ; Clk   ; Rise       ; clk_div:inst4|cntDiv[24]  ;
; -1.000 ; 1.000        ; 2.000          ; Min Period       ; Clk   ; Rise       ; clk_div:inst4|cntDiv[25]  ;
; -1.000 ; 1.000        ; 2.000          ; Min Period       ; Clk   ; Rise       ; clk_div:inst4|cntDiv[2]   ;
; -1.000 ; 1.000        ; 2.000          ; Min Period       ; Clk   ; Rise       ; clk_div:inst4|cntDiv[3]   ;
; -1.000 ; 1.000        ; 2.000          ; Min Period       ; Clk   ; Rise       ; clk_div:inst4|cntDiv[4]   ;
; -1.000 ; 1.000        ; 2.000          ; Min Period       ; Clk   ; Rise       ; clk_div:inst4|cntDiv[5]   ;
; -1.000 ; 1.000        ; 2.000          ; Min Period       ; Clk   ; Rise       ; clk_div:inst4|cntDiv[6]   ;
; -1.000 ; 1.000        ; 2.000          ; Min Period       ; Clk   ; Rise       ; clk_div:inst4|cntDiv[7]   ;
; -1.000 ; 1.000        ; 2.000          ; Min Period       ; Clk   ; Rise       ; clk_div:inst4|cntDiv[8]   ;
; -1.000 ; 1.000        ; 2.000          ; Min Period       ; Clk   ; Rise       ; clk_div:inst4|cntDiv[9]   ;
; -0.081 ; 0.103        ; 0.184          ; Low Pulse Width  ; Clk   ; Rise       ; clk_div:inst4|cntDiv[15]  ;
; -0.081 ; 0.103        ; 0.184          ; Low Pulse Width  ; Clk   ; Rise       ; clk_div:inst4|cntDiv[16]  ;
; -0.081 ; 0.103        ; 0.184          ; Low Pulse Width  ; Clk   ; Rise       ; clk_div:inst4|cntDiv[17]  ;
; -0.081 ; 0.103        ; 0.184          ; Low Pulse Width  ; Clk   ; Rise       ; clk_div:inst4|cntDiv[18]  ;
; -0.081 ; 0.103        ; 0.184          ; Low Pulse Width  ; Clk   ; Rise       ; clk_div:inst4|cntDiv[19]  ;
; -0.081 ; 0.103        ; 0.184          ; Low Pulse Width  ; Clk   ; Rise       ; clk_div:inst4|cntDiv[20]  ;
; -0.081 ; 0.103        ; 0.184          ; Low Pulse Width  ; Clk   ; Rise       ; clk_div:inst4|cntDiv[21]  ;
; -0.081 ; 0.103        ; 0.184          ; Low Pulse Width  ; Clk   ; Rise       ; clk_div:inst4|cntDiv[22]  ;
; -0.081 ; 0.103        ; 0.184          ; Low Pulse Width  ; Clk   ; Rise       ; clk_div:inst4|cntDiv[23]  ;
; -0.081 ; 0.103        ; 0.184          ; Low Pulse Width  ; Clk   ; Rise       ; clk_div:inst4|cntDiv[24]  ;
; -0.056 ; 0.128        ; 0.184          ; Low Pulse Width  ; Clk   ; Rise       ; clk_div:inst4|cntDiv[0]   ;
; -0.056 ; 0.128        ; 0.184          ; Low Pulse Width  ; Clk   ; Rise       ; clk_div:inst4|cntDiv[10]  ;
; -0.056 ; 0.128        ; 0.184          ; Low Pulse Width  ; Clk   ; Rise       ; clk_div:inst4|cntDiv[11]  ;
; -0.056 ; 0.128        ; 0.184          ; Low Pulse Width  ; Clk   ; Rise       ; clk_div:inst4|cntDiv[12]  ;
; -0.056 ; 0.128        ; 0.184          ; Low Pulse Width  ; Clk   ; Rise       ; clk_div:inst4|cntDiv[13]  ;
; -0.056 ; 0.128        ; 0.184          ; Low Pulse Width  ; Clk   ; Rise       ; clk_div:inst4|cntDiv[14]  ;
; -0.056 ; 0.128        ; 0.184          ; Low Pulse Width  ; Clk   ; Rise       ; clk_div:inst4|cntDiv[1]   ;
; -0.056 ; 0.128        ; 0.184          ; Low Pulse Width  ; Clk   ; Rise       ; clk_div:inst4|cntDiv[25]  ;
; -0.056 ; 0.128        ; 0.184          ; Low Pulse Width  ; Clk   ; Rise       ; clk_div:inst4|cntDiv[2]   ;
; -0.056 ; 0.128        ; 0.184          ; Low Pulse Width  ; Clk   ; Rise       ; clk_div:inst4|cntDiv[3]   ;
; -0.056 ; 0.128        ; 0.184          ; Low Pulse Width  ; Clk   ; Rise       ; clk_div:inst4|cntDiv[4]   ;
; -0.056 ; 0.128        ; 0.184          ; Low Pulse Width  ; Clk   ; Rise       ; clk_div:inst4|cntDiv[5]   ;
; -0.056 ; 0.128        ; 0.184          ; Low Pulse Width  ; Clk   ; Rise       ; clk_div:inst4|cntDiv[6]   ;
; -0.056 ; 0.128        ; 0.184          ; Low Pulse Width  ; Clk   ; Rise       ; clk_div:inst4|cntDiv[7]   ;
; -0.056 ; 0.128        ; 0.184          ; Low Pulse Width  ; Clk   ; Rise       ; clk_div:inst4|cntDiv[8]   ;
; -0.056 ; 0.128        ; 0.184          ; Low Pulse Width  ; Clk   ; Rise       ; clk_div:inst4|cntDiv[9]   ;
; 0.099  ; 0.099        ; 0.000          ; Low Pulse Width  ; Clk   ; Rise       ; inst4|cntDiv[15]|clk      ;
; 0.099  ; 0.099        ; 0.000          ; Low Pulse Width  ; Clk   ; Rise       ; inst4|cntDiv[16]|clk      ;
; 0.099  ; 0.099        ; 0.000          ; Low Pulse Width  ; Clk   ; Rise       ; inst4|cntDiv[17]|clk      ;
; 0.099  ; 0.099        ; 0.000          ; Low Pulse Width  ; Clk   ; Rise       ; inst4|cntDiv[18]|clk      ;
; 0.099  ; 0.099        ; 0.000          ; Low Pulse Width  ; Clk   ; Rise       ; inst4|cntDiv[19]|clk      ;
; 0.099  ; 0.099        ; 0.000          ; Low Pulse Width  ; Clk   ; Rise       ; inst4|cntDiv[20]|clk      ;
; 0.099  ; 0.099        ; 0.000          ; Low Pulse Width  ; Clk   ; Rise       ; inst4|cntDiv[21]|clk      ;
; 0.099  ; 0.099        ; 0.000          ; Low Pulse Width  ; Clk   ; Rise       ; inst4|cntDiv[22]|clk      ;
; 0.099  ; 0.099        ; 0.000          ; Low Pulse Width  ; Clk   ; Rise       ; inst4|cntDiv[23]|clk      ;
; 0.099  ; 0.099        ; 0.000          ; Low Pulse Width  ; Clk   ; Rise       ; inst4|cntDiv[24]|clk      ;
; 0.118  ; 0.118        ; 0.000          ; Low Pulse Width  ; Clk   ; Rise       ; Clk~input|o               ;
; 0.124  ; 0.124        ; 0.000          ; Low Pulse Width  ; Clk   ; Rise       ; inst4|cntDiv[0]|clk       ;
; 0.124  ; 0.124        ; 0.000          ; Low Pulse Width  ; Clk   ; Rise       ; inst4|cntDiv[10]|clk      ;
; 0.124  ; 0.124        ; 0.000          ; Low Pulse Width  ; Clk   ; Rise       ; inst4|cntDiv[11]|clk      ;
; 0.124  ; 0.124        ; 0.000          ; Low Pulse Width  ; Clk   ; Rise       ; inst4|cntDiv[12]|clk      ;
; 0.124  ; 0.124        ; 0.000          ; Low Pulse Width  ; Clk   ; Rise       ; inst4|cntDiv[13]|clk      ;
; 0.124  ; 0.124        ; 0.000          ; Low Pulse Width  ; Clk   ; Rise       ; inst4|cntDiv[14]|clk      ;
; 0.124  ; 0.124        ; 0.000          ; Low Pulse Width  ; Clk   ; Rise       ; inst4|cntDiv[1]|clk       ;
; 0.124  ; 0.124        ; 0.000          ; Low Pulse Width  ; Clk   ; Rise       ; inst4|cntDiv[25]|clk      ;
; 0.124  ; 0.124        ; 0.000          ; Low Pulse Width  ; Clk   ; Rise       ; inst4|cntDiv[2]|clk       ;
; 0.124  ; 0.124        ; 0.000          ; Low Pulse Width  ; Clk   ; Rise       ; inst4|cntDiv[3]|clk       ;
; 0.124  ; 0.124        ; 0.000          ; Low Pulse Width  ; Clk   ; Rise       ; inst4|cntDiv[4]|clk       ;
; 0.124  ; 0.124        ; 0.000          ; Low Pulse Width  ; Clk   ; Rise       ; inst4|cntDiv[5]|clk       ;
; 0.124  ; 0.124        ; 0.000          ; Low Pulse Width  ; Clk   ; Rise       ; inst4|cntDiv[6]|clk       ;
; 0.124  ; 0.124        ; 0.000          ; Low Pulse Width  ; Clk   ; Rise       ; inst4|cntDiv[7]|clk       ;
; 0.124  ; 0.124        ; 0.000          ; Low Pulse Width  ; Clk   ; Rise       ; inst4|cntDiv[8]|clk       ;
; 0.124  ; 0.124        ; 0.000          ; Low Pulse Width  ; Clk   ; Rise       ; inst4|cntDiv[9]|clk       ;
; 0.132  ; 0.132        ; 0.000          ; Low Pulse Width  ; Clk   ; Rise       ; Clk~inputclkctrl|inclk[0] ;
; 0.132  ; 0.132        ; 0.000          ; Low Pulse Width  ; Clk   ; Rise       ; Clk~inputclkctrl|outclk   ;
; 0.500  ; 0.500        ; 0.000          ; High Pulse Width ; Clk   ; Rise       ; Clk~input|i               ;
; 0.500  ; 0.500        ; 0.000          ; Low Pulse Width  ; Clk   ; Rise       ; Clk~input|i               ;
; 0.654  ; 0.870        ; 0.216          ; High Pulse Width ; Clk   ; Rise       ; clk_div:inst4|cntDiv[0]   ;
; 0.654  ; 0.870        ; 0.216          ; High Pulse Width ; Clk   ; Rise       ; clk_div:inst4|cntDiv[10]  ;
; 0.654  ; 0.870        ; 0.216          ; High Pulse Width ; Clk   ; Rise       ; clk_div:inst4|cntDiv[11]  ;
; 0.654  ; 0.870        ; 0.216          ; High Pulse Width ; Clk   ; Rise       ; clk_div:inst4|cntDiv[12]  ;
; 0.654  ; 0.870        ; 0.216          ; High Pulse Width ; Clk   ; Rise       ; clk_div:inst4|cntDiv[13]  ;
; 0.654  ; 0.870        ; 0.216          ; High Pulse Width ; Clk   ; Rise       ; clk_div:inst4|cntDiv[14]  ;
; 0.654  ; 0.870        ; 0.216          ; High Pulse Width ; Clk   ; Rise       ; clk_div:inst4|cntDiv[1]   ;
; 0.654  ; 0.870        ; 0.216          ; High Pulse Width ; Clk   ; Rise       ; clk_div:inst4|cntDiv[25]  ;
; 0.654  ; 0.870        ; 0.216          ; High Pulse Width ; Clk   ; Rise       ; clk_div:inst4|cntDiv[2]   ;
; 0.654  ; 0.870        ; 0.216          ; High Pulse Width ; Clk   ; Rise       ; clk_div:inst4|cntDiv[3]   ;
; 0.654  ; 0.870        ; 0.216          ; High Pulse Width ; Clk   ; Rise       ; clk_div:inst4|cntDiv[4]   ;
; 0.654  ; 0.870        ; 0.216          ; High Pulse Width ; Clk   ; Rise       ; clk_div:inst4|cntDiv[5]   ;
; 0.654  ; 0.870        ; 0.216          ; High Pulse Width ; Clk   ; Rise       ; clk_div:inst4|cntDiv[6]   ;
; 0.654  ; 0.870        ; 0.216          ; High Pulse Width ; Clk   ; Rise       ; clk_div:inst4|cntDiv[7]   ;
; 0.654  ; 0.870        ; 0.216          ; High Pulse Width ; Clk   ; Rise       ; clk_div:inst4|cntDiv[8]   ;
; 0.654  ; 0.870        ; 0.216          ; High Pulse Width ; Clk   ; Rise       ; clk_div:inst4|cntDiv[9]   ;
+--------+--------------+----------------+------------------+-------+------------+---------------------------+


+---------------------------------------------------------------------------------------------------------------------------------------+
; Fast 1200mV 0C Model Minimum Pulse Width: 'clk_div:inst4|cntDiv[25]'                                                                  ;
+--------+--------------+----------------+------------------+--------------------------+------------+-----------------------------------+
; Slack  ; Actual Width ; Required Width ; Type             ; Clock                    ; Clock Edge ; Target                            ;
+--------+--------------+----------------+------------------+--------------------------+------------+-----------------------------------+
; -1.000 ; 1.000        ; 2.000          ; Min Period       ; clk_div:inst4|cntDiv[25] ; Rise       ; Reg_4bit:inst8|inst               ;
; -1.000 ; 1.000        ; 2.000          ; Min Period       ; clk_div:inst4|cntDiv[25] ; Rise       ; Reg_4bit:inst8|inst1              ;
; -1.000 ; 1.000        ; 2.000          ; Min Period       ; clk_div:inst4|cntDiv[25] ; Rise       ; Reg_4bit:inst8|inst2              ;
; -1.000 ; 1.000        ; 2.000          ; Min Period       ; clk_div:inst4|cntDiv[25] ; Rise       ; Reg_4bit:inst8|inst3              ;
; -1.000 ; 1.000        ; 2.000          ; Min Period       ; clk_div:inst4|cntDiv[25] ; Rise       ; cnt_4bit:inst7|inst               ;
; -1.000 ; 1.000        ; 2.000          ; Min Period       ; clk_div:inst4|cntDiv[25] ; Rise       ; cnt_4bit:inst7|inst2              ;
; -1.000 ; 1.000        ; 2.000          ; Min Period       ; clk_div:inst4|cntDiv[25] ; Rise       ; cnt_4bit:inst7|inst3              ;
; 0.273  ; 0.457        ; 0.184          ; Low Pulse Width  ; clk_div:inst4|cntDiv[25] ; Rise       ; Reg_4bit:inst8|inst               ;
; 0.273  ; 0.457        ; 0.184          ; Low Pulse Width  ; clk_div:inst4|cntDiv[25] ; Rise       ; Reg_4bit:inst8|inst1              ;
; 0.273  ; 0.457        ; 0.184          ; Low Pulse Width  ; clk_div:inst4|cntDiv[25] ; Rise       ; Reg_4bit:inst8|inst2              ;
; 0.273  ; 0.457        ; 0.184          ; Low Pulse Width  ; clk_div:inst4|cntDiv[25] ; Rise       ; Reg_4bit:inst8|inst3              ;
; 0.273  ; 0.457        ; 0.184          ; Low Pulse Width  ; clk_div:inst4|cntDiv[25] ; Rise       ; cnt_4bit:inst7|inst               ;
; 0.273  ; 0.457        ; 0.184          ; Low Pulse Width  ; clk_div:inst4|cntDiv[25] ; Rise       ; cnt_4bit:inst7|inst2              ;
; 0.273  ; 0.457        ; 0.184          ; Low Pulse Width  ; clk_div:inst4|cntDiv[25] ; Rise       ; cnt_4bit:inst7|inst3              ;
; 0.325  ; 0.541        ; 0.216          ; High Pulse Width ; clk_div:inst4|cntDiv[25] ; Rise       ; Reg_4bit:inst8|inst               ;
; 0.325  ; 0.541        ; 0.216          ; High Pulse Width ; clk_div:inst4|cntDiv[25] ; Rise       ; Reg_4bit:inst8|inst1              ;
; 0.325  ; 0.541        ; 0.216          ; High Pulse Width ; clk_div:inst4|cntDiv[25] ; Rise       ; Reg_4bit:inst8|inst2              ;
; 0.325  ; 0.541        ; 0.216          ; High Pulse Width ; clk_div:inst4|cntDiv[25] ; Rise       ; Reg_4bit:inst8|inst3              ;
; 0.325  ; 0.541        ; 0.216          ; High Pulse Width ; clk_div:inst4|cntDiv[25] ; Rise       ; cnt_4bit:inst7|inst               ;
; 0.325  ; 0.541        ; 0.216          ; High Pulse Width ; clk_div:inst4|cntDiv[25] ; Rise       ; cnt_4bit:inst7|inst2              ;
; 0.325  ; 0.541        ; 0.216          ; High Pulse Width ; clk_div:inst4|cntDiv[25] ; Rise       ; cnt_4bit:inst7|inst3              ;
; 0.453  ; 0.453        ; 0.000          ; Low Pulse Width  ; clk_div:inst4|cntDiv[25] ; Rise       ; inst7|inst2|clk                   ;
; 0.453  ; 0.453        ; 0.000          ; Low Pulse Width  ; clk_div:inst4|cntDiv[25] ; Rise       ; inst7|inst3|clk                   ;
; 0.453  ; 0.453        ; 0.000          ; Low Pulse Width  ; clk_div:inst4|cntDiv[25] ; Rise       ; inst7|inst|clk                    ;
; 0.453  ; 0.453        ; 0.000          ; Low Pulse Width  ; clk_div:inst4|cntDiv[25] ; Rise       ; inst8|inst1|clk                   ;
; 0.453  ; 0.453        ; 0.000          ; Low Pulse Width  ; clk_div:inst4|cntDiv[25] ; Rise       ; inst8|inst2|clk                   ;
; 0.453  ; 0.453        ; 0.000          ; Low Pulse Width  ; clk_div:inst4|cntDiv[25] ; Rise       ; inst8|inst3|clk                   ;
; 0.453  ; 0.453        ; 0.000          ; Low Pulse Width  ; clk_div:inst4|cntDiv[25] ; Rise       ; inst8|inst|clk                    ;
; 0.461  ; 0.461        ; 0.000          ; Low Pulse Width  ; clk_div:inst4|cntDiv[25] ; Rise       ; inst4|cntDiv[25]~clkctrl|inclk[0] ;
; 0.461  ; 0.461        ; 0.000          ; Low Pulse Width  ; clk_div:inst4|cntDiv[25] ; Rise       ; inst4|cntDiv[25]~clkctrl|outclk   ;
; 0.500  ; 0.500        ; 0.000          ; High Pulse Width ; clk_div:inst4|cntDiv[25] ; Rise       ; inst4|cntDiv[25]|q                ;
; 0.500  ; 0.500        ; 0.000          ; Low Pulse Width  ; clk_div:inst4|cntDiv[25] ; Rise       ; inst4|cntDiv[25]|q                ;
; 0.538  ; 0.538        ; 0.000          ; High Pulse Width ; clk_div:inst4|cntDiv[25] ; Rise       ; inst4|cntDiv[25]~clkctrl|inclk[0] ;
; 0.538  ; 0.538        ; 0.000          ; High Pulse Width ; clk_div:inst4|cntDiv[25] ; Rise       ; inst4|cntDiv[25]~clkctrl|outclk   ;
; 0.547  ; 0.547        ; 0.000          ; High Pulse Width ; clk_div:inst4|cntDiv[25] ; Rise       ; inst7|inst2|clk                   ;
; 0.547  ; 0.547        ; 0.000          ; High Pulse Width ; clk_div:inst4|cntDiv[25] ; Rise       ; inst7|inst3|clk                   ;
; 0.547  ; 0.547        ; 0.000          ; High Pulse Width ; clk_div:inst4|cntDiv[25] ; Rise       ; inst7|inst|clk                    ;
; 0.547  ; 0.547        ; 0.000          ; High Pulse Width ; clk_div:inst4|cntDiv[25] ; Rise       ; inst8|inst1|clk                   ;
; 0.547  ; 0.547        ; 0.000          ; High Pulse Width ; clk_div:inst4|cntDiv[25] ; Rise       ; inst8|inst2|clk                   ;
; 0.547  ; 0.547        ; 0.000          ; High Pulse Width ; clk_div:inst4|cntDiv[25] ; Rise       ; inst8|inst3|clk                   ;
; 0.547  ; 0.547        ; 0.000          ; High Pulse Width ; clk_div:inst4|cntDiv[25] ; Rise       ; inst8|inst|clk                    ;
+--------+--------------+----------------+------------------+--------------------------+------------+-----------------------------------+


+----------------------------------------------------------------------------------------------+
; Setup Times                                                                                  ;
+-----------+--------------------------+-------+-------+------------+--------------------------+
; Data Port ; Clock Port               ; Rise  ; Fall  ; Clock Edge ; Clock Reference          ;
+-----------+--------------------------+-------+-------+------------+--------------------------+
; Button1   ; clk_div:inst4|cntDiv[25] ; 1.442 ; 2.089 ; Rise       ; clk_div:inst4|cntDiv[25] ;
; Button2   ; clk_div:inst4|cntDiv[25] ; 1.691 ; 2.359 ; Rise       ; clk_div:inst4|cntDiv[25] ;
; SW[*]     ; clk_div:inst4|cntDiv[25] ; 1.608 ; 2.288 ; Rise       ; clk_div:inst4|cntDiv[25] ;
;  SW[0]    ; clk_div:inst4|cntDiv[25] ; 1.366 ; 2.034 ; Rise       ; clk_div:inst4|cntDiv[25] ;
;  SW[1]    ; clk_div:inst4|cntDiv[25] ; 1.213 ; 1.842 ; Rise       ; clk_div:inst4|cntDiv[25] ;
;  SW[2]    ; clk_div:inst4|cntDiv[25] ; 1.608 ; 2.288 ; Rise       ; clk_div:inst4|cntDiv[25] ;
;  SW[3]    ; clk_div:inst4|cntDiv[25] ; 1.472 ; 2.131 ; Rise       ; clk_div:inst4|cntDiv[25] ;
+-----------+--------------------------+-------+-------+------------+--------------------------+


+------------------------------------------------------------------------------------------------+
; Hold Times                                                                                     ;
+-----------+--------------------------+--------+--------+------------+--------------------------+
; Data Port ; Clock Port               ; Rise   ; Fall   ; Clock Edge ; Clock Reference          ;
+-----------+--------------------------+--------+--------+------------+--------------------------+
; Button1   ; clk_div:inst4|cntDiv[25] ; -1.176 ; -1.794 ; Rise       ; clk_div:inst4|cntDiv[25] ;
; Button2   ; clk_div:inst4|cntDiv[25] ; -1.182 ; -1.790 ; Rise       ; clk_div:inst4|cntDiv[25] ;
; SW[*]     ; clk_div:inst4|cntDiv[25] ; -0.956 ; -1.559 ; Rise       ; clk_div:inst4|cntDiv[25] ;
;  SW[0]    ; clk_div:inst4|cntDiv[25] ; -1.100 ; -1.748 ; Rise       ; clk_div:inst4|cntDiv[25] ;
;  SW[1]    ; clk_div:inst4|cntDiv[25] ; -0.956 ; -1.559 ; Rise       ; clk_div:inst4|cntDiv[25] ;
;  SW[2]    ; clk_div:inst4|cntDiv[25] ; -1.339 ; -2.000 ; Rise       ; clk_div:inst4|cntDiv[25] ;
;  SW[3]    ; clk_div:inst4|cntDiv[25] ; -1.202 ; -1.838 ; Rise       ; clk_div:inst4|cntDiv[25] ;
+-----------+--------------------------+--------+--------+------------+--------------------------+


+----------------------------------------------------------------------------------------------+
; Clock to Output Times                                                                        ;
+-----------+--------------------------+-------+-------+------------+--------------------------+
; Data Port ; Clock Port               ; Rise  ; Fall  ; Clock Edge ; Clock Reference          ;
+-----------+--------------------------+-------+-------+------------+--------------------------+
; Hex0[*]   ; clk_div:inst4|cntDiv[25] ; 3.878 ; 3.885 ; Rise       ; clk_div:inst4|cntDiv[25] ;
;  Hex0[0]  ; clk_div:inst4|cntDiv[25] ; 3.878 ; 3.885 ; Rise       ; clk_div:inst4|cntDiv[25] ;
;  Hex0[1]  ; clk_div:inst4|cntDiv[25] ; 3.755 ; 3.707 ; Rise       ; clk_div:inst4|cntDiv[25] ;
;  Hex0[2]  ; clk_div:inst4|cntDiv[25] ; 3.619 ; 3.622 ; Rise       ; clk_div:inst4|cntDiv[25] ;
;  Hex0[3]  ; clk_div:inst4|cntDiv[25] ; 3.642 ; 3.620 ; Rise       ; clk_div:inst4|cntDiv[25] ;
;  Hex0[4]  ; clk_div:inst4|cntDiv[25] ; 3.629 ; 3.606 ; Rise       ; clk_div:inst4|cntDiv[25] ;
;  Hex0[5]  ; clk_div:inst4|cntDiv[25] ; 3.625 ; 3.628 ; Rise       ; clk_div:inst4|cntDiv[25] ;
;  Hex0[6]  ; clk_div:inst4|cntDiv[25] ; 3.614 ; 3.595 ; Rise       ; clk_div:inst4|cntDiv[25] ;
; Hex1[*]   ; clk_div:inst4|cntDiv[25] ; 3.750 ; 3.871 ; Rise       ; clk_div:inst4|cntDiv[25] ;
;  Hex1[0]  ; clk_div:inst4|cntDiv[25] ; 3.663 ; 3.601 ; Rise       ; clk_div:inst4|cntDiv[25] ;
;  Hex1[1]  ; clk_div:inst4|cntDiv[25] ; 3.612 ; 3.650 ; Rise       ; clk_div:inst4|cntDiv[25] ;
;  Hex1[2]  ; clk_div:inst4|cntDiv[25] ; 3.452 ; 3.537 ; Rise       ; clk_div:inst4|cntDiv[25] ;
;  Hex1[3]  ; clk_div:inst4|cntDiv[25] ; 3.560 ; 3.532 ; Rise       ; clk_div:inst4|cntDiv[25] ;
;  Hex1[4]  ; clk_div:inst4|cntDiv[25] ; 3.553 ; 3.483 ; Rise       ; clk_div:inst4|cntDiv[25] ;
;  Hex1[5]  ; clk_div:inst4|cntDiv[25] ; 3.750 ; 3.871 ; Rise       ; clk_div:inst4|cntDiv[25] ;
;  Hex1[6]  ; clk_div:inst4|cntDiv[25] ; 3.717 ; 3.682 ; Rise       ; clk_div:inst4|cntDiv[25] ;
; Hex3[*]   ; clk_div:inst4|cntDiv[25] ; 3.964 ; 4.027 ; Rise       ; clk_div:inst4|cntDiv[25] ;
;  Hex3[0]  ; clk_div:inst4|cntDiv[25] ; 3.760 ; 3.677 ; Rise       ; clk_div:inst4|cntDiv[25] ;
;  Hex3[2]  ; clk_div:inst4|cntDiv[25] ; 3.697 ; 3.786 ; Rise       ; clk_div:inst4|cntDiv[25] ;
;  Hex3[3]  ; clk_div:inst4|cntDiv[25] ; 3.764 ; 3.741 ; Rise       ; clk_div:inst4|cntDiv[25] ;
;  Hex3[4]  ; clk_div:inst4|cntDiv[25] ; 3.954 ; 3.856 ; Rise       ; clk_div:inst4|cntDiv[25] ;
;  Hex3[5]  ; clk_div:inst4|cntDiv[25] ; 3.885 ; 4.027 ; Rise       ; clk_div:inst4|cntDiv[25] ;
;  Hex3[6]  ; clk_div:inst4|cntDiv[25] ; 3.964 ; 3.889 ; Rise       ; clk_div:inst4|cntDiv[25] ;
+-----------+--------------------------+-------+-------+------------+--------------------------+


+----------------------------------------------------------------------------------------------+
; Minimum Clock to Output Times                                                                ;
+-----------+--------------------------+-------+-------+------------+--------------------------+
; Data Port ; Clock Port               ; Rise  ; Fall  ; Clock Edge ; Clock Reference          ;
+-----------+--------------------------+-------+-------+------------+--------------------------+
; Hex0[*]   ; clk_div:inst4|cntDiv[25] ; 3.239 ; 3.265 ; Rise       ; clk_div:inst4|cntDiv[25] ;
;  Hex0[0]  ; clk_div:inst4|cntDiv[25] ; 3.500 ; 3.543 ; Rise       ; clk_div:inst4|cntDiv[25] ;
;  Hex0[1]  ; clk_div:inst4|cntDiv[25] ; 3.239 ; 3.265 ; Rise       ; clk_div:inst4|cntDiv[25] ;
;  Hex0[2]  ; clk_div:inst4|cntDiv[25] ; 3.337 ; 3.285 ; Rise       ; clk_div:inst4|cntDiv[25] ;
;  Hex0[3]  ; clk_div:inst4|cntDiv[25] ; 3.286 ; 3.297 ; Rise       ; clk_div:inst4|cntDiv[25] ;
;  Hex0[4]  ; clk_div:inst4|cntDiv[25] ; 3.276 ; 3.349 ; Rise       ; clk_div:inst4|cntDiv[25] ;
;  Hex0[5]  ; clk_div:inst4|cntDiv[25] ; 3.270 ; 3.343 ; Rise       ; clk_div:inst4|cntDiv[25] ;
;  Hex0[6]  ; clk_div:inst4|cntDiv[25] ; 3.275 ; 3.329 ; Rise       ; clk_div:inst4|cntDiv[25] ;
; Hex1[*]   ; clk_div:inst4|cntDiv[25] ; 3.227 ; 3.229 ; Rise       ; clk_div:inst4|cntDiv[25] ;
;  Hex1[0]  ; clk_div:inst4|cntDiv[25] ; 3.335 ; 3.355 ; Rise       ; clk_div:inst4|cntDiv[25] ;
;  Hex1[1]  ; clk_div:inst4|cntDiv[25] ; 3.317 ; 3.337 ; Rise       ; clk_div:inst4|cntDiv[25] ;
;  Hex1[2]  ; clk_div:inst4|cntDiv[25] ; 3.271 ; 3.229 ; Rise       ; clk_div:inst4|cntDiv[25] ;
;  Hex1[3]  ; clk_div:inst4|cntDiv[25] ; 3.238 ; 3.249 ; Rise       ; clk_div:inst4|cntDiv[25] ;
;  Hex1[4]  ; clk_div:inst4|cntDiv[25] ; 3.227 ; 3.289 ; Rise       ; clk_div:inst4|cntDiv[25] ;
;  Hex1[5]  ; clk_div:inst4|cntDiv[25] ; 3.502 ; 3.599 ; Rise       ; clk_div:inst4|cntDiv[25] ;
;  Hex1[6]  ; clk_div:inst4|cntDiv[25] ; 3.414 ; 3.438 ; Rise       ; clk_div:inst4|cntDiv[25] ;
; Hex3[*]   ; clk_div:inst4|cntDiv[25] ; 3.399 ; 3.414 ; Rise       ; clk_div:inst4|cntDiv[25] ;
;  Hex3[0]  ; clk_div:inst4|cntDiv[25] ; 3.477 ; 3.414 ; Rise       ; clk_div:inst4|cntDiv[25] ;
;  Hex3[2]  ; clk_div:inst4|cntDiv[25] ; 3.428 ; 3.492 ; Rise       ; clk_div:inst4|cntDiv[25] ;
;  Hex3[3]  ; clk_div:inst4|cntDiv[25] ; 3.399 ; 3.477 ; Rise       ; clk_div:inst4|cntDiv[25] ;
;  Hex3[4]  ; clk_div:inst4|cntDiv[25] ; 3.684 ; 3.592 ; Rise       ; clk_div:inst4|cntDiv[25] ;
;  Hex3[5]  ; clk_div:inst4|cntDiv[25] ; 3.700 ; 3.665 ; Rise       ; clk_div:inst4|cntDiv[25] ;
;  Hex3[6]  ; clk_div:inst4|cntDiv[25] ; 3.671 ; 3.621 ; Rise       ; clk_div:inst4|cntDiv[25] ;
+-----------+--------------------------+-------+-------+------------+--------------------------+


+----------------------------------------------------------+
; Propagation Delay                                        ;
+------------+-------------+-------+-------+-------+-------+
; Input Port ; Output Port ; RR    ; RF    ; FR    ; FF    ;
+------------+-------------+-------+-------+-------+-------+
; Button2    ; Hex1[0]     ; 4.651 ; 4.628 ; 5.286 ; 5.298 ;
; Button2    ; Hex1[1]     ; 4.600 ; 4.638 ; 5.235 ; 5.292 ;
; Button2    ; Hex1[2]     ; 4.479 ; 4.525 ; 5.169 ; 5.160 ;
; Button2    ; Hex1[3]     ; 4.548 ; 4.520 ; 5.183 ; 5.190 ;
; Button2    ; Hex1[4]     ; 4.541 ; 4.510 ; 5.176 ; 5.175 ;
; Button2    ; Hex1[5]     ; 4.777 ; 4.859 ; 5.466 ; 5.494 ;
; Button2    ; Hex1[6]     ; 4.705 ; 4.670 ; 5.361 ; 5.319 ;
; SW[0]      ; Hex1[0]     ; 4.390 ; 4.410 ; 5.078 ; 5.091 ;
; SW[0]      ; Hex1[1]     ; 4.370 ; 4.391 ; 5.058 ; 5.072 ;
; SW[0]      ; Hex1[2]     ;       ; 4.281 ; 4.953 ;       ;
; SW[0]      ; Hex1[3]     ; 4.289 ; 4.301 ; 4.976 ; 4.981 ;
; SW[0]      ; Hex1[4]     ; 4.279 ;       ;       ; 4.970 ;
; SW[0]      ; Hex1[5]     ; 4.564 ;       ;       ; 5.291 ;
; SW[0]      ; Hex1[6]     ; 4.472 ;       ;       ; 5.127 ;
; SW[0]      ; Hex2[0]     ; 4.241 ; 4.256 ; 4.876 ; 4.903 ;
; SW[0]      ; Hex2[1]     ; 4.195 ; 4.190 ; 4.820 ; 4.847 ;
; SW[0]      ; Hex2[2]     ;       ; 4.125 ; 4.756 ;       ;
; SW[0]      ; Hex2[3]     ; 4.234 ; 4.245 ; 4.870 ; 4.904 ;
; SW[0]      ; Hex2[4]     ; 4.256 ;       ;       ; 4.922 ;
; SW[0]      ; Hex2[5]     ; 4.206 ;       ;       ; 4.866 ;
; SW[0]      ; Hex2[6]     ; 4.399 ;       ;       ; 5.005 ;
; SW[1]      ; Hex1[0]     ;       ; 4.415 ; 5.059 ;       ;
; SW[1]      ; Hex1[1]     ; 4.350 ; 4.360 ; 5.008 ; 5.046 ;
; SW[1]      ; Hex1[2]     ; 4.266 ;       ;       ; 4.933 ;
; SW[1]      ; Hex1[3]     ; 4.269 ; 4.304 ; 4.956 ; 4.928 ;
; SW[1]      ; Hex1[4]     ;       ; 4.297 ; 4.949 ;       ;
; SW[1]      ; Hex1[5]     ; 4.564 ;       ;       ; 5.267 ;
; SW[1]      ; Hex1[6]     ; 4.442 ; 4.426 ; 5.113 ; 5.078 ;
; SW[1]      ; Hex2[0]     ;       ; 4.068 ; 4.664 ;       ;
; SW[1]      ; Hex2[1]     ; 4.010 ; 4.028 ; 4.632 ; 4.643 ;
; SW[1]      ; Hex2[2]     ; 3.949 ;       ;       ; 4.576 ;
; SW[1]      ; Hex2[3]     ; 4.040 ; 4.060 ; 4.661 ; 4.674 ;
; SW[1]      ; Hex2[4]     ;       ; 4.082 ; 4.686 ;       ;
; SW[1]      ; Hex2[5]     ; 4.014 ;       ;       ; 4.649 ;
; SW[1]      ; Hex2[6]     ; 4.240 ; 4.196 ; 4.854 ; 4.817 ;
; SW[2]      ; Hex1[0]     ; 4.517 ; 4.509 ; 5.182 ; 5.227 ;
; SW[2]      ; Hex1[1]     ; 4.488 ;       ;       ; 5.221 ;
; SW[2]      ; Hex1[2]     ; 4.385 ; 4.419 ; 5.098 ; 5.079 ;
; SW[2]      ; Hex1[3]     ; 4.413 ; 4.397 ; 5.082 ; 5.119 ;
; SW[2]      ; Hex1[4]     ; 4.402 ; 4.383 ; 5.070 ; 5.104 ;
; SW[2]      ; Hex1[5]     ; 4.681 ; 4.750 ; 5.395 ; 5.411 ;
; SW[2]      ; Hex1[6]     ; 4.579 ; 4.564 ; 5.290 ; 5.248 ;
; SW[2]      ; Hex2[0]     ; 4.146 ; 4.166 ; 4.765 ; 4.804 ;
; SW[2]      ; Hex2[1]     ; 4.100 ;       ;       ; 4.755 ;
; SW[2]      ; Hex2[2]     ; 4.037 ; 4.046 ; 4.653 ; 4.681 ;
; SW[2]      ; Hex2[3]     ; 4.138 ; 4.154 ; 4.755 ; 4.790 ;
; SW[2]      ; Hex2[4]     ; 4.153 ; 4.166 ; 4.772 ; 4.804 ;
; SW[2]      ; Hex2[5]     ; 4.101 ; 4.119 ; 4.719 ; 4.755 ;
; SW[2]      ; Hex2[6]     ; 4.326 ; 4.285 ; 4.966 ; 4.906 ;
; SW[3]      ; Hex1[0]     ;       ; 4.578 ; 5.235 ;       ;
; SW[3]      ; Hex1[1]     ;       ; 4.560 ; 5.214 ;       ;
; SW[3]      ; Hex1[2]     ; 4.438 ;       ;       ; 5.137 ;
; SW[3]      ; Hex1[3]     ; 4.460 ;       ;       ; 5.159 ;
; SW[3]      ; Hex1[4]     ;       ; 4.457 ; 5.122 ;       ;
; SW[3]      ; Hex1[5]     ; 4.735 ; 4.780 ; 5.403 ; 5.467 ;
; SW[3]      ; Hex1[6]     ;       ; 4.610 ; 5.330 ;       ;
; SW[3]      ; Hex2[0]     ;       ; 4.406 ; 5.053 ;       ;
; SW[3]      ; Hex2[1]     ;       ; 4.354 ; 5.003 ;       ;
; SW[3]      ; Hex2[2]     ; 4.254 ;       ;       ; 4.932 ;
; SW[3]      ; Hex2[3]     ; 4.346 ;       ;       ; 5.039 ;
; SW[3]      ; Hex2[4]     ;       ; 4.406 ; 5.053 ;       ;
; SW[3]      ; Hex2[5]     ; 4.319 ; 4.363 ; 5.009 ; 5.006 ;
; SW[3]      ; Hex2[6]     ;       ; 4.510 ; 5.231 ;       ;
+------------+-------------+-------+-------+-------+-------+


+----------------------------------------------------------+
; Minimum Propagation Delay                                ;
+------------+-------------+-------+-------+-------+-------+
; Input Port ; Output Port ; RR    ; RF    ; FR    ; FF    ;
+------------+-------------+-------+-------+-------+-------+
; Button2    ; Hex1[0]     ; 4.401 ; 4.407 ; 5.009 ; 5.015 ;
; Button2    ; Hex1[1]     ; 4.383 ; 4.390 ; 4.991 ; 4.998 ;
; Button2    ; Hex1[2]     ; 4.274 ; 4.295 ; 4.882 ; 4.903 ;
; Button2    ; Hex1[3]     ; 4.296 ; 4.315 ; 4.904 ; 4.923 ;
; Button2    ; Hex1[4]     ; 4.293 ; 4.292 ; 4.901 ; 4.900 ;
; Button2    ; Hex1[5]     ; 4.559 ; 4.602 ; 5.167 ; 5.210 ;
; Button2    ; Hex1[6]     ; 4.480 ; 4.441 ; 5.088 ; 5.049 ;
; SW[0]      ; Hex1[0]     ; 4.248 ; 4.268 ; 4.922 ; 4.935 ;
; SW[0]      ; Hex1[1]     ; 4.230 ; 4.250 ; 4.904 ; 4.917 ;
; SW[0]      ; Hex1[2]     ;       ; 4.142 ; 4.803 ;       ;
; SW[0]      ; Hex1[3]     ; 4.151 ; 4.162 ; 4.826 ; 4.830 ;
; SW[0]      ; Hex1[4]     ; 4.140 ;       ;       ; 4.820 ;
; SW[0]      ; Hex1[5]     ; 4.415 ;       ;       ; 5.127 ;
; SW[0]      ; Hex1[6]     ; 4.327 ;       ;       ; 4.970 ;
; SW[0]      ; Hex2[0]     ; 4.134 ; 4.147 ; 4.761 ; 4.786 ;
; SW[0]      ; Hex2[1]     ; 4.090 ; 4.085 ; 4.706 ; 4.732 ;
; SW[0]      ; Hex2[2]     ;       ; 4.022 ; 4.644 ;       ;
; SW[0]      ; Hex2[3]     ; 4.099 ; 4.137 ; 4.754 ; 4.741 ;
; SW[0]      ; Hex2[4]     ; 4.120 ;       ;       ; 4.760 ;
; SW[0]      ; Hex2[5]     ; 4.073 ;       ;       ; 4.716 ;
; SW[0]      ; Hex2[6]     ; 4.285 ;       ;       ; 4.883 ;
; SW[1]      ; Hex1[0]     ;       ; 4.235 ; 4.851 ;       ;
; SW[1]      ; Hex1[1]     ; 4.214 ; 4.222 ; 4.852 ; 4.886 ;
; SW[1]      ; Hex1[2]     ; 4.104 ;       ;       ; 4.743 ;
; SW[1]      ; Hex1[3]     ; 4.109 ; 4.128 ; 4.752 ; 4.772 ;
; SW[1]      ; Hex1[4]     ;       ; 4.122 ; 4.745 ;       ;
; SW[1]      ; Hex1[5]     ; 4.383 ;       ;       ; 5.065 ;
; SW[1]      ; Hex1[6]     ; 4.301 ; 4.258 ; 4.919 ; 4.919 ;
; SW[1]      ; Hex2[0]     ;       ; 3.967 ; 4.556 ;       ;
; SW[1]      ; Hex2[1]     ; 3.912 ; 3.930 ; 4.526 ; 4.537 ;
; SW[1]      ; Hex2[2]     ; 3.853 ;       ;       ; 4.472 ;
; SW[1]      ; Hex2[3]     ; 3.940 ; 3.960 ; 4.554 ; 4.567 ;
; SW[1]      ; Hex2[4]     ;       ; 3.981 ; 4.578 ;       ;
; SW[1]      ; Hex2[5]     ; 3.915 ;       ;       ; 4.543 ;
; SW[1]      ; Hex2[6]     ; 4.132 ; 4.089 ; 4.739 ; 4.703 ;
; SW[2]      ; Hex1[0]     ; 4.373 ; 4.365 ; 5.018 ; 5.062 ;
; SW[2]      ; Hex1[1]     ; 4.325 ;       ;       ; 5.013 ;
; SW[2]      ; Hex1[2]     ; 4.225 ; 4.276 ; 4.937 ; 4.897 ;
; SW[2]      ; Hex1[3]     ; 4.238 ; 4.257 ; 4.923 ; 4.938 ;
; SW[2]      ; Hex1[4]     ; 4.263 ; 4.245 ; 4.911 ; 4.945 ;
; SW[2]      ; Hex1[5]     ; 4.510 ; 4.557 ; 5.182 ; 5.218 ;
; SW[2]      ; Hex1[6]     ; 4.432 ; 4.390 ; 5.091 ; 5.084 ;
; SW[2]      ; Hex2[0]     ; 4.042 ; 4.060 ; 4.652 ; 4.689 ;
; SW[2]      ; Hex2[1]     ; 3.998 ;       ;       ; 4.643 ;
; SW[2]      ; Hex2[2]     ; 3.937 ; 3.945 ; 4.545 ; 4.572 ;
; SW[2]      ; Hex2[3]     ; 4.034 ; 4.049 ; 4.643 ; 4.677 ;
; SW[2]      ; Hex2[4]     ; 4.049 ; 4.061 ; 4.659 ; 4.690 ;
; SW[2]      ; Hex2[5]     ; 3.999 ; 4.015 ; 4.607 ; 4.643 ;
; SW[2]      ; Hex2[6]     ; 4.214 ; 4.175 ; 4.846 ; 4.788 ;
; SW[3]      ; Hex1[0]     ;       ; 4.427 ; 5.069 ;       ;
; SW[3]      ; Hex1[1]     ;       ; 4.410 ; 5.049 ;       ;
; SW[3]      ; Hex1[2]     ; 4.294 ;       ;       ; 4.975 ;
; SW[3]      ; Hex1[3]     ; 4.316 ;       ;       ; 4.997 ;
; SW[3]      ; Hex1[4]     ;       ; 4.312 ; 4.960 ;       ;
; SW[3]      ; Hex1[5]     ; 4.579 ; 4.622 ; 5.231 ; 5.293 ;
; SW[3]      ; Hex1[6]     ;       ; 4.461 ; 5.162 ;       ;
; SW[3]      ; Hex2[0]     ;       ; 4.271 ; 4.903 ;       ;
; SW[3]      ; Hex2[1]     ;       ; 4.205 ; 4.841 ;       ;
; SW[3]      ; Hex2[2]     ; 4.119 ;       ;       ; 4.777 ;
; SW[3]      ; Hex2[3]     ; 4.213 ;       ;       ; 4.881 ;
; SW[3]      ; Hex2[4]     ;       ; 4.265 ; 4.911 ;       ;
; SW[3]      ; Hex2[5]     ; 4.189 ; 4.250 ; 4.887 ; 4.849 ;
; SW[3]      ; Hex2[6]     ;       ; 4.358 ; 5.068 ;       ;
+------------+-------------+-------+-------+-------+-------+


---------------------------------------------
; Fast 1200mV 0C Model Metastability Report ;
---------------------------------------------
No synchronizer chains to report.


+-----------------------------------------------------------------------------------------+
; Multicorner Timing Analysis Summary                                                     ;
+---------------------------+---------+--------+----------+---------+---------------------+
; Clock                     ; Setup   ; Hold   ; Recovery ; Removal ; Minimum Pulse Width ;
+---------------------------+---------+--------+----------+---------+---------------------+
; Worst-case Slack          ; -1.885  ; -0.075 ; N/A      ; N/A     ; -3.000              ;
;  Clk                      ; -1.885  ; -0.075 ; N/A      ; N/A     ; -3.000              ;
;  clk_div:inst4|cntDiv[25] ; 0.202   ; 0.205  ; N/A      ; N/A     ; -1.000              ;
; Design-wide TNS           ; -26.249 ; -0.075 ; 0.0      ; 0.0     ; -37.706             ;
;  Clk                      ; -26.249 ; -0.075 ; N/A      ; N/A     ; -30.706             ;
;  clk_div:inst4|cntDiv[25] ; 0.000   ; 0.000  ; N/A      ; N/A     ; -7.000              ;
+---------------------------+---------+--------+----------+---------+---------------------+


+----------------------------------------------------------------------------------------------+
; Setup Times                                                                                  ;
+-----------+--------------------------+-------+-------+------------+--------------------------+
; Data Port ; Clock Port               ; Rise  ; Fall  ; Clock Edge ; Clock Reference          ;
+-----------+--------------------------+-------+-------+------------+--------------------------+
; Button1   ; clk_div:inst4|cntDiv[25] ; 2.566 ; 3.027 ; Rise       ; clk_div:inst4|cntDiv[25] ;
; Button2   ; clk_div:inst4|cntDiv[25] ; 3.027 ; 3.529 ; Rise       ; clk_div:inst4|cntDiv[25] ;
; SW[*]     ; clk_div:inst4|cntDiv[25] ; 2.889 ; 3.419 ; Rise       ; clk_div:inst4|cntDiv[25] ;
;  SW[0]    ; clk_div:inst4|cntDiv[25] ; 2.426 ; 2.957 ; Rise       ; clk_div:inst4|cntDiv[25] ;
;  SW[1]    ; clk_div:inst4|cntDiv[25] ; 2.185 ; 2.636 ; Rise       ; clk_div:inst4|cntDiv[25] ;
;  SW[2]    ; clk_div:inst4|cntDiv[25] ; 2.889 ; 3.419 ; Rise       ; clk_div:inst4|cntDiv[25] ;
;  SW[3]    ; clk_div:inst4|cntDiv[25] ; 2.624 ; 3.125 ; Rise       ; clk_div:inst4|cntDiv[25] ;
+-----------+--------------------------+-------+-------+------------+--------------------------+


+------------------------------------------------------------------------------------------------+
; Hold Times                                                                                     ;
+-----------+--------------------------+--------+--------+------------+--------------------------+
; Data Port ; Clock Port               ; Rise   ; Fall   ; Clock Edge ; Clock Reference          ;
+-----------+--------------------------+--------+--------+------------+--------------------------+
; Button1   ; clk_div:inst4|cntDiv[25] ; -1.176 ; -1.794 ; Rise       ; clk_div:inst4|cntDiv[25] ;
; Button2   ; clk_div:inst4|cntDiv[25] ; -1.182 ; -1.790 ; Rise       ; clk_div:inst4|cntDiv[25] ;
; SW[*]     ; clk_div:inst4|cntDiv[25] ; -0.956 ; -1.559 ; Rise       ; clk_div:inst4|cntDiv[25] ;
;  SW[0]    ; clk_div:inst4|cntDiv[25] ; -1.100 ; -1.748 ; Rise       ; clk_div:inst4|cntDiv[25] ;
;  SW[1]    ; clk_div:inst4|cntDiv[25] ; -0.956 ; -1.559 ; Rise       ; clk_div:inst4|cntDiv[25] ;
;  SW[2]    ; clk_div:inst4|cntDiv[25] ; -1.339 ; -2.000 ; Rise       ; clk_div:inst4|cntDiv[25] ;
;  SW[3]    ; clk_div:inst4|cntDiv[25] ; -1.202 ; -1.838 ; Rise       ; clk_div:inst4|cntDiv[25] ;
+-----------+--------------------------+--------+--------+------------+--------------------------+


+----------------------------------------------------------------------------------------------+
; Clock to Output Times                                                                        ;
+-----------+--------------------------+-------+-------+------------+--------------------------+
; Data Port ; Clock Port               ; Rise  ; Fall  ; Clock Edge ; Clock Reference          ;
+-----------+--------------------------+-------+-------+------------+--------------------------+
; Hex0[*]   ; clk_div:inst4|cntDiv[25] ; 6.625 ; 6.497 ; Rise       ; clk_div:inst4|cntDiv[25] ;
;  Hex0[0]  ; clk_div:inst4|cntDiv[25] ; 6.625 ; 6.497 ; Rise       ; clk_div:inst4|cntDiv[25] ;
;  Hex0[1]  ; clk_div:inst4|cntDiv[25] ; 6.384 ; 6.268 ; Rise       ; clk_div:inst4|cntDiv[25] ;
;  Hex0[2]  ; clk_div:inst4|cntDiv[25] ; 6.147 ; 6.081 ; Rise       ; clk_div:inst4|cntDiv[25] ;
;  Hex0[3]  ; clk_div:inst4|cntDiv[25] ; 6.182 ; 6.066 ; Rise       ; clk_div:inst4|cntDiv[25] ;
;  Hex0[4]  ; clk_div:inst4|cntDiv[25] ; 6.165 ; 6.055 ; Rise       ; clk_div:inst4|cntDiv[25] ;
;  Hex0[5]  ; clk_div:inst4|cntDiv[25] ; 6.164 ; 6.089 ; Rise       ; clk_div:inst4|cntDiv[25] ;
;  Hex0[6]  ; clk_div:inst4|cntDiv[25] ; 6.062 ; 6.104 ; Rise       ; clk_div:inst4|cntDiv[25] ;
; Hex1[*]   ; clk_div:inst4|cntDiv[25] ; 6.460 ; 6.506 ; Rise       ; clk_div:inst4|cntDiv[25] ;
;  Hex1[0]  ; clk_div:inst4|cntDiv[25] ; 6.265 ; 6.078 ; Rise       ; clk_div:inst4|cntDiv[25] ;
;  Hex1[1]  ; clk_div:inst4|cntDiv[25] ; 6.177 ; 6.144 ; Rise       ; clk_div:inst4|cntDiv[25] ;
;  Hex1[2]  ; clk_div:inst4|cntDiv[25] ; 5.921 ; 5.962 ; Rise       ; clk_div:inst4|cntDiv[25] ;
;  Hex1[3]  ; clk_div:inst4|cntDiv[25] ; 6.067 ; 5.940 ; Rise       ; clk_div:inst4|cntDiv[25] ;
;  Hex1[4]  ; clk_div:inst4|cntDiv[25] ; 6.061 ; 5.888 ; Rise       ; clk_div:inst4|cntDiv[25] ;
;  Hex1[5]  ; clk_div:inst4|cntDiv[25] ; 6.460 ; 6.506 ; Rise       ; clk_div:inst4|cntDiv[25] ;
;  Hex1[6]  ; clk_div:inst4|cntDiv[25] ; 6.221 ; 6.286 ; Rise       ; clk_div:inst4|cntDiv[25] ;
; Hex3[*]   ; clk_div:inst4|cntDiv[25] ; 6.748 ; 6.718 ; Rise       ; clk_div:inst4|cntDiv[25] ;
;  Hex3[0]  ; clk_div:inst4|cntDiv[25] ; 6.347 ; 6.225 ; Rise       ; clk_div:inst4|cntDiv[25] ;
;  Hex3[2]  ; clk_div:inst4|cntDiv[25] ; 6.258 ; 6.394 ; Rise       ; clk_div:inst4|cntDiv[25] ;
;  Hex3[3]  ; clk_div:inst4|cntDiv[25] ; 6.350 ; 6.230 ; Rise       ; clk_div:inst4|cntDiv[25] ;
;  Hex3[4]  ; clk_div:inst4|cntDiv[25] ; 6.585 ; 6.606 ; Rise       ; clk_div:inst4|cntDiv[25] ;
;  Hex3[5]  ; clk_div:inst4|cntDiv[25] ; 6.732 ; 6.718 ; Rise       ; clk_div:inst4|cntDiv[25] ;
;  Hex3[6]  ; clk_div:inst4|cntDiv[25] ; 6.748 ; 6.594 ; Rise       ; clk_div:inst4|cntDiv[25] ;
+-----------+--------------------------+-------+-------+------------+--------------------------+


+----------------------------------------------------------------------------------------------+
; Minimum Clock to Output Times                                                                ;
+-----------+--------------------------+-------+-------+------------+--------------------------+
; Data Port ; Clock Port               ; Rise  ; Fall  ; Clock Edge ; Clock Reference          ;
+-----------+--------------------------+-------+-------+------------+--------------------------+
; Hex0[*]   ; clk_div:inst4|cntDiv[25] ; 3.239 ; 3.265 ; Rise       ; clk_div:inst4|cntDiv[25] ;
;  Hex0[0]  ; clk_div:inst4|cntDiv[25] ; 3.500 ; 3.543 ; Rise       ; clk_div:inst4|cntDiv[25] ;
;  Hex0[1]  ; clk_div:inst4|cntDiv[25] ; 3.239 ; 3.265 ; Rise       ; clk_div:inst4|cntDiv[25] ;
;  Hex0[2]  ; clk_div:inst4|cntDiv[25] ; 3.337 ; 3.285 ; Rise       ; clk_div:inst4|cntDiv[25] ;
;  Hex0[3]  ; clk_div:inst4|cntDiv[25] ; 3.286 ; 3.297 ; Rise       ; clk_div:inst4|cntDiv[25] ;
;  Hex0[4]  ; clk_div:inst4|cntDiv[25] ; 3.276 ; 3.349 ; Rise       ; clk_div:inst4|cntDiv[25] ;
;  Hex0[5]  ; clk_div:inst4|cntDiv[25] ; 3.270 ; 3.343 ; Rise       ; clk_div:inst4|cntDiv[25] ;
;  Hex0[6]  ; clk_div:inst4|cntDiv[25] ; 3.275 ; 3.329 ; Rise       ; clk_div:inst4|cntDiv[25] ;
; Hex1[*]   ; clk_div:inst4|cntDiv[25] ; 3.227 ; 3.229 ; Rise       ; clk_div:inst4|cntDiv[25] ;
;  Hex1[0]  ; clk_div:inst4|cntDiv[25] ; 3.335 ; 3.355 ; Rise       ; clk_div:inst4|cntDiv[25] ;
;  Hex1[1]  ; clk_div:inst4|cntDiv[25] ; 3.317 ; 3.337 ; Rise       ; clk_div:inst4|cntDiv[25] ;
;  Hex1[2]  ; clk_div:inst4|cntDiv[25] ; 3.271 ; 3.229 ; Rise       ; clk_div:inst4|cntDiv[25] ;
;  Hex1[3]  ; clk_div:inst4|cntDiv[25] ; 3.238 ; 3.249 ; Rise       ; clk_div:inst4|cntDiv[25] ;
;  Hex1[4]  ; clk_div:inst4|cntDiv[25] ; 3.227 ; 3.289 ; Rise       ; clk_div:inst4|cntDiv[25] ;
;  Hex1[5]  ; clk_div:inst4|cntDiv[25] ; 3.502 ; 3.599 ; Rise       ; clk_div:inst4|cntDiv[25] ;
;  Hex1[6]  ; clk_div:inst4|cntDiv[25] ; 3.414 ; 3.438 ; Rise       ; clk_div:inst4|cntDiv[25] ;
; Hex3[*]   ; clk_div:inst4|cntDiv[25] ; 3.399 ; 3.414 ; Rise       ; clk_div:inst4|cntDiv[25] ;
;  Hex3[0]  ; clk_div:inst4|cntDiv[25] ; 3.477 ; 3.414 ; Rise       ; clk_div:inst4|cntDiv[25] ;
;  Hex3[2]  ; clk_div:inst4|cntDiv[25] ; 3.428 ; 3.492 ; Rise       ; clk_div:inst4|cntDiv[25] ;
;  Hex3[3]  ; clk_div:inst4|cntDiv[25] ; 3.399 ; 3.477 ; Rise       ; clk_div:inst4|cntDiv[25] ;
;  Hex3[4]  ; clk_div:inst4|cntDiv[25] ; 3.684 ; 3.592 ; Rise       ; clk_div:inst4|cntDiv[25] ;
;  Hex3[5]  ; clk_div:inst4|cntDiv[25] ; 3.700 ; 3.665 ; Rise       ; clk_div:inst4|cntDiv[25] ;
;  Hex3[6]  ; clk_div:inst4|cntDiv[25] ; 3.671 ; 3.621 ; Rise       ; clk_div:inst4|cntDiv[25] ;
+-----------+--------------------------+-------+-------+------------+--------------------------+


+----------------------------------------------------------+
; Progagation Delay                                        ;
+------------+-------------+-------+-------+-------+-------+
; Input Port ; Output Port ; RR    ; RF    ; FR    ; FF    ;
+------------+-------------+-------+-------+-------+-------+
; Button2    ; Hex1[0]     ; 7.994 ; 7.871 ; 8.446 ; 8.365 ;
; Button2    ; Hex1[1]     ; 7.906 ; 7.873 ; 8.358 ; 8.356 ;
; Button2    ; Hex1[2]     ; 7.714 ; 7.691 ; 8.243 ; 8.143 ;
; Button2    ; Hex1[3]     ; 7.796 ; 7.687 ; 8.248 ; 8.181 ;
; Button2    ; Hex1[4]     ; 7.790 ; 7.681 ; 8.242 ; 8.171 ;
; Button2    ; Hex1[5]     ; 8.253 ; 8.235 ; 8.780 ; 8.687 ;
; Button2    ; Hex1[6]     ; 7.950 ; 8.015 ; 8.433 ; 8.487 ;
; SW[0]      ; Hex1[0]     ; 7.563 ; 7.475 ; 8.118 ; 8.021 ;
; SW[0]      ; Hex1[1]     ; 7.521 ; 7.445 ; 8.077 ; 7.992 ;
; SW[0]      ; Hex1[2]     ;       ; 7.273 ; 7.897 ;       ;
; SW[0]      ; Hex1[3]     ; 7.365 ; 7.291 ; 7.919 ; 7.836 ;
; SW[0]      ; Hex1[4]     ; 7.354 ;       ;       ; 7.826 ;
; SW[0]      ; Hex1[5]     ; 7.881 ;       ;       ; 8.359 ;
; SW[0]      ; Hex1[6]     ; 7.542 ;       ;       ; 8.185 ;
; SW[0]      ; Hex2[0]     ; 7.252 ; 7.165 ; 7.743 ; 7.684 ;
; SW[0]      ; Hex2[1]     ; 7.131 ; 7.035 ; 7.605 ; 7.569 ;
; SW[0]      ; Hex2[2]     ;       ; 6.947 ; 7.512 ;       ;
; SW[0]      ; Hex2[3]     ; 7.248 ; 7.164 ; 7.740 ; 7.702 ;
; SW[0]      ; Hex2[4]     ; 7.269 ;       ;       ; 7.724 ;
; SW[0]      ; Hex2[5]     ; 7.155 ;       ;       ; 7.609 ;
; SW[0]      ; Hex2[6]     ; 7.407 ;       ;       ; 7.978 ;
; SW[1]      ; Hex1[0]     ;       ; 7.523 ; 8.092 ;       ;
; SW[1]      ; Hex1[1]     ; 7.522 ; 7.437 ; 8.004 ; 7.971 ;
; SW[1]      ; Hex1[2]     ; 7.366 ;       ;       ; 7.789 ;
; SW[1]      ; Hex1[3]     ; 7.365 ; 7.339 ; 7.894 ; 7.767 ;
; SW[1]      ; Hex1[4]     ;       ; 7.333 ; 7.888 ;       ;
; SW[1]      ; Hex1[5]     ; 7.905 ;       ;       ; 8.333 ;
; SW[1]      ; Hex1[6]     ; 7.535 ; 7.643 ; 8.048 ; 8.113 ;
; SW[1]      ; Hex2[0]     ;       ; 6.875 ; 7.398 ;       ;
; SW[1]      ; Hex2[1]     ; 6.852 ; 6.788 ; 7.300 ; 7.227 ;
; SW[1]      ; Hex2[2]     ; 6.766 ;       ;       ; 7.129 ;
; SW[1]      ; Hex2[3]     ; 6.952 ; 6.874 ; 7.399 ; 7.312 ;
; SW[1]      ; Hex2[4]     ;       ; 6.903 ; 7.423 ;       ;
; SW[1]      ; Hex2[5]     ; 6.864 ;       ;       ; 7.239 ;
; SW[1]      ; Hex2[6]     ; 7.160 ; 7.226 ; 7.598 ; 7.673 ;
; SW[2]      ; Hex1[0]     ; 7.796 ; 7.671 ; 8.284 ; 8.255 ;
; SW[2]      ; Hex1[1]     ; 7.738 ;       ;       ; 8.246 ;
; SW[2]      ; Hex1[2]     ; 7.564 ; 7.538 ; 8.133 ; 8.020 ;
; SW[2]      ; Hex1[3]     ; 7.597 ; 7.486 ; 8.086 ; 8.071 ;
; SW[2]      ; Hex1[4]     ; 7.586 ; 7.467 ; 8.077 ; 8.061 ;
; SW[2]      ; Hex1[5]     ; 8.100 ; 8.079 ; 8.670 ; 8.562 ;
; SW[2]      ; Hex1[6]     ; 7.750 ; 7.862 ; 8.323 ; 8.377 ;
; SW[2]      ; Hex2[0]     ; 7.096 ; 7.010 ; 7.563 ; 7.511 ;
; SW[2]      ; Hex2[1]     ; 6.984 ;       ;       ; 7.418 ;
; SW[2]      ; Hex2[2]     ; 6.892 ; 6.818 ; 7.356 ; 7.314 ;
; SW[2]      ; Hex2[3]     ; 7.092 ; 7.009 ; 7.556 ; 7.508 ;
; SW[2]      ; Hex2[4]     ; 7.106 ; 7.024 ; 7.573 ; 7.525 ;
; SW[2]      ; Hex2[5]     ; 6.990 ; 6.927 ; 7.455 ; 7.423 ;
; SW[2]      ; Hex2[6]     ; 7.291 ; 7.359 ; 7.789 ; 7.825 ;
; SW[3]      ; Hex1[0]     ;       ; 7.787 ; 8.392 ;       ;
; SW[3]      ; Hex1[1]     ;       ; 7.756 ; 8.351 ;       ;
; SW[3]      ; Hex1[2]     ; 7.657 ;       ;       ; 8.130 ;
; SW[3]      ; Hex1[3]     ; 7.679 ;       ;       ; 8.149 ;
; SW[3]      ; Hex1[4]     ;       ; 7.592 ; 8.183 ;       ;
; SW[3]      ; Hex1[5]     ; 8.194 ; 8.126 ; 8.707 ; 8.672 ;
; SW[3]      ; Hex1[6]     ;       ; 7.943 ; 8.401 ;       ;
; SW[3]      ; Hex2[0]     ;       ; 7.463 ; 8.014 ;       ;
; SW[3]      ; Hex2[1]     ;       ; 7.363 ; 7.888 ;       ;
; SW[3]      ; Hex2[2]     ; 7.295 ;       ;       ; 7.709 ;
; SW[3]      ; Hex2[3]     ; 7.482 ;       ;       ; 7.900 ;
; SW[3]      ; Hex2[4]     ;       ; 7.473 ; 8.009 ;       ;
; SW[3]      ; Hex2[5]     ; 7.393 ; 7.380 ; 7.908 ; 7.818 ;
; SW[3]      ; Hex2[6]     ;       ; 7.774 ; 8.210 ;       ;
+------------+-------------+-------+-------+-------+-------+


+----------------------------------------------------------+
; Minimum Progagation Delay                                ;
+------------+-------------+-------+-------+-------+-------+
; Input Port ; Output Port ; RR    ; RF    ; FR    ; FF    ;
+------------+-------------+-------+-------+-------+-------+
; Button2    ; Hex1[0]     ; 4.401 ; 4.407 ; 5.009 ; 5.015 ;
; Button2    ; Hex1[1]     ; 4.383 ; 4.390 ; 4.991 ; 4.998 ;
; Button2    ; Hex1[2]     ; 4.274 ; 4.295 ; 4.882 ; 4.903 ;
; Button2    ; Hex1[3]     ; 4.296 ; 4.315 ; 4.904 ; 4.923 ;
; Button2    ; Hex1[4]     ; 4.293 ; 4.292 ; 4.901 ; 4.900 ;
; Button2    ; Hex1[5]     ; 4.559 ; 4.602 ; 5.167 ; 5.210 ;
; Button2    ; Hex1[6]     ; 4.480 ; 4.441 ; 5.088 ; 5.049 ;
; SW[0]      ; Hex1[0]     ; 4.248 ; 4.268 ; 4.922 ; 4.935 ;
; SW[0]      ; Hex1[1]     ; 4.230 ; 4.250 ; 4.904 ; 4.917 ;
; SW[0]      ; Hex1[2]     ;       ; 4.142 ; 4.803 ;       ;
; SW[0]      ; Hex1[3]     ; 4.151 ; 4.162 ; 4.826 ; 4.830 ;
; SW[0]      ; Hex1[4]     ; 4.140 ;       ;       ; 4.820 ;
; SW[0]      ; Hex1[5]     ; 4.415 ;       ;       ; 5.127 ;
; SW[0]      ; Hex1[6]     ; 4.327 ;       ;       ; 4.970 ;
; SW[0]      ; Hex2[0]     ; 4.134 ; 4.147 ; 4.761 ; 4.786 ;
; SW[0]      ; Hex2[1]     ; 4.090 ; 4.085 ; 4.706 ; 4.732 ;
; SW[0]      ; Hex2[2]     ;       ; 4.022 ; 4.644 ;       ;
; SW[0]      ; Hex2[3]     ; 4.099 ; 4.137 ; 4.754 ; 4.741 ;
; SW[0]      ; Hex2[4]     ; 4.120 ;       ;       ; 4.760 ;
; SW[0]      ; Hex2[5]     ; 4.073 ;       ;       ; 4.716 ;
; SW[0]      ; Hex2[6]     ; 4.285 ;       ;       ; 4.883 ;
; SW[1]      ; Hex1[0]     ;       ; 4.235 ; 4.851 ;       ;
; SW[1]      ; Hex1[1]     ; 4.214 ; 4.222 ; 4.852 ; 4.886 ;
; SW[1]      ; Hex1[2]     ; 4.104 ;       ;       ; 4.743 ;
; SW[1]      ; Hex1[3]     ; 4.109 ; 4.128 ; 4.752 ; 4.772 ;
; SW[1]      ; Hex1[4]     ;       ; 4.122 ; 4.745 ;       ;
; SW[1]      ; Hex1[5]     ; 4.383 ;       ;       ; 5.065 ;
; SW[1]      ; Hex1[6]     ; 4.301 ; 4.258 ; 4.919 ; 4.919 ;
; SW[1]      ; Hex2[0]     ;       ; 3.967 ; 4.556 ;       ;
; SW[1]      ; Hex2[1]     ; 3.912 ; 3.930 ; 4.526 ; 4.537 ;
; SW[1]      ; Hex2[2]     ; 3.853 ;       ;       ; 4.472 ;
; SW[1]      ; Hex2[3]     ; 3.940 ; 3.960 ; 4.554 ; 4.567 ;
; SW[1]      ; Hex2[4]     ;       ; 3.981 ; 4.578 ;       ;
; SW[1]      ; Hex2[5]     ; 3.915 ;       ;       ; 4.543 ;
; SW[1]      ; Hex2[6]     ; 4.132 ; 4.089 ; 4.739 ; 4.703 ;
; SW[2]      ; Hex1[0]     ; 4.373 ; 4.365 ; 5.018 ; 5.062 ;
; SW[2]      ; Hex1[1]     ; 4.325 ;       ;       ; 5.013 ;
; SW[2]      ; Hex1[2]     ; 4.225 ; 4.276 ; 4.937 ; 4.897 ;
; SW[2]      ; Hex1[3]     ; 4.238 ; 4.257 ; 4.923 ; 4.938 ;
; SW[2]      ; Hex1[4]     ; 4.263 ; 4.245 ; 4.911 ; 4.945 ;
; SW[2]      ; Hex1[5]     ; 4.510 ; 4.557 ; 5.182 ; 5.218 ;
; SW[2]      ; Hex1[6]     ; 4.432 ; 4.390 ; 5.091 ; 5.084 ;
; SW[2]      ; Hex2[0]     ; 4.042 ; 4.060 ; 4.652 ; 4.689 ;
; SW[2]      ; Hex2[1]     ; 3.998 ;       ;       ; 4.643 ;
; SW[2]      ; Hex2[2]     ; 3.937 ; 3.945 ; 4.545 ; 4.572 ;
; SW[2]      ; Hex2[3]     ; 4.034 ; 4.049 ; 4.643 ; 4.677 ;
; SW[2]      ; Hex2[4]     ; 4.049 ; 4.061 ; 4.659 ; 4.690 ;
; SW[2]      ; Hex2[5]     ; 3.999 ; 4.015 ; 4.607 ; 4.643 ;
; SW[2]      ; Hex2[6]     ; 4.214 ; 4.175 ; 4.846 ; 4.788 ;
; SW[3]      ; Hex1[0]     ;       ; 4.427 ; 5.069 ;       ;
; SW[3]      ; Hex1[1]     ;       ; 4.410 ; 5.049 ;       ;
; SW[3]      ; Hex1[2]     ; 4.294 ;       ;       ; 4.975 ;
; SW[3]      ; Hex1[3]     ; 4.316 ;       ;       ; 4.997 ;
; SW[3]      ; Hex1[4]     ;       ; 4.312 ; 4.960 ;       ;
; SW[3]      ; Hex1[5]     ; 4.579 ; 4.622 ; 5.231 ; 5.293 ;
; SW[3]      ; Hex1[6]     ;       ; 4.461 ; 5.162 ;       ;
; SW[3]      ; Hex2[0]     ;       ; 4.271 ; 4.903 ;       ;
; SW[3]      ; Hex2[1]     ;       ; 4.205 ; 4.841 ;       ;
; SW[3]      ; Hex2[2]     ; 4.119 ;       ;       ; 4.777 ;
; SW[3]      ; Hex2[3]     ; 4.213 ;       ;       ; 4.881 ;
; SW[3]      ; Hex2[4]     ;       ; 4.265 ; 4.911 ;       ;
; SW[3]      ; Hex2[5]     ; 4.189 ; 4.250 ; 4.887 ; 4.849 ;
; SW[3]      ; Hex2[6]     ;       ; 4.358 ; 5.068 ;       ;
+------------+-------------+-------+-------+-------+-------+


+------------------------------------------------------------------------------------------------------------------------------------------------------------------------------------------------------------------------------------------------------------------------------------------------------------------------------------------------------------------------------------------------------------------+
; Board Trace Model Assignments                                                                                                                                                                                                                                                                                                                                                                                    ;
+---------------+--------------+-------------------+-------------------------+-------------------------+---------------+---------------------+----------------+------------------+--------+------------------+------------------------+------------------------+--------------+---------------+-----------------+-------+---------------------+--------------------+---------------+-----------------+-------------+
; Pin           ; I/O Standard ; Near Tline Length ; Near Tline L per Length ; Near Tline C per Length ; Near Series R ; Near Differential R ; Near Pull-up R ; Near Pull-down R ; Near C ; Far Tline Length ; Far Tline L per Length ; Far Tline C per Length ; Far Series R ; Far Pull-up R ; Far Pull-down R ; Far C ; Termination Voltage ; Far Differential R ; EBD File Name ; EBD Signal Name ; EBD Far-end ;
+---------------+--------------+-------------------+-------------------------+-------------------------+---------------+---------------------+----------------+------------------+--------+------------------+------------------------+------------------------+--------------+---------------+-----------------+-------+---------------------+--------------------+---------------+-----------------+-------------+
; Hex0[6]       ; 2.5 V        ; 0 in              ; 0 H/in                  ; 0 F/in                  ; short         ; -                   ; open           ; open             ; open   ; 0 in             ; 0 H/in                 ; 0 F/in                 ; short        ; open          ; open            ; open  ; 0 V                 ; -                  ; n/a           ; n/a             ; n/a         ;
; Hex0[5]       ; 2.5 V        ; 0 in              ; 0 H/in                  ; 0 F/in                  ; short         ; -                   ; open           ; open             ; open   ; 0 in             ; 0 H/in                 ; 0 F/in                 ; short        ; open          ; open            ; open  ; 0 V                 ; -                  ; n/a           ; n/a             ; n/a         ;
; Hex0[4]       ; 2.5 V        ; 0 in              ; 0 H/in                  ; 0 F/in                  ; short         ; -                   ; open           ; open             ; open   ; 0 in             ; 0 H/in                 ; 0 F/in                 ; short        ; open          ; open            ; open  ; 0 V                 ; -                  ; n/a           ; n/a             ; n/a         ;
; Hex0[3]       ; 2.5 V        ; 0 in              ; 0 H/in                  ; 0 F/in                  ; short         ; -                   ; open           ; open             ; open   ; 0 in             ; 0 H/in                 ; 0 F/in                 ; short        ; open          ; open            ; open  ; 0 V                 ; -                  ; n/a           ; n/a             ; n/a         ;
; Hex0[2]       ; 2.5 V        ; 0 in              ; 0 H/in                  ; 0 F/in                  ; short         ; -                   ; open           ; open             ; open   ; 0 in             ; 0 H/in                 ; 0 F/in                 ; short        ; open          ; open            ; open  ; 0 V                 ; -                  ; n/a           ; n/a             ; n/a         ;
; Hex0[1]       ; 2.5 V        ; 0 in              ; 0 H/in                  ; 0 F/in                  ; short         ; -                   ; open           ; open             ; open   ; 0 in             ; 0 H/in                 ; 0 F/in                 ; short        ; open          ; open            ; open  ; 0 V                 ; -                  ; n/a           ; n/a             ; n/a         ;
; Hex0[0]       ; 2.5 V        ; 0 in              ; 0 H/in                  ; 0 F/in                  ; short         ; -                   ; open           ; open             ; open   ; 0 in             ; 0 H/in                 ; 0 F/in                 ; short        ; open          ; open            ; open  ; 0 V                 ; -                  ; n/a           ; n/a             ; n/a         ;
; Hex1[6]       ; 2.5 V        ; 0 in              ; 0 H/in                  ; 0 F/in                  ; short         ; -                   ; open           ; open             ; open   ; 0 in             ; 0 H/in                 ; 0 F/in                 ; short        ; open          ; open            ; open  ; 0 V                 ; -                  ; n/a           ; n/a             ; n/a         ;
; Hex1[5]       ; 2.5 V        ; 0 in              ; 0 H/in                  ; 0 F/in                  ; short         ; -                   ; open           ; open             ; open   ; 0 in             ; 0 H/in                 ; 0 F/in                 ; short        ; open          ; open            ; open  ; 0 V                 ; -                  ; n/a           ; n/a             ; n/a         ;
; Hex1[4]       ; 2.5 V        ; 0 in              ; 0 H/in                  ; 0 F/in                  ; short         ; -                   ; open           ; open             ; open   ; 0 in             ; 0 H/in                 ; 0 F/in                 ; short        ; open          ; open            ; open  ; 0 V                 ; -                  ; n/a           ; n/a             ; n/a         ;
; Hex1[3]       ; 2.5 V        ; 0 in              ; 0 H/in                  ; 0 F/in                  ; short         ; -                   ; open           ; open             ; open   ; 0 in             ; 0 H/in                 ; 0 F/in                 ; short        ; open          ; open            ; open  ; 0 V                 ; -                  ; n/a           ; n/a             ; n/a         ;
; Hex1[2]       ; 2.5 V        ; 0 in              ; 0 H/in                  ; 0 F/in                  ; short         ; -                   ; open           ; open             ; open   ; 0 in             ; 0 H/in                 ; 0 F/in                 ; short        ; open          ; open            ; open  ; 0 V                 ; -                  ; n/a           ; n/a             ; n/a         ;
; Hex1[1]       ; 2.5 V        ; 0 in              ; 0 H/in                  ; 0 F/in                  ; short         ; -                   ; open           ; open             ; open   ; 0 in             ; 0 H/in                 ; 0 F/in                 ; short        ; open          ; open            ; open  ; 0 V                 ; -                  ; n/a           ; n/a             ; n/a         ;
; Hex1[0]       ; 2.5 V        ; 0 in              ; 0 H/in                  ; 0 F/in                  ; short         ; -                   ; open           ; open             ; open   ; 0 in             ; 0 H/in                 ; 0 F/in                 ; short        ; open          ; open            ; open  ; 0 V                 ; -                  ; n/a           ; n/a             ; n/a         ;
; Hex2[6]       ; 2.5 V        ; 0 in              ; 0 H/in                  ; 0 F/in                  ; short         ; -                   ; open           ; open             ; open   ; 0 in             ; 0 H/in                 ; 0 F/in                 ; short        ; open          ; open            ; open  ; 0 V                 ; -                  ; n/a           ; n/a             ; n/a         ;
; Hex2[5]       ; 2.5 V        ; 0 in              ; 0 H/in                  ; 0 F/in                  ; short         ; -                   ; open           ; open             ; open   ; 0 in             ; 0 H/in                 ; 0 F/in                 ; short        ; open          ; open            ; open  ; 0 V                 ; -                  ; n/a           ; n/a             ; n/a         ;
; Hex2[4]       ; 2.5 V        ; 0 in              ; 0 H/in                  ; 0 F/in                  ; short         ; -                   ; open           ; open             ; open   ; 0 in             ; 0 H/in                 ; 0 F/in                 ; short        ; open          ; open            ; open  ; 0 V                 ; -                  ; n/a           ; n/a             ; n/a         ;
; Hex2[3]       ; 2.5 V        ; 0 in              ; 0 H/in                  ; 0 F/in                  ; short         ; -                   ; open           ; open             ; open   ; 0 in             ; 0 H/in                 ; 0 F/in                 ; short        ; open          ; open            ; open  ; 0 V                 ; -                  ; n/a           ; n/a             ; n/a         ;
; Hex2[2]       ; 2.5 V        ; 0 in              ; 0 H/in                  ; 0 F/in                  ; short         ; -                   ; open           ; open             ; open   ; 0 in             ; 0 H/in                 ; 0 F/in                 ; short        ; open          ; open            ; open  ; 0 V                 ; -                  ; n/a           ; n/a             ; n/a         ;
; Hex2[1]       ; 2.5 V        ; 0 in              ; 0 H/in                  ; 0 F/in                  ; short         ; -                   ; open           ; open             ; open   ; 0 in             ; 0 H/in                 ; 0 F/in                 ; short        ; open          ; open            ; open  ; 0 V                 ; -                  ; n/a           ; n/a             ; n/a         ;
; Hex2[0]       ; 2.5 V        ; 0 in              ; 0 H/in                  ; 0 F/in                  ; short         ; -                   ; open           ; open             ; open   ; 0 in             ; 0 H/in                 ; 0 F/in                 ; short        ; open          ; open            ; open  ; 0 V                 ; -                  ; n/a           ; n/a             ; n/a         ;
; Hex3[6]       ; 2.5 V        ; 0 in              ; 0 H/in                  ; 0 F/in                  ; short         ; -                   ; open           ; open             ; open   ; 0 in             ; 0 H/in                 ; 0 F/in                 ; short        ; open          ; open            ; open  ; 0 V                 ; -                  ; n/a           ; n/a             ; n/a         ;
; Hex3[5]       ; 2.5 V        ; 0 in              ; 0 H/in                  ; 0 F/in                  ; short         ; -                   ; open           ; open             ; open   ; 0 in             ; 0 H/in                 ; 0 F/in                 ; short        ; open          ; open            ; open  ; 0 V                 ; -                  ; n/a           ; n/a             ; n/a         ;
; Hex3[4]       ; 2.5 V        ; 0 in              ; 0 H/in                  ; 0 F/in                  ; short         ; -                   ; open           ; open             ; open   ; 0 in             ; 0 H/in                 ; 0 F/in                 ; short        ; open          ; open            ; open  ; 0 V                 ; -                  ; n/a           ; n/a             ; n/a         ;
; Hex3[3]       ; 2.5 V        ; 0 in              ; 0 H/in                  ; 0 F/in                  ; short         ; -                   ; open           ; open             ; open   ; 0 in             ; 0 H/in                 ; 0 F/in                 ; short        ; open          ; open            ; open  ; 0 V                 ; -                  ; n/a           ; n/a             ; n/a         ;
; Hex3[2]       ; 2.5 V        ; 0 in              ; 0 H/in                  ; 0 F/in                  ; short         ; -                   ; open           ; open             ; open   ; 0 in             ; 0 H/in                 ; 0 F/in                 ; short        ; open          ; open            ; open  ; 0 V                 ; -                  ; n/a           ; n/a             ; n/a         ;
; Hex3[1]       ; 2.5 V        ; 0 in              ; 0 H/in                  ; 0 F/in                  ; short         ; -                   ; open           ; open             ; open   ; 0 in             ; 0 H/in                 ; 0 F/in                 ; short        ; open          ; open            ; open  ; 0 V                 ; -                  ; n/a           ; n/a             ; n/a         ;
; Hex3[0]       ; 2.5 V        ; 0 in              ; 0 H/in                  ; 0 F/in                  ; short         ; -                   ; open           ; open             ; open   ; 0 in             ; 0 H/in                 ; 0 F/in                 ; short        ; open          ; open            ; open  ; 0 V                 ; -                  ; n/a           ; n/a             ; n/a         ;
; ~ALTERA_DCLK~ ; 2.5 V        ; 0 in              ; 0 H/in                  ; 0 F/in                  ; short         ; -                   ; open           ; open             ; open   ; 0 in             ; 0 H/in                 ; 0 F/in                 ; short        ; open          ; open            ; open  ; 0 V                 ; -                  ; n/a           ; n/a             ; n/a         ;
; ~ALTERA_nCEO~ ; 2.5 V        ; 0 in              ; 0 H/in                  ; 0 F/in                  ; short         ; -                   ; open           ; open             ; open   ; 0 in             ; 0 H/in                 ; 0 F/in                 ; short        ; open          ; open            ; open  ; 0 V                 ; -                  ; n/a           ; n/a             ; n/a         ;
+---------------+--------------+-------------------+-------------------------+-------------------------+---------------+---------------------+----------------+------------------+--------+------------------+------------------------+------------------------+--------------+---------------+-----------------+-------+---------------------+--------------------+---------------+-----------------+-------------+


+----------------------------------------------------------------------------+
; Input Transition Times                                                     ;
+-------------------------+--------------+-----------------+-----------------+
; Pin                     ; I/O Standard ; 10-90 Rise Time ; 90-10 Fall Time ;
+-------------------------+--------------+-----------------+-----------------+
; SW[0]                   ; 2.5 V        ; 2000 ps         ; 2000 ps         ;
; Button2                 ; 2.5 V        ; 2000 ps         ; 2000 ps         ;
; SW[1]                   ; 2.5 V        ; 2000 ps         ; 2000 ps         ;
; SW[2]                   ; 2.5 V        ; 2000 ps         ; 2000 ps         ;
; SW[3]                   ; 2.5 V        ; 2000 ps         ; 2000 ps         ;
; Reset                   ; 2.5 V        ; 2000 ps         ; 2000 ps         ;
; Button1                 ; 2.5 V        ; 2000 ps         ; 2000 ps         ;
; Clk                     ; 2.5 V        ; 2000 ps         ; 2000 ps         ;
; ~ALTERA_ASDO_DATA1~     ; 2.5 V        ; 2000 ps         ; 2000 ps         ;
; ~ALTERA_FLASH_nCE_nCSO~ ; 2.5 V        ; 2000 ps         ; 2000 ps         ;
; ~ALTERA_DATA0~          ; 2.5 V        ; 2000 ps         ; 2000 ps         ;
+-------------------------+--------------+-----------------+-----------------+


+--------------------------------------------------------------------------------------------------------------------------------------------------------------------------------------------------------------------------------------------------------------------------------------------------------------------------------------------------------------------------------------------------------------------------------------------------------------------------------------------------------------------------------------------------------------------------------------------------------------------------------------------------------------------------------------------+
; Slow Corner Signal Integrity Metrics                                                                                                                                                                                                                                                                                                                                                                                                                                                                                                                                                                                                                                                       ;
+---------------+--------------+---------------------+---------------------+------------------------------+------------------------------+---------------------+---------------------+--------------------------------------+--------------------------------------+-----------------------------+-----------------------------+----------------------------+----------------------------+-----------------------------+-----------------------------+--------------------+--------------------+-------------------------------------+-------------------------------------+----------------------------+----------------------------+---------------------------+---------------------------+
; Pin           ; I/O Standard ; Board Delay on Rise ; Board Delay on Fall ; Steady State Voh at FPGA Pin ; Steady State Vol at FPGA Pin ; Voh Max at FPGA Pin ; Vol Min at FPGA Pin ; Ringback Voltage on Rise at FPGA Pin ; Ringback Voltage on Fall at FPGA Pin ; 10-90 Rise Time at FPGA Pin ; 90-10 Fall Time at FPGA Pin ; Monotonic Rise at FPGA Pin ; Monotonic Fall at FPGA Pin ; Steady State Voh at Far-end ; Steady State Vol at Far-end ; Voh Max at Far-end ; Vol Min at Far-end ; Ringback Voltage on Rise at Far-end ; Ringback Voltage on Fall at Far-end ; 10-90 Rise Time at Far-end ; 90-10 Fall Time at Far-end ; Monotonic Rise at Far-end ; Monotonic Fall at Far-end ;
+---------------+--------------+---------------------+---------------------+------------------------------+------------------------------+---------------------+---------------------+--------------------------------------+--------------------------------------+-----------------------------+-----------------------------+----------------------------+----------------------------+-----------------------------+-----------------------------+--------------------+--------------------+-------------------------------------+-------------------------------------+----------------------------+----------------------------+---------------------------+---------------------------+
; Hex0[6]       ; 2.5 V        ; 0 s                 ; 0 s                 ; 2.32 V                       ; 1.08e-06 V                   ; 2.36 V              ; -0.0113 V           ; 0.122 V                              ; 0.022 V                              ; 4.5e-10 s                   ; 4.45e-10 s                  ; Yes                        ; Yes                        ; 2.32 V                      ; 1.08e-06 V                  ; 2.36 V             ; -0.0113 V          ; 0.122 V                             ; 0.022 V                             ; 4.5e-10 s                  ; 4.45e-10 s                 ; Yes                       ; Yes                       ;
; Hex0[5]       ; 2.5 V        ; 0 s                 ; 0 s                 ; 2.32 V                       ; 1.08e-06 V                   ; 2.36 V              ; -0.0113 V           ; 0.122 V                              ; 0.022 V                              ; 4.5e-10 s                   ; 4.45e-10 s                  ; Yes                        ; Yes                        ; 2.32 V                      ; 1.08e-06 V                  ; 2.36 V             ; -0.0113 V          ; 0.122 V                             ; 0.022 V                             ; 4.5e-10 s                  ; 4.45e-10 s                 ; Yes                       ; Yes                       ;
; Hex0[4]       ; 2.5 V        ; 0 s                 ; 0 s                 ; 2.32 V                       ; 1.08e-06 V                   ; 2.36 V              ; -0.0113 V           ; 0.122 V                              ; 0.022 V                              ; 4.5e-10 s                   ; 4.45e-10 s                  ; Yes                        ; Yes                        ; 2.32 V                      ; 1.08e-06 V                  ; 2.36 V             ; -0.0113 V          ; 0.122 V                             ; 0.022 V                             ; 4.5e-10 s                  ; 4.45e-10 s                 ; Yes                       ; Yes                       ;
; Hex0[3]       ; 2.5 V        ; 0 s                 ; 0 s                 ; 2.32 V                       ; 1.08e-06 V                   ; 2.36 V              ; -0.0113 V           ; 0.122 V                              ; 0.022 V                              ; 4.5e-10 s                   ; 4.45e-10 s                  ; Yes                        ; Yes                        ; 2.32 V                      ; 1.08e-06 V                  ; 2.36 V             ; -0.0113 V          ; 0.122 V                             ; 0.022 V                             ; 4.5e-10 s                  ; 4.45e-10 s                 ; Yes                       ; Yes                       ;
; Hex0[2]       ; 2.5 V        ; 0 s                 ; 0 s                 ; 2.32 V                       ; 1.08e-06 V                   ; 2.36 V              ; -0.0113 V           ; 0.122 V                              ; 0.022 V                              ; 4.5e-10 s                   ; 4.45e-10 s                  ; Yes                        ; Yes                        ; 2.32 V                      ; 1.08e-06 V                  ; 2.36 V             ; -0.0113 V          ; 0.122 V                             ; 0.022 V                             ; 4.5e-10 s                  ; 4.45e-10 s                 ; Yes                       ; Yes                       ;
; Hex0[1]       ; 2.5 V        ; 0 s                 ; 0 s                 ; 2.32 V                       ; 1.08e-06 V                   ; 2.36 V              ; -0.0113 V           ; 0.122 V                              ; 0.022 V                              ; 4.5e-10 s                   ; 4.45e-10 s                  ; Yes                        ; Yes                        ; 2.32 V                      ; 1.08e-06 V                  ; 2.36 V             ; -0.0113 V          ; 0.122 V                             ; 0.022 V                             ; 4.5e-10 s                  ; 4.45e-10 s                 ; Yes                       ; Yes                       ;
; Hex0[0]       ; 2.5 V        ; 0 s                 ; 0 s                 ; 2.32 V                       ; 1.08e-06 V                   ; 2.36 V              ; -0.0113 V           ; 0.122 V                              ; 0.022 V                              ; 4.5e-10 s                   ; 4.45e-10 s                  ; Yes                        ; Yes                        ; 2.32 V                      ; 1.08e-06 V                  ; 2.36 V             ; -0.0113 V          ; 0.122 V                             ; 0.022 V                             ; 4.5e-10 s                  ; 4.45e-10 s                 ; Yes                       ; Yes                       ;
; Hex1[6]       ; 2.5 V        ; 0 s                 ; 0 s                 ; 2.32 V                       ; 1.08e-06 V                   ; 2.36 V              ; -0.0113 V           ; 0.122 V                              ; 0.022 V                              ; 4.5e-10 s                   ; 4.45e-10 s                  ; Yes                        ; Yes                        ; 2.32 V                      ; 1.08e-06 V                  ; 2.36 V             ; -0.0113 V          ; 0.122 V                             ; 0.022 V                             ; 4.5e-10 s                  ; 4.45e-10 s                 ; Yes                       ; Yes                       ;
; Hex1[5]       ; 2.5 V        ; 0 s                 ; 0 s                 ; 2.32 V                       ; 1.08e-06 V                   ; 2.36 V              ; -0.0113 V           ; 0.122 V                              ; 0.022 V                              ; 4.5e-10 s                   ; 4.45e-10 s                  ; Yes                        ; Yes                        ; 2.32 V                      ; 1.08e-06 V                  ; 2.36 V             ; -0.0113 V          ; 0.122 V                             ; 0.022 V                             ; 4.5e-10 s                  ; 4.45e-10 s                 ; Yes                       ; Yes                       ;
; Hex1[4]       ; 2.5 V        ; 0 s                 ; 0 s                 ; 2.32 V                       ; 1.08e-06 V                   ; 2.36 V              ; -0.0113 V           ; 0.122 V                              ; 0.022 V                              ; 4.5e-10 s                   ; 4.45e-10 s                  ; Yes                        ; Yes                        ; 2.32 V                      ; 1.08e-06 V                  ; 2.36 V             ; -0.0113 V          ; 0.122 V                             ; 0.022 V                             ; 4.5e-10 s                  ; 4.45e-10 s                 ; Yes                       ; Yes                       ;
; Hex1[3]       ; 2.5 V        ; 0 s                 ; 0 s                 ; 2.32 V                       ; 1.08e-06 V                   ; 2.36 V              ; -0.0113 V           ; 0.122 V                              ; 0.022 V                              ; 4.5e-10 s                   ; 4.45e-10 s                  ; Yes                        ; Yes                        ; 2.32 V                      ; 1.08e-06 V                  ; 2.36 V             ; -0.0113 V          ; 0.122 V                             ; 0.022 V                             ; 4.5e-10 s                  ; 4.45e-10 s                 ; Yes                       ; Yes                       ;
; Hex1[2]       ; 2.5 V        ; 0 s                 ; 0 s                 ; 2.32 V                       ; 1.08e-06 V                   ; 2.36 V              ; -0.0113 V           ; 0.122 V                              ; 0.022 V                              ; 4.5e-10 s                   ; 4.45e-10 s                  ; Yes                        ; Yes                        ; 2.32 V                      ; 1.08e-06 V                  ; 2.36 V             ; -0.0113 V          ; 0.122 V                             ; 0.022 V                             ; 4.5e-10 s                  ; 4.45e-10 s                 ; Yes                       ; Yes                       ;
; Hex1[1]       ; 2.5 V        ; 0 s                 ; 0 s                 ; 2.32 V                       ; 1.08e-06 V                   ; 2.36 V              ; -0.0113 V           ; 0.122 V                              ; 0.022 V                              ; 4.5e-10 s                   ; 4.45e-10 s                  ; Yes                        ; Yes                        ; 2.32 V                      ; 1.08e-06 V                  ; 2.36 V             ; -0.0113 V          ; 0.122 V                             ; 0.022 V                             ; 4.5e-10 s                  ; 4.45e-10 s                 ; Yes                       ; Yes                       ;
; Hex1[0]       ; 2.5 V        ; 0 s                 ; 0 s                 ; 2.32 V                       ; 1.08e-06 V                   ; 2.36 V              ; -0.0113 V           ; 0.122 V                              ; 0.022 V                              ; 4.5e-10 s                   ; 4.45e-10 s                  ; Yes                        ; Yes                        ; 2.32 V                      ; 1.08e-06 V                  ; 2.36 V             ; -0.0113 V          ; 0.122 V                             ; 0.022 V                             ; 4.5e-10 s                  ; 4.45e-10 s                 ; Yes                       ; Yes                       ;
; Hex2[6]       ; 2.5 V        ; 0 s                 ; 0 s                 ; 2.32 V                       ; 1.08e-06 V                   ; 2.36 V              ; -0.0113 V           ; 0.122 V                              ; 0.022 V                              ; 4.5e-10 s                   ; 4.45e-10 s                  ; Yes                        ; Yes                        ; 2.32 V                      ; 1.08e-06 V                  ; 2.36 V             ; -0.0113 V          ; 0.122 V                             ; 0.022 V                             ; 4.5e-10 s                  ; 4.45e-10 s                 ; Yes                       ; Yes                       ;
; Hex2[5]       ; 2.5 V        ; 0 s                 ; 0 s                 ; 2.32 V                       ; 1.08e-06 V                   ; 2.36 V              ; -0.0113 V           ; 0.122 V                              ; 0.022 V                              ; 4.5e-10 s                   ; 4.45e-10 s                  ; Yes                        ; Yes                        ; 2.32 V                      ; 1.08e-06 V                  ; 2.36 V             ; -0.0113 V          ; 0.122 V                             ; 0.022 V                             ; 4.5e-10 s                  ; 4.45e-10 s                 ; Yes                       ; Yes                       ;
; Hex2[4]       ; 2.5 V        ; 0 s                 ; 0 s                 ; 2.32 V                       ; 1.08e-06 V                   ; 2.36 V              ; -0.0113 V           ; 0.122 V                              ; 0.022 V                              ; 4.5e-10 s                   ; 4.45e-10 s                  ; Yes                        ; Yes                        ; 2.32 V                      ; 1.08e-06 V                  ; 2.36 V             ; -0.0113 V          ; 0.122 V                             ; 0.022 V                             ; 4.5e-10 s                  ; 4.45e-10 s                 ; Yes                       ; Yes                       ;
; Hex2[3]       ; 2.5 V        ; 0 s                 ; 0 s                 ; 2.32 V                       ; 1.08e-06 V                   ; 2.36 V              ; -0.0113 V           ; 0.122 V                              ; 0.022 V                              ; 4.5e-10 s                   ; 4.45e-10 s                  ; Yes                        ; Yes                        ; 2.32 V                      ; 1.08e-06 V                  ; 2.36 V             ; -0.0113 V          ; 0.122 V                             ; 0.022 V                             ; 4.5e-10 s                  ; 4.45e-10 s                 ; Yes                       ; Yes                       ;
; Hex2[2]       ; 2.5 V        ; 0 s                 ; 0 s                 ; 2.32 V                       ; 1.08e-06 V                   ; 2.36 V              ; -0.0113 V           ; 0.122 V                              ; 0.022 V                              ; 4.5e-10 s                   ; 4.45e-10 s                  ; Yes                        ; Yes                        ; 2.32 V                      ; 1.08e-06 V                  ; 2.36 V             ; -0.0113 V          ; 0.122 V                             ; 0.022 V                             ; 4.5e-10 s                  ; 4.45e-10 s                 ; Yes                       ; Yes                       ;
; Hex2[1]       ; 2.5 V        ; 0 s                 ; 0 s                 ; 2.32 V                       ; 1.08e-06 V                   ; 2.36 V              ; -0.0113 V           ; 0.122 V                              ; 0.022 V                              ; 4.5e-10 s                   ; 4.45e-10 s                  ; Yes                        ; Yes                        ; 2.32 V                      ; 1.08e-06 V                  ; 2.36 V             ; -0.0113 V          ; 0.122 V                             ; 0.022 V                             ; 4.5e-10 s                  ; 4.45e-10 s                 ; Yes                       ; Yes                       ;
; Hex2[0]       ; 2.5 V        ; 0 s                 ; 0 s                 ; 2.32 V                       ; 1.08e-06 V                   ; 2.36 V              ; -0.0113 V           ; 0.122 V                              ; 0.022 V                              ; 4.5e-10 s                   ; 4.45e-10 s                  ; Yes                        ; Yes                        ; 2.32 V                      ; 1.08e-06 V                  ; 2.36 V             ; -0.0113 V          ; 0.122 V                             ; 0.022 V                             ; 4.5e-10 s                  ; 4.45e-10 s                 ; Yes                       ; Yes                       ;
; Hex3[6]       ; 2.5 V        ; 0 s                 ; 0 s                 ; 2.32 V                       ; 1.08e-06 V                   ; 2.36 V              ; -0.0113 V           ; 0.122 V                              ; 0.022 V                              ; 4.5e-10 s                   ; 4.45e-10 s                  ; Yes                        ; Yes                        ; 2.32 V                      ; 1.08e-06 V                  ; 2.36 V             ; -0.0113 V          ; 0.122 V                             ; 0.022 V                             ; 4.5e-10 s                  ; 4.45e-10 s                 ; Yes                       ; Yes                       ;
; Hex3[5]       ; 2.5 V        ; 0 s                 ; 0 s                 ; 2.32 V                       ; 1.08e-06 V                   ; 2.36 V              ; -0.0113 V           ; 0.122 V                              ; 0.022 V                              ; 4.5e-10 s                   ; 4.45e-10 s                  ; Yes                        ; Yes                        ; 2.32 V                      ; 1.08e-06 V                  ; 2.36 V             ; -0.0113 V          ; 0.122 V                             ; 0.022 V                             ; 4.5e-10 s                  ; 4.45e-10 s                 ; Yes                       ; Yes                       ;
; Hex3[4]       ; 2.5 V        ; 0 s                 ; 0 s                 ; 2.32 V                       ; 1.08e-06 V                   ; 2.36 V              ; -0.0113 V           ; 0.122 V                              ; 0.022 V                              ; 4.5e-10 s                   ; 4.45e-10 s                  ; Yes                        ; Yes                        ; 2.32 V                      ; 1.08e-06 V                  ; 2.36 V             ; -0.0113 V          ; 0.122 V                             ; 0.022 V                             ; 4.5e-10 s                  ; 4.45e-10 s                 ; Yes                       ; Yes                       ;
; Hex3[3]       ; 2.5 V        ; 0 s                 ; 0 s                 ; 2.32 V                       ; 1.08e-06 V                   ; 2.36 V              ; -0.0113 V           ; 0.122 V                              ; 0.022 V                              ; 4.5e-10 s                   ; 4.45e-10 s                  ; Yes                        ; Yes                        ; 2.32 V                      ; 1.08e-06 V                  ; 2.36 V             ; -0.0113 V          ; 0.122 V                             ; 0.022 V                             ; 4.5e-10 s                  ; 4.45e-10 s                 ; Yes                       ; Yes                       ;
; Hex3[2]       ; 2.5 V        ; 0 s                 ; 0 s                 ; 2.32 V                       ; 1.08e-06 V                   ; 2.36 V              ; -0.0113 V           ; 0.122 V                              ; 0.022 V                              ; 4.5e-10 s                   ; 4.45e-10 s                  ; Yes                        ; Yes                        ; 2.32 V                      ; 1.08e-06 V                  ; 2.36 V             ; -0.0113 V          ; 0.122 V                             ; 0.022 V                             ; 4.5e-10 s                  ; 4.45e-10 s                 ; Yes                       ; Yes                       ;
; Hex3[1]       ; 2.5 V        ; 0 s                 ; 0 s                 ; 2.32 V                       ; 1.08e-06 V                   ; 2.36 V              ; -0.0113 V           ; 0.122 V                              ; 0.022 V                              ; 4.5e-10 s                   ; 4.45e-10 s                  ; Yes                        ; Yes                        ; 2.32 V                      ; 1.08e-06 V                  ; 2.36 V             ; -0.0113 V          ; 0.122 V                             ; 0.022 V                             ; 4.5e-10 s                  ; 4.45e-10 s                 ; Yes                       ; Yes                       ;
; Hex3[0]       ; 2.5 V        ; 0 s                 ; 0 s                 ; 2.32 V                       ; 1.08e-06 V                   ; 2.36 V              ; -0.0113 V           ; 0.122 V                              ; 0.022 V                              ; 4.5e-10 s                   ; 4.45e-10 s                  ; Yes                        ; Yes                        ; 2.32 V                      ; 1.08e-06 V                  ; 2.36 V             ; -0.0113 V          ; 0.122 V                             ; 0.022 V                             ; 4.5e-10 s                  ; 4.45e-10 s                 ; Yes                       ; Yes                       ;
; ~ALTERA_DCLK~ ; 2.5 V        ; 0 s                 ; 0 s                 ; 2.32 V                       ; 5.68e-07 V                   ; 2.35 V              ; -0.0132 V           ; 0.2 V                                ; 0.027 V                              ; 5.26e-10 s                  ; 4.81e-10 s                  ; Yes                        ; Yes                        ; 2.32 V                      ; 5.68e-07 V                  ; 2.35 V             ; -0.0132 V          ; 0.2 V                               ; 0.027 V                             ; 5.26e-10 s                 ; 4.81e-10 s                 ; Yes                       ; Yes                       ;
; ~ALTERA_nCEO~ ; 2.5 V        ; 0 s                 ; 0 s                 ; 2.32 V                       ; 9.36e-07 V                   ; 2.35 V              ; -0.00444 V          ; 0.18 V                               ; 0.019 V                              ; 7.23e-10 s                  ; 9.82e-10 s                  ; Yes                        ; Yes                        ; 2.32 V                      ; 9.36e-07 V                  ; 2.35 V             ; -0.00444 V         ; 0.18 V                              ; 0.019 V                             ; 7.23e-10 s                 ; 9.82e-10 s                 ; Yes                       ; Yes                       ;
+---------------+--------------+---------------------+---------------------+------------------------------+------------------------------+---------------------+---------------------+--------------------------------------+--------------------------------------+-----------------------------+-----------------------------+----------------------------+----------------------------+-----------------------------+-----------------------------+--------------------+--------------------+-------------------------------------+-------------------------------------+----------------------------+----------------------------+---------------------------+---------------------------+


+--------------------------------------------------------------------------------------------------------------------------------------------------------------------------------------------------------------------------------------------------------------------------------------------------------------------------------------------------------------------------------------------------------------------------------------------------------------------------------------------------------------------------------------------------------------------------------------------------------------------------------------------------------------------------------------------+
; Fast Corner Signal Integrity Metrics                                                                                                                                                                                                                                                                                                                                                                                                                                                                                                                                                                                                                                                       ;
+---------------+--------------+---------------------+---------------------+------------------------------+------------------------------+---------------------+---------------------+--------------------------------------+--------------------------------------+-----------------------------+-----------------------------+----------------------------+----------------------------+-----------------------------+-----------------------------+--------------------+--------------------+-------------------------------------+-------------------------------------+----------------------------+----------------------------+---------------------------+---------------------------+
; Pin           ; I/O Standard ; Board Delay on Rise ; Board Delay on Fall ; Steady State Voh at FPGA Pin ; Steady State Vol at FPGA Pin ; Voh Max at FPGA Pin ; Vol Min at FPGA Pin ; Ringback Voltage on Rise at FPGA Pin ; Ringback Voltage on Fall at FPGA Pin ; 10-90 Rise Time at FPGA Pin ; 90-10 Fall Time at FPGA Pin ; Monotonic Rise at FPGA Pin ; Monotonic Fall at FPGA Pin ; Steady State Voh at Far-end ; Steady State Vol at Far-end ; Voh Max at Far-end ; Vol Min at Far-end ; Ringback Voltage on Rise at Far-end ; Ringback Voltage on Fall at Far-end ; 10-90 Rise Time at Far-end ; 90-10 Fall Time at Far-end ; Monotonic Rise at Far-end ; Monotonic Fall at Far-end ;
+---------------+--------------+---------------------+---------------------+------------------------------+------------------------------+---------------------+---------------------+--------------------------------------+--------------------------------------+-----------------------------+-----------------------------+----------------------------+----------------------------+-----------------------------+-----------------------------+--------------------+--------------------+-------------------------------------+-------------------------------------+----------------------------+----------------------------+---------------------------+---------------------------+
; Hex0[6]       ; 2.5 V        ; 0 s                 ; 0 s                 ; 2.62 V                       ; 4.11e-08 V                   ; 2.73 V              ; -0.0566 V           ; 0.191 V                              ; 0.12 V                               ; 2.69e-10 s                  ; 2.76e-10 s                  ; Yes                        ; Yes                        ; 2.62 V                      ; 4.11e-08 V                  ; 2.73 V             ; -0.0566 V          ; 0.191 V                             ; 0.12 V                              ; 2.69e-10 s                 ; 2.76e-10 s                 ; Yes                       ; Yes                       ;
; Hex0[5]       ; 2.5 V        ; 0 s                 ; 0 s                 ; 2.62 V                       ; 4.11e-08 V                   ; 2.73 V              ; -0.0566 V           ; 0.191 V                              ; 0.12 V                               ; 2.69e-10 s                  ; 2.76e-10 s                  ; Yes                        ; Yes                        ; 2.62 V                      ; 4.11e-08 V                  ; 2.73 V             ; -0.0566 V          ; 0.191 V                             ; 0.12 V                              ; 2.69e-10 s                 ; 2.76e-10 s                 ; Yes                       ; Yes                       ;
; Hex0[4]       ; 2.5 V        ; 0 s                 ; 0 s                 ; 2.62 V                       ; 4.11e-08 V                   ; 2.73 V              ; -0.0566 V           ; 0.191 V                              ; 0.12 V                               ; 2.69e-10 s                  ; 2.76e-10 s                  ; Yes                        ; Yes                        ; 2.62 V                      ; 4.11e-08 V                  ; 2.73 V             ; -0.0566 V          ; 0.191 V                             ; 0.12 V                              ; 2.69e-10 s                 ; 2.76e-10 s                 ; Yes                       ; Yes                       ;
; Hex0[3]       ; 2.5 V        ; 0 s                 ; 0 s                 ; 2.62 V                       ; 4.11e-08 V                   ; 2.73 V              ; -0.0566 V           ; 0.191 V                              ; 0.12 V                               ; 2.69e-10 s                  ; 2.76e-10 s                  ; Yes                        ; Yes                        ; 2.62 V                      ; 4.11e-08 V                  ; 2.73 V             ; -0.0566 V          ; 0.191 V                             ; 0.12 V                              ; 2.69e-10 s                 ; 2.76e-10 s                 ; Yes                       ; Yes                       ;
; Hex0[2]       ; 2.5 V        ; 0 s                 ; 0 s                 ; 2.62 V                       ; 4.11e-08 V                   ; 2.73 V              ; -0.0566 V           ; 0.191 V                              ; 0.12 V                               ; 2.69e-10 s                  ; 2.76e-10 s                  ; Yes                        ; Yes                        ; 2.62 V                      ; 4.11e-08 V                  ; 2.73 V             ; -0.0566 V          ; 0.191 V                             ; 0.12 V                              ; 2.69e-10 s                 ; 2.76e-10 s                 ; Yes                       ; Yes                       ;
; Hex0[1]       ; 2.5 V        ; 0 s                 ; 0 s                 ; 2.62 V                       ; 4.11e-08 V                   ; 2.73 V              ; -0.0566 V           ; 0.191 V                              ; 0.12 V                               ; 2.69e-10 s                  ; 2.76e-10 s                  ; Yes                        ; Yes                        ; 2.62 V                      ; 4.11e-08 V                  ; 2.73 V             ; -0.0566 V          ; 0.191 V                             ; 0.12 V                              ; 2.69e-10 s                 ; 2.76e-10 s                 ; Yes                       ; Yes                       ;
; Hex0[0]       ; 2.5 V        ; 0 s                 ; 0 s                 ; 2.62 V                       ; 4.11e-08 V                   ; 2.73 V              ; -0.0566 V           ; 0.191 V                              ; 0.12 V                               ; 2.69e-10 s                  ; 2.76e-10 s                  ; Yes                        ; Yes                        ; 2.62 V                      ; 4.11e-08 V                  ; 2.73 V             ; -0.0566 V          ; 0.191 V                             ; 0.12 V                              ; 2.69e-10 s                 ; 2.76e-10 s                 ; Yes                       ; Yes                       ;
; Hex1[6]       ; 2.5 V        ; 0 s                 ; 0 s                 ; 2.62 V                       ; 4.11e-08 V                   ; 2.73 V              ; -0.0566 V           ; 0.191 V                              ; 0.12 V                               ; 2.69e-10 s                  ; 2.76e-10 s                  ; Yes                        ; Yes                        ; 2.62 V                      ; 4.11e-08 V                  ; 2.73 V             ; -0.0566 V          ; 0.191 V                             ; 0.12 V                              ; 2.69e-10 s                 ; 2.76e-10 s                 ; Yes                       ; Yes                       ;
; Hex1[5]       ; 2.5 V        ; 0 s                 ; 0 s                 ; 2.62 V                       ; 4.11e-08 V                   ; 2.73 V              ; -0.0566 V           ; 0.191 V                              ; 0.12 V                               ; 2.69e-10 s                  ; 2.76e-10 s                  ; Yes                        ; Yes                        ; 2.62 V                      ; 4.11e-08 V                  ; 2.73 V             ; -0.0566 V          ; 0.191 V                             ; 0.12 V                              ; 2.69e-10 s                 ; 2.76e-10 s                 ; Yes                       ; Yes                       ;
; Hex1[4]       ; 2.5 V        ; 0 s                 ; 0 s                 ; 2.62 V                       ; 4.11e-08 V                   ; 2.73 V              ; -0.0566 V           ; 0.191 V                              ; 0.12 V                               ; 2.69e-10 s                  ; 2.76e-10 s                  ; Yes                        ; Yes                        ; 2.62 V                      ; 4.11e-08 V                  ; 2.73 V             ; -0.0566 V          ; 0.191 V                             ; 0.12 V                              ; 2.69e-10 s                 ; 2.76e-10 s                 ; Yes                       ; Yes                       ;
; Hex1[3]       ; 2.5 V        ; 0 s                 ; 0 s                 ; 2.62 V                       ; 4.11e-08 V                   ; 2.73 V              ; -0.0566 V           ; 0.191 V                              ; 0.12 V                               ; 2.69e-10 s                  ; 2.76e-10 s                  ; Yes                        ; Yes                        ; 2.62 V                      ; 4.11e-08 V                  ; 2.73 V             ; -0.0566 V          ; 0.191 V                             ; 0.12 V                              ; 2.69e-10 s                 ; 2.76e-10 s                 ; Yes                       ; Yes                       ;
; Hex1[2]       ; 2.5 V        ; 0 s                 ; 0 s                 ; 2.62 V                       ; 4.11e-08 V                   ; 2.73 V              ; -0.0566 V           ; 0.191 V                              ; 0.12 V                               ; 2.69e-10 s                  ; 2.76e-10 s                  ; Yes                        ; Yes                        ; 2.62 V                      ; 4.11e-08 V                  ; 2.73 V             ; -0.0566 V          ; 0.191 V                             ; 0.12 V                              ; 2.69e-10 s                 ; 2.76e-10 s                 ; Yes                       ; Yes                       ;
; Hex1[1]       ; 2.5 V        ; 0 s                 ; 0 s                 ; 2.62 V                       ; 4.11e-08 V                   ; 2.73 V              ; -0.0566 V           ; 0.191 V                              ; 0.12 V                               ; 2.69e-10 s                  ; 2.76e-10 s                  ; Yes                        ; Yes                        ; 2.62 V                      ; 4.11e-08 V                  ; 2.73 V             ; -0.0566 V          ; 0.191 V                             ; 0.12 V                              ; 2.69e-10 s                 ; 2.76e-10 s                 ; Yes                       ; Yes                       ;
; Hex1[0]       ; 2.5 V        ; 0 s                 ; 0 s                 ; 2.62 V                       ; 4.11e-08 V                   ; 2.73 V              ; -0.0566 V           ; 0.191 V                              ; 0.12 V                               ; 2.69e-10 s                  ; 2.76e-10 s                  ; Yes                        ; Yes                        ; 2.62 V                      ; 4.11e-08 V                  ; 2.73 V             ; -0.0566 V          ; 0.191 V                             ; 0.12 V                              ; 2.69e-10 s                 ; 2.76e-10 s                 ; Yes                       ; Yes                       ;
; Hex2[6]       ; 2.5 V        ; 0 s                 ; 0 s                 ; 2.62 V                       ; 4.11e-08 V                   ; 2.73 V              ; -0.0566 V           ; 0.191 V                              ; 0.12 V                               ; 2.69e-10 s                  ; 2.76e-10 s                  ; Yes                        ; Yes                        ; 2.62 V                      ; 4.11e-08 V                  ; 2.73 V             ; -0.0566 V          ; 0.191 V                             ; 0.12 V                              ; 2.69e-10 s                 ; 2.76e-10 s                 ; Yes                       ; Yes                       ;
; Hex2[5]       ; 2.5 V        ; 0 s                 ; 0 s                 ; 2.62 V                       ; 4.11e-08 V                   ; 2.73 V              ; -0.0566 V           ; 0.191 V                              ; 0.12 V                               ; 2.69e-10 s                  ; 2.76e-10 s                  ; Yes                        ; Yes                        ; 2.62 V                      ; 4.11e-08 V                  ; 2.73 V             ; -0.0566 V          ; 0.191 V                             ; 0.12 V                              ; 2.69e-10 s                 ; 2.76e-10 s                 ; Yes                       ; Yes                       ;
; Hex2[4]       ; 2.5 V        ; 0 s                 ; 0 s                 ; 2.62 V                       ; 4.11e-08 V                   ; 2.73 V              ; -0.0566 V           ; 0.191 V                              ; 0.12 V                               ; 2.69e-10 s                  ; 2.76e-10 s                  ; Yes                        ; Yes                        ; 2.62 V                      ; 4.11e-08 V                  ; 2.73 V             ; -0.0566 V          ; 0.191 V                             ; 0.12 V                              ; 2.69e-10 s                 ; 2.76e-10 s                 ; Yes                       ; Yes                       ;
; Hex2[3]       ; 2.5 V        ; 0 s                 ; 0 s                 ; 2.62 V                       ; 4.11e-08 V                   ; 2.73 V              ; -0.0566 V           ; 0.191 V                              ; 0.12 V                               ; 2.69e-10 s                  ; 2.76e-10 s                  ; Yes                        ; Yes                        ; 2.62 V                      ; 4.11e-08 V                  ; 2.73 V             ; -0.0566 V          ; 0.191 V                             ; 0.12 V                              ; 2.69e-10 s                 ; 2.76e-10 s                 ; Yes                       ; Yes                       ;
; Hex2[2]       ; 2.5 V        ; 0 s                 ; 0 s                 ; 2.62 V                       ; 4.11e-08 V                   ; 2.73 V              ; -0.0566 V           ; 0.191 V                              ; 0.12 V                               ; 2.69e-10 s                  ; 2.76e-10 s                  ; Yes                        ; Yes                        ; 2.62 V                      ; 4.11e-08 V                  ; 2.73 V             ; -0.0566 V          ; 0.191 V                             ; 0.12 V                              ; 2.69e-10 s                 ; 2.76e-10 s                 ; Yes                       ; Yes                       ;
; Hex2[1]       ; 2.5 V        ; 0 s                 ; 0 s                 ; 2.62 V                       ; 4.11e-08 V                   ; 2.73 V              ; -0.0566 V           ; 0.191 V                              ; 0.12 V                               ; 2.69e-10 s                  ; 2.76e-10 s                  ; Yes                        ; Yes                        ; 2.62 V                      ; 4.11e-08 V                  ; 2.73 V             ; -0.0566 V          ; 0.191 V                             ; 0.12 V                              ; 2.69e-10 s                 ; 2.76e-10 s                 ; Yes                       ; Yes                       ;
; Hex2[0]       ; 2.5 V        ; 0 s                 ; 0 s                 ; 2.62 V                       ; 4.11e-08 V                   ; 2.73 V              ; -0.0566 V           ; 0.191 V                              ; 0.12 V                               ; 2.69e-10 s                  ; 2.76e-10 s                  ; Yes                        ; Yes                        ; 2.62 V                      ; 4.11e-08 V                  ; 2.73 V             ; -0.0566 V          ; 0.191 V                             ; 0.12 V                              ; 2.69e-10 s                 ; 2.76e-10 s                 ; Yes                       ; Yes                       ;
; Hex3[6]       ; 2.5 V        ; 0 s                 ; 0 s                 ; 2.62 V                       ; 4.11e-08 V                   ; 2.73 V              ; -0.0566 V           ; 0.191 V                              ; 0.12 V                               ; 2.69e-10 s                  ; 2.76e-10 s                  ; Yes                        ; Yes                        ; 2.62 V                      ; 4.11e-08 V                  ; 2.73 V             ; -0.0566 V          ; 0.191 V                             ; 0.12 V                              ; 2.69e-10 s                 ; 2.76e-10 s                 ; Yes                       ; Yes                       ;
; Hex3[5]       ; 2.5 V        ; 0 s                 ; 0 s                 ; 2.62 V                       ; 4.11e-08 V                   ; 2.73 V              ; -0.0566 V           ; 0.191 V                              ; 0.12 V                               ; 2.69e-10 s                  ; 2.76e-10 s                  ; Yes                        ; Yes                        ; 2.62 V                      ; 4.11e-08 V                  ; 2.73 V             ; -0.0566 V          ; 0.191 V                             ; 0.12 V                              ; 2.69e-10 s                 ; 2.76e-10 s                 ; Yes                       ; Yes                       ;
; Hex3[4]       ; 2.5 V        ; 0 s                 ; 0 s                 ; 2.62 V                       ; 4.11e-08 V                   ; 2.73 V              ; -0.0566 V           ; 0.191 V                              ; 0.12 V                               ; 2.69e-10 s                  ; 2.76e-10 s                  ; Yes                        ; Yes                        ; 2.62 V                      ; 4.11e-08 V                  ; 2.73 V             ; -0.0566 V          ; 0.191 V                             ; 0.12 V                              ; 2.69e-10 s                 ; 2.76e-10 s                 ; Yes                       ; Yes                       ;
; Hex3[3]       ; 2.5 V        ; 0 s                 ; 0 s                 ; 2.62 V                       ; 4.11e-08 V                   ; 2.73 V              ; -0.0566 V           ; 0.191 V                              ; 0.12 V                               ; 2.69e-10 s                  ; 2.76e-10 s                  ; Yes                        ; Yes                        ; 2.62 V                      ; 4.11e-08 V                  ; 2.73 V             ; -0.0566 V          ; 0.191 V                             ; 0.12 V                              ; 2.69e-10 s                 ; 2.76e-10 s                 ; Yes                       ; Yes                       ;
; Hex3[2]       ; 2.5 V        ; 0 s                 ; 0 s                 ; 2.62 V                       ; 4.11e-08 V                   ; 2.73 V              ; -0.0566 V           ; 0.191 V                              ; 0.12 V                               ; 2.69e-10 s                  ; 2.76e-10 s                  ; Yes                        ; Yes                        ; 2.62 V                      ; 4.11e-08 V                  ; 2.73 V             ; -0.0566 V          ; 0.191 V                             ; 0.12 V                              ; 2.69e-10 s                 ; 2.76e-10 s                 ; Yes                       ; Yes                       ;
; Hex3[1]       ; 2.5 V        ; 0 s                 ; 0 s                 ; 2.62 V                       ; 4.11e-08 V                   ; 2.73 V              ; -0.0566 V           ; 0.191 V                              ; 0.12 V                               ; 2.69e-10 s                  ; 2.76e-10 s                  ; Yes                        ; Yes                        ; 2.62 V                      ; 4.11e-08 V                  ; 2.73 V             ; -0.0566 V          ; 0.191 V                             ; 0.12 V                              ; 2.69e-10 s                 ; 2.76e-10 s                 ; Yes                       ; Yes                       ;
; Hex3[0]       ; 2.5 V        ; 0 s                 ; 0 s                 ; 2.62 V                       ; 4.11e-08 V                   ; 2.73 V              ; -0.0566 V           ; 0.191 V                              ; 0.12 V                               ; 2.69e-10 s                  ; 2.76e-10 s                  ; Yes                        ; Yes                        ; 2.62 V                      ; 4.11e-08 V                  ; 2.73 V             ; -0.0566 V          ; 0.191 V                             ; 0.12 V                              ; 2.69e-10 s                 ; 2.76e-10 s                 ; Yes                       ; Yes                       ;
; ~ALTERA_DCLK~ ; 2.5 V        ; 0 s                 ; 0 s                 ; 2.62 V                       ; 2.22e-08 V                   ; 2.72 V              ; -0.0747 V           ; 0.28 V                               ; 0.169 V                              ; 3.1e-10 s                   ; 3.01e-10 s                  ; No                         ; Yes                        ; 2.62 V                      ; 2.22e-08 V                  ; 2.72 V             ; -0.0747 V          ; 0.28 V                              ; 0.169 V                             ; 3.1e-10 s                  ; 3.01e-10 s                 ; No                        ; Yes                       ;
; ~ALTERA_nCEO~ ; 2.5 V        ; 0 s                 ; 0 s                 ; 2.62 V                       ; 3.53e-08 V                   ; 2.7 V               ; -0.0212 V           ; 0.204 V                              ; 0.049 V                              ; 4.85e-10 s                  ; 6.73e-10 s                  ; No                         ; Yes                        ; 2.62 V                      ; 3.53e-08 V                  ; 2.7 V              ; -0.0212 V          ; 0.204 V                             ; 0.049 V                             ; 4.85e-10 s                 ; 6.73e-10 s                 ; No                        ; Yes                       ;
+---------------+--------------+---------------------+---------------------+------------------------------+------------------------------+---------------------+---------------------+--------------------------------------+--------------------------------------+-----------------------------+-----------------------------+----------------------------+----------------------------+-----------------------------+-----------------------------+--------------------+--------------------+-------------------------------------+-------------------------------------+----------------------------+----------------------------+---------------------------+---------------------------+


+-------------------------------------------------------------------------------------------------+
; Setup Transfers                                                                                 ;
+--------------------------+--------------------------+----------+----------+----------+----------+
; From Clock               ; To Clock                 ; RR Paths ; FR Paths ; RF Paths ; FF Paths ;
+--------------------------+--------------------------+----------+----------+----------+----------+
; Clk                      ; Clk                      ; 350      ; 0        ; 0        ; 0        ;
; clk_div:inst4|cntDiv[25] ; Clk                      ; 1        ; 1        ; 0        ; 0        ;
; clk_div:inst4|cntDiv[25] ; clk_div:inst4|cntDiv[25] ; 6        ; 0        ; 0        ; 0        ;
+--------------------------+--------------------------+----------+----------+----------+----------+
Entries labeled "false path" only account for clock-to-clock false paths and not path-based false paths. As a result, actual path counts may be lower than reported.


+-------------------------------------------------------------------------------------------------+
; Hold Transfers                                                                                  ;
+--------------------------+--------------------------+----------+----------+----------+----------+
; From Clock               ; To Clock                 ; RR Paths ; FR Paths ; RF Paths ; FF Paths ;
+--------------------------+--------------------------+----------+----------+----------+----------+
; Clk                      ; Clk                      ; 350      ; 0        ; 0        ; 0        ;
; clk_div:inst4|cntDiv[25] ; Clk                      ; 1        ; 1        ; 0        ; 0        ;
; clk_div:inst4|cntDiv[25] ; clk_div:inst4|cntDiv[25] ; 6        ; 0        ; 0        ; 0        ;
+--------------------------+--------------------------+----------+----------+----------+----------+
Entries labeled "false path" only account for clock-to-clock false paths and not path-based false paths. As a result, actual path counts may be lower than reported.


---------------
; Report TCCS ;
---------------
No dedicated SERDES Transmitter circuitry present in device or used in design


---------------
; Report RSKM ;
---------------
No dedicated SERDES Receiver circuitry present in device or used in design


+------------------------------------------------+
; Unconstrained Paths                            ;
+---------------------------------+-------+------+
; Property                        ; Setup ; Hold ;
+---------------------------------+-------+------+
; Illegal Clocks                  ; 0     ; 0    ;
; Unconstrained Clocks            ; 0     ; 0    ;
; Unconstrained Input Ports       ; 7     ; 7    ;
; Unconstrained Input Port Paths  ; 105   ; 105  ;
; Unconstrained Output Ports      ; 27    ; 27   ;
; Unconstrained Output Port Paths ; 129   ; 129  ;
+---------------------------------+-------+------+


+------------------------------------+
; TimeQuest Timing Analyzer Messages ;
+------------------------------------+
Info: *******************************************************************
Info: Running Quartus II 32-bit TimeQuest Timing Analyzer
    Info: Version 12.0 Build 178 05/31/2012 SJ Web Edition
    Info: Processing started: Wed Feb 06 15:20:54 2013
Info: Command: quartus_sta FDD_Lab7 -c FDD_Lab7
Info: qsta_default_script.tcl version: #4
Warning (20028): Parallel compilation is not licensed and has been disabled
Info (21077): Core supply voltage is 1.2V
Info (21077): Low junction temperature is 0 degrees C
Info (21077): High junction temperature is 85 degrees C
Critical Warning (332012): Synopsys Design Constraints File file not found: 'FDD_Lab7.sdc'. A Synopsys Design Constraints File is required by the TimeQuest Timing Analyzer to get proper timing constraints. Without it, the Compiler will not properly optimize the design.
Info (332142): No user constrained base clocks found in the design. Calling "derive_clocks -period 1.0"
Info (332105): Deriving Clocks
    Info (332105): create_clock -period 1.000 -name Clk Clk
    Info (332105): create_clock -period 1.000 -name clk_div:inst4|cntDiv[25] clk_div:inst4|cntDiv[25]
Info (332143): No user constrained clock uncertainty found in the design. Calling "derive_clock_uncertainty"
Info (332123): Deriving Clock Uncertainty. Please refer to report_sdc in TimeQuest to see clock uncertainties.
Info: Found TIMEQUEST_REPORT_SCRIPT_INCLUDE_DEFAULT_ANALYSIS = ON
Info: Analyzing Slow 1200mV 85C Model
Critical Warning (332148): Timing requirements not met
Info (332146): Worst-case setup slack is -1.885
    Info (332119):     Slack End Point TNS Clock 
    Info (332119): ========= ============= =====================
    Info (332119):    -1.885       -26.249 Clk 
    Info (332119):     0.202         0.000 clk_div:inst4|cntDiv[25] 
Info (332146): Worst-case hold slack is -0.053
    Info (332119):     Slack End Point TNS Clock 
    Info (332119): ========= ============= =====================
    Info (332119):    -0.053        -0.053 Clk 
    Info (332119):     0.393         0.000 clk_div:inst4|cntDiv[25] 
Info (332140): No Recovery paths to report
Info (332140): No Removal paths to report
Info (332146): Worst-case minimum pulse width slack is -3.000
    Info (332119):     Slack End Point TNS Clock 
    Info (332119): ========= ============= =====================
    Info (332119):    -3.000       -29.000 Clk 
    Info (332119):    -1.000        -7.000 clk_div:inst4|cntDiv[25] 
Info: Analyzing Slow 1200mV 0C Model
Info (334003): Started post-fitting delay annotation
Info (334004): Delay annotation completed successfully
Info (332123): Deriving Clock Uncertainty. Please refer to report_sdc in TimeQuest to see clock uncertainties.
Critical Warning (332148): Timing requirements not met
Info (332146): Worst-case setup slack is -1.533
    Info (332119):     Slack End Point TNS Clock 
    Info (332119): ========= ============= =====================
    Info (332119):    -1.533       -20.353 Clk 
    Info (332119):     0.284         0.000 clk_div:inst4|cntDiv[25] 
Info (332146): Worst-case hold slack is -0.052
    Info (332119):     Slack End Point TNS Clock 
    Info (332119): ========= ============= =====================
    Info (332119):    -0.052        -0.052 Clk 
    Info (332119):     0.354         0.000 clk_div:inst4|cntDiv[25] 
Info (332140): No Recovery paths to report
Info (332140): No Removal paths to report
Info (332146): Worst-case minimum pulse width slack is -3.000
    Info (332119):     Slack End Point TNS Clock 
    Info (332119): ========= ============= =====================
    Info (332119):    -3.000       -29.000 Clk 
    Info (332119):    -1.000        -7.000 clk_div:inst4|cntDiv[25] 
Info: Analyzing Fast 1200mV 0C Model
Info (332123): Deriving Clock Uncertainty. Please refer to report_sdc in TimeQuest to see clock uncertainties.
Critical Warning (332148): Timing requirements not met
Info (332146): Worst-case setup slack is -0.646
    Info (332119):     Slack End Point TNS Clock 
    Info (332119): ========= ============= =====================
    Info (332119):    -0.646        -4.547 Clk 
    Info (332119):     0.555         0.000 clk_div:inst4|cntDiv[25] 
Info (332146): Worst-case hold slack is -0.075
    Info (332119):     Slack End Point TNS Clock 
    Info (332119): ========= ============= =====================
    Info (332119):    -0.075        -0.075 Clk 
    Info (332119):     0.205         0.000 clk_div:inst4|cntDiv[25] 
Info (332140): No Recovery paths to report
Info (332140): No Removal paths to report
Info (332146): Worst-case minimum pulse width slack is -3.000
    Info (332119):     Slack End Point TNS Clock 
    Info (332119): ========= ============= =====================
    Info (332119):    -3.000       -30.706 Clk 
    Info (332119):    -1.000        -7.000 clk_div:inst4|cntDiv[25] 
Info (332102): Design is not fully constrained for setup requirements
Info (332102): Design is not fully constrained for hold requirements
Info: Quartus II 32-bit TimeQuest Timing Analyzer was successful. 0 errors, 5 warnings
    Info: Peak virtual memory: 314 megabytes
    Info: Processing ended: Wed Feb 06 15:20:57 2013
    Info: Elapsed time: 00:00:03
    Info: Total CPU time (on all processors): 00:00:03


