TimeQuest Timing Analyzer report for Design_Assignment
Thu May 21 10:30:05 2026
Quartus II 64-Bit Version 13.1.0 Build 162 10/23/2013 SJ Web Edition


---------------------
; Table of Contents ;
---------------------
  1. Legal Notice
  2. TimeQuest Timing Analyzer Summary
  3. Parallel Compilation
  4. SDC File List
  5. Clocks
  6. Slow 1200mV 85C Model Fmax Summary
  7. Timing Closure Recommendations
  8. Slow 1200mV 85C Model Setup Summary
  9. Slow 1200mV 85C Model Hold Summary
 10. Slow 1200mV 85C Model Recovery Summary
 11. Slow 1200mV 85C Model Removal Summary
 12. Slow 1200mV 85C Model Minimum Pulse Width Summary
 13. Slow 1200mV 85C Model Setup: 'CLK50MHZ'
 14. Slow 1200mV 85C Model Hold: 'CLK50MHZ'
 15. Slow 1200mV 85C Model Minimum Pulse Width: 'CLK50MHZ'
 16. Slow 1200mV 85C Model Datasheet Report
 17. Slow 1200mV 85C Model Metastability Report
 18. Slow 1200mV 0C Model Fmax Summary
 19. Slow 1200mV 0C Model Setup Summary
 20. Slow 1200mV 0C Model Hold Summary
 21. Slow 1200mV 0C Model Recovery Summary
 22. Slow 1200mV 0C Model Removal Summary
 23. Slow 1200mV 0C Model Minimum Pulse Width Summary
 24. Slow 1200mV 0C Model Setup: 'CLK50MHZ'
 25. Slow 1200mV 0C Model Hold: 'CLK50MHZ'
 26. Slow 1200mV 0C Model Minimum Pulse Width: 'CLK50MHZ'
 27. Slow 1200mV 0C Model Datasheet Report
 28. Slow 1200mV 0C Model Metastability Report
 29. Fast 1200mV 0C Model Setup Summary
 30. Fast 1200mV 0C Model Hold Summary
 31. Fast 1200mV 0C Model Recovery Summary
 32. Fast 1200mV 0C Model Removal Summary
 33. Fast 1200mV 0C Model Minimum Pulse Width Summary
 34. Fast 1200mV 0C Model Setup: 'CLK50MHZ'
 35. Fast 1200mV 0C Model Hold: 'CLK50MHZ'
 36. Fast 1200mV 0C Model Minimum Pulse Width: 'CLK50MHZ'
 37. Fast 1200mV 0C Model Datasheet Report
 38. Fast 1200mV 0C Model Metastability Report
 39. Multicorner Timing Analysis Summary
 40. Board Trace Model Assignments
 41. Input Transition Times
 42. Slow Corner Signal Integrity Metrics
 43. Fast Corner Signal Integrity Metrics
 44. Setup Transfers
 45. Hold Transfers
 46. Report TCCS
 47. Report RSKM
 48. Unconstrained Paths
 49. TimeQuest Timing Analyzer Messages



----------------
; Legal Notice ;
----------------
Copyright (C) 1991-2013 Altera Corporation
Your use of Altera Corporation's design tools, logic functions 
and other software and tools, and its AMPP partner logic 
functions, and any output files from any of the foregoing 
(including device programming or simulation files), and any 
associated documentation or information are expressly subject 
to the terms and conditions of the Altera Program License 
Subscription Agreement, Altera MegaCore Function License 
Agreement, or other applicable license agreement, including, 
without limitation, that your use is for the sole purpose of 
programming logic devices manufactured by Altera and sold by 
Altera or its authorized distributors.  Please refer to the 
applicable agreement for further details.



+-------------------------------------------------------------------------+
; TimeQuest Timing Analyzer Summary                                       ;
+--------------------+----------------------------------------------------+
; Quartus II Version ; Version 13.1.0 Build 162 10/23/2013 SJ Web Edition ;
; Revision Name      ; Design_Assignment                                  ;
; Device Family      ; Cyclone III                                        ;
; Device Name        ; EP3C16U484C6                                       ;
; Timing Models      ; Final                                              ;
; Delay Model        ; Combined                                           ;
; Rise/Fall Delays   ; Enabled                                            ;
+--------------------+----------------------------------------------------+


Parallel compilation was disabled, but you have multiple processors available. Enable parallel compilation to reduce compilation time.
+-------------------------------------+
; Parallel Compilation                ;
+----------------------------+--------+
; Processors                 ; Number ;
+----------------------------+--------+
; Number detected on machine ; 24     ;
; Maximum allowed            ; 1      ;
+----------------------------+--------+


+-----------------------------------------------------------+
; SDC File List                                             ;
+-----------------------+--------+--------------------------+
; SDC File Path         ; Status ; Read at                  ;
+-----------------------+--------+--------------------------+
; Design_Assignment.sdc ; OK     ; Thu May 21 10:30:05 2026 ;
+-----------------------+--------+--------------------------+


+--------------------------------------------------------------------------------------------------------------------------------------------------------------------------------------+
; Clocks                                                                                                                                                                               ;
+------------+------+--------+-----------+-------+--------+------------+-----------+-------------+-------+--------+-----------+------------+----------+--------+--------+--------------+
; Clock Name ; Type ; Period ; Frequency ; Rise  ; Fall   ; Duty Cycle ; Divide by ; Multiply by ; Phase ; Offset ; Edge List ; Edge Shift ; Inverted ; Master ; Source ; Targets      ;
+------------+------+--------+-----------+-------+--------+------------+-----------+-------------+-------+--------+-----------+------------+----------+--------+--------+--------------+
; CLK50MHZ   ; Base ; 20.000 ; 50.0 MHz  ; 0.000 ; 10.000 ;            ;           ;             ;       ;        ;           ;            ;          ;        ;        ; { clk50MHZ } ;
+------------+------+--------+-----------+-------+--------+------------+-----------+-------------+-------+--------+-----------+------------+----------+--------+--------+--------------+


+--------------------------------------------------+
; Slow 1200mV 85C Model Fmax Summary               ;
+------------+-----------------+------------+------+
; Fmax       ; Restricted Fmax ; Clock Name ; Note ;
+------------+-----------------+------------+------+
; 194.33 MHz ; 194.33 MHz      ; CLK50MHZ   ;      ;
+------------+-----------------+------------+------+
This panel reports FMAX for every clock in the design, regardless of the user-specified clock periods.  FMAX is only computed for paths where the source and destination registers or ports are driven by the same clock.  Paths of different clocks, including generated clocks, are ignored.  For paths between a clock and its inversion, FMAX is computed as if the rising and falling edges are scaled along with FMAX, such that the duty cycle (in terms of a percentage) is maintained. Altera recommends that you always use clock constraints and other slack reports for sign-off analysis.


----------------------------------
; Timing Closure Recommendations ;
----------------------------------
HTML report is unavailable in plain text report export.


+-------------------------------------+
; Slow 1200mV 85C Model Setup Summary ;
+----------+--------+-----------------+
; Clock    ; Slack  ; End Point TNS   ;
+----------+--------+-----------------+
; CLK50MHZ ; 14.854 ; 0.000           ;
+----------+--------+-----------------+


+------------------------------------+
; Slow 1200mV 85C Model Hold Summary ;
+----------+-------+-----------------+
; Clock    ; Slack ; End Point TNS   ;
+----------+-------+-----------------+
; CLK50MHZ ; 0.378 ; 0.000           ;
+----------+-------+-----------------+


------------------------------------------
; Slow 1200mV 85C Model Recovery Summary ;
------------------------------------------
No paths to report.


-----------------------------------------
; Slow 1200mV 85C Model Removal Summary ;
-----------------------------------------
No paths to report.


+---------------------------------------------------+
; Slow 1200mV 85C Model Minimum Pulse Width Summary ;
+----------+-------+--------------------------------+
; Clock    ; Slack ; End Point TNS                  ;
+----------+-------+--------------------------------+
; CLK50MHZ ; 9.688 ; 0.000                          ;
+----------+-------+--------------------------------+


+----------------------------------------------------------------------------------------------------------------------------------------------+
; Slow 1200mV 85C Model Setup: 'CLK50MHZ'                                                                                                      ;
+--------+-------------------------------+-------------------------------+--------------+-------------+--------------+------------+------------+
; Slack  ; From Node                     ; To Node                       ; Launch Clock ; Latch Clock ; Relationship ; Clock Skew ; Data Delay ;
+--------+-------------------------------+-------------------------------+--------------+-------------+--------------+------------+------------+
; 14.854 ; CLOCK:inst|clk50MHz_count[11] ; CLOCK:inst|clk                ; CLK50MHZ     ; CLK50MHZ    ; 20.000       ; -0.108     ; 5.033      ;
; 15.210 ; CLOCK:inst|clk50MHz_count[21] ; CLOCK:inst|clk                ; CLK50MHZ     ; CLK50MHZ    ; 20.000       ; -0.098     ; 4.687      ;
; 15.211 ; CLOCK:inst|clk50MHz_count[18] ; CLOCK:inst|clk                ; CLK50MHZ     ; CLK50MHZ    ; 20.000       ; -0.098     ; 4.686      ;
; 15.236 ; CLOCK:inst|clk50MHz_count[11] ; CLOCK:inst|clk50MHz_count[11] ; CLK50MHZ     ; CLK50MHZ    ; 20.000       ; -0.061     ; 4.698      ;
; 15.236 ; CLOCK:inst|clk50MHz_count[11] ; CLOCK:inst|clk50MHz_count[0]  ; CLK50MHZ     ; CLK50MHZ    ; 20.000       ; -0.061     ; 4.698      ;
; 15.236 ; CLOCK:inst|clk50MHz_count[11] ; CLOCK:inst|clk50MHz_count[1]  ; CLK50MHZ     ; CLK50MHZ    ; 20.000       ; -0.061     ; 4.698      ;
; 15.236 ; CLOCK:inst|clk50MHz_count[11] ; CLOCK:inst|clk50MHz_count[2]  ; CLK50MHZ     ; CLK50MHZ    ; 20.000       ; -0.061     ; 4.698      ;
; 15.236 ; CLOCK:inst|clk50MHz_count[11] ; CLOCK:inst|clk50MHz_count[3]  ; CLK50MHZ     ; CLK50MHZ    ; 20.000       ; -0.061     ; 4.698      ;
; 15.236 ; CLOCK:inst|clk50MHz_count[11] ; CLOCK:inst|clk50MHz_count[4]  ; CLK50MHZ     ; CLK50MHZ    ; 20.000       ; -0.061     ; 4.698      ;
; 15.236 ; CLOCK:inst|clk50MHz_count[11] ; CLOCK:inst|clk50MHz_count[5]  ; CLK50MHZ     ; CLK50MHZ    ; 20.000       ; -0.061     ; 4.698      ;
; 15.236 ; CLOCK:inst|clk50MHz_count[11] ; CLOCK:inst|clk50MHz_count[6]  ; CLK50MHZ     ; CLK50MHZ    ; 20.000       ; -0.061     ; 4.698      ;
; 15.236 ; CLOCK:inst|clk50MHz_count[11] ; CLOCK:inst|clk50MHz_count[7]  ; CLK50MHZ     ; CLK50MHZ    ; 20.000       ; -0.061     ; 4.698      ;
; 15.236 ; CLOCK:inst|clk50MHz_count[11] ; CLOCK:inst|clk50MHz_count[8]  ; CLK50MHZ     ; CLK50MHZ    ; 20.000       ; -0.061     ; 4.698      ;
; 15.236 ; CLOCK:inst|clk50MHz_count[11] ; CLOCK:inst|clk50MHz_count[9]  ; CLK50MHZ     ; CLK50MHZ    ; 20.000       ; -0.061     ; 4.698      ;
; 15.236 ; CLOCK:inst|clk50MHz_count[11] ; CLOCK:inst|clk50MHz_count[10] ; CLK50MHZ     ; CLK50MHZ    ; 20.000       ; -0.061     ; 4.698      ;
; 15.265 ; CLOCK:inst|clk50MHz_count[13] ; CLOCK:inst|clk                ; CLK50MHZ     ; CLK50MHZ    ; 20.000       ; -0.098     ; 4.632      ;
; 15.271 ; CLOCK:inst|clk50MHz_count[3]  ; CLOCK:inst|clk                ; CLK50MHZ     ; CLK50MHZ    ; 20.000       ; -0.108     ; 4.616      ;
; 15.274 ; CLOCK:inst|clk50MHz_count[1]  ; CLOCK:inst|clk                ; CLK50MHZ     ; CLK50MHZ    ; 20.000       ; -0.108     ; 4.613      ;
; 15.338 ; CLOCK:inst|clk50MHz_count[19] ; CLOCK:inst|clk                ; CLK50MHZ     ; CLK50MHZ    ; 20.000       ; -0.098     ; 4.559      ;
; 15.400 ; CLOCK:inst|clk50MHz_count[0]  ; CLOCK:inst|clk                ; CLK50MHZ     ; CLK50MHZ    ; 20.000       ; -0.108     ; 4.487      ;
; 15.403 ; CLOCK:inst|clk50MHz_count[8]  ; CLOCK:inst|clk                ; CLK50MHZ     ; CLK50MHZ    ; 20.000       ; -0.108     ; 4.484      ;
; 15.404 ; CLOCK:inst|clk50MHz_count[7]  ; CLOCK:inst|clk                ; CLK50MHZ     ; CLK50MHZ    ; 20.000       ; -0.108     ; 4.483      ;
; 15.410 ; CLOCK:inst|clk50MHz_count[14] ; CLOCK:inst|clk                ; CLK50MHZ     ; CLK50MHZ    ; 20.000       ; -0.098     ; 4.487      ;
; 15.447 ; CLOCK:inst|clk50MHz_count[20] ; CLOCK:inst|clk                ; CLK50MHZ     ; CLK50MHZ    ; 20.000       ; -0.098     ; 4.450      ;
; 15.508 ; CLOCK:inst|clk50MHz_count[12] ; CLOCK:inst|clk                ; CLK50MHZ     ; CLK50MHZ    ; 20.000       ; -0.098     ; 4.389      ;
; 15.510 ; CLOCK:inst|clk50MHz_count[2]  ; CLOCK:inst|clk                ; CLK50MHZ     ; CLK50MHZ    ; 20.000       ; -0.108     ; 4.377      ;
; 15.537 ; CLOCK:inst|clk50MHz_count[4]  ; CLOCK:inst|clk                ; CLK50MHZ     ; CLK50MHZ    ; 20.000       ; -0.108     ; 4.350      ;
; 15.556 ; CLOCK:inst|clk50MHz_count[5]  ; CLOCK:inst|clk                ; CLK50MHZ     ; CLK50MHZ    ; 20.000       ; -0.108     ; 4.331      ;
; 15.571 ; CLOCK:inst|clk50MHz_count[9]  ; CLOCK:inst|clk                ; CLK50MHZ     ; CLK50MHZ    ; 20.000       ; -0.108     ; 4.316      ;
; 15.571 ; CLOCK:inst|clk50MHz_count[21] ; CLOCK:inst|clk50MHz_count[11] ; CLK50MHZ     ; CLK50MHZ    ; 20.000       ; -0.066     ; 4.358      ;
; 15.571 ; CLOCK:inst|clk50MHz_count[21] ; CLOCK:inst|clk50MHz_count[0]  ; CLK50MHZ     ; CLK50MHZ    ; 20.000       ; -0.066     ; 4.358      ;
; 15.571 ; CLOCK:inst|clk50MHz_count[21] ; CLOCK:inst|clk50MHz_count[1]  ; CLK50MHZ     ; CLK50MHZ    ; 20.000       ; -0.066     ; 4.358      ;
; 15.571 ; CLOCK:inst|clk50MHz_count[21] ; CLOCK:inst|clk50MHz_count[2]  ; CLK50MHZ     ; CLK50MHZ    ; 20.000       ; -0.066     ; 4.358      ;
; 15.571 ; CLOCK:inst|clk50MHz_count[21] ; CLOCK:inst|clk50MHz_count[3]  ; CLK50MHZ     ; CLK50MHZ    ; 20.000       ; -0.066     ; 4.358      ;
; 15.571 ; CLOCK:inst|clk50MHz_count[21] ; CLOCK:inst|clk50MHz_count[4]  ; CLK50MHZ     ; CLK50MHZ    ; 20.000       ; -0.066     ; 4.358      ;
; 15.571 ; CLOCK:inst|clk50MHz_count[21] ; CLOCK:inst|clk50MHz_count[5]  ; CLK50MHZ     ; CLK50MHZ    ; 20.000       ; -0.066     ; 4.358      ;
; 15.571 ; CLOCK:inst|clk50MHz_count[21] ; CLOCK:inst|clk50MHz_count[6]  ; CLK50MHZ     ; CLK50MHZ    ; 20.000       ; -0.066     ; 4.358      ;
; 15.571 ; CLOCK:inst|clk50MHz_count[21] ; CLOCK:inst|clk50MHz_count[7]  ; CLK50MHZ     ; CLK50MHZ    ; 20.000       ; -0.066     ; 4.358      ;
; 15.571 ; CLOCK:inst|clk50MHz_count[21] ; CLOCK:inst|clk50MHz_count[8]  ; CLK50MHZ     ; CLK50MHZ    ; 20.000       ; -0.066     ; 4.358      ;
; 15.571 ; CLOCK:inst|clk50MHz_count[21] ; CLOCK:inst|clk50MHz_count[9]  ; CLK50MHZ     ; CLK50MHZ    ; 20.000       ; -0.066     ; 4.358      ;
; 15.571 ; CLOCK:inst|clk50MHz_count[21] ; CLOCK:inst|clk50MHz_count[10] ; CLK50MHZ     ; CLK50MHZ    ; 20.000       ; -0.066     ; 4.358      ;
; 15.572 ; CLOCK:inst|clk50MHz_count[18] ; CLOCK:inst|clk50MHz_count[11] ; CLK50MHZ     ; CLK50MHZ    ; 20.000       ; -0.066     ; 4.357      ;
; 15.572 ; CLOCK:inst|clk50MHz_count[18] ; CLOCK:inst|clk50MHz_count[0]  ; CLK50MHZ     ; CLK50MHZ    ; 20.000       ; -0.066     ; 4.357      ;
; 15.572 ; CLOCK:inst|clk50MHz_count[18] ; CLOCK:inst|clk50MHz_count[1]  ; CLK50MHZ     ; CLK50MHZ    ; 20.000       ; -0.066     ; 4.357      ;
; 15.572 ; CLOCK:inst|clk50MHz_count[18] ; CLOCK:inst|clk50MHz_count[2]  ; CLK50MHZ     ; CLK50MHZ    ; 20.000       ; -0.066     ; 4.357      ;
; 15.572 ; CLOCK:inst|clk50MHz_count[18] ; CLOCK:inst|clk50MHz_count[3]  ; CLK50MHZ     ; CLK50MHZ    ; 20.000       ; -0.066     ; 4.357      ;
; 15.572 ; CLOCK:inst|clk50MHz_count[18] ; CLOCK:inst|clk50MHz_count[4]  ; CLK50MHZ     ; CLK50MHZ    ; 20.000       ; -0.066     ; 4.357      ;
; 15.572 ; CLOCK:inst|clk50MHz_count[18] ; CLOCK:inst|clk50MHz_count[5]  ; CLK50MHZ     ; CLK50MHZ    ; 20.000       ; -0.066     ; 4.357      ;
; 15.572 ; CLOCK:inst|clk50MHz_count[18] ; CLOCK:inst|clk50MHz_count[6]  ; CLK50MHZ     ; CLK50MHZ    ; 20.000       ; -0.066     ; 4.357      ;
; 15.572 ; CLOCK:inst|clk50MHz_count[18] ; CLOCK:inst|clk50MHz_count[7]  ; CLK50MHZ     ; CLK50MHZ    ; 20.000       ; -0.066     ; 4.357      ;
; 15.572 ; CLOCK:inst|clk50MHz_count[18] ; CLOCK:inst|clk50MHz_count[8]  ; CLK50MHZ     ; CLK50MHZ    ; 20.000       ; -0.066     ; 4.357      ;
; 15.572 ; CLOCK:inst|clk50MHz_count[18] ; CLOCK:inst|clk50MHz_count[9]  ; CLK50MHZ     ; CLK50MHZ    ; 20.000       ; -0.066     ; 4.357      ;
; 15.572 ; CLOCK:inst|clk50MHz_count[18] ; CLOCK:inst|clk50MHz_count[10] ; CLK50MHZ     ; CLK50MHZ    ; 20.000       ; -0.066     ; 4.357      ;
; 15.635 ; CLOCK:inst|clk50MHz_count[11] ; CLOCK:inst|clk50MHz_count[16] ; CLK50MHZ     ; CLK50MHZ    ; 20.000       ; -0.086     ; 4.274      ;
; 15.635 ; CLOCK:inst|clk50MHz_count[11] ; CLOCK:inst|clk50MHz_count[12] ; CLK50MHZ     ; CLK50MHZ    ; 20.000       ; -0.086     ; 4.274      ;
; 15.635 ; CLOCK:inst|clk50MHz_count[11] ; CLOCK:inst|clk50MHz_count[13] ; CLK50MHZ     ; CLK50MHZ    ; 20.000       ; -0.086     ; 4.274      ;
; 15.635 ; CLOCK:inst|clk50MHz_count[11] ; CLOCK:inst|clk50MHz_count[14] ; CLK50MHZ     ; CLK50MHZ    ; 20.000       ; -0.086     ; 4.274      ;
; 15.635 ; CLOCK:inst|clk50MHz_count[11] ; CLOCK:inst|clk50MHz_count[15] ; CLK50MHZ     ; CLK50MHZ    ; 20.000       ; -0.086     ; 4.274      ;
; 15.635 ; CLOCK:inst|clk50MHz_count[11] ; CLOCK:inst|clk50MHz_count[17] ; CLK50MHZ     ; CLK50MHZ    ; 20.000       ; -0.086     ; 4.274      ;
; 15.635 ; CLOCK:inst|clk50MHz_count[11] ; CLOCK:inst|clk50MHz_count[23] ; CLK50MHZ     ; CLK50MHZ    ; 20.000       ; -0.086     ; 4.274      ;
; 15.635 ; CLOCK:inst|clk50MHz_count[11] ; CLOCK:inst|clk50MHz_count[18] ; CLK50MHZ     ; CLK50MHZ    ; 20.000       ; -0.086     ; 4.274      ;
; 15.635 ; CLOCK:inst|clk50MHz_count[11] ; CLOCK:inst|clk50MHz_count[19] ; CLK50MHZ     ; CLK50MHZ    ; 20.000       ; -0.086     ; 4.274      ;
; 15.635 ; CLOCK:inst|clk50MHz_count[11] ; CLOCK:inst|clk50MHz_count[20] ; CLK50MHZ     ; CLK50MHZ    ; 20.000       ; -0.086     ; 4.274      ;
; 15.635 ; CLOCK:inst|clk50MHz_count[11] ; CLOCK:inst|clk50MHz_count[21] ; CLK50MHZ     ; CLK50MHZ    ; 20.000       ; -0.086     ; 4.274      ;
; 15.635 ; CLOCK:inst|clk50MHz_count[11] ; CLOCK:inst|clk50MHz_count[22] ; CLK50MHZ     ; CLK50MHZ    ; 20.000       ; -0.086     ; 4.274      ;
; 15.635 ; CLOCK:inst|clk50MHz_count[11] ; CLOCK:inst|clk50MHz_count[24] ; CLK50MHZ     ; CLK50MHZ    ; 20.000       ; -0.086     ; 4.274      ;
; 15.646 ; CLOCK:inst|clk50MHz_count[13] ; CLOCK:inst|clk50MHz_count[11] ; CLK50MHZ     ; CLK50MHZ    ; 20.000       ; -0.066     ; 4.283      ;
; 15.646 ; CLOCK:inst|clk50MHz_count[13] ; CLOCK:inst|clk50MHz_count[0]  ; CLK50MHZ     ; CLK50MHZ    ; 20.000       ; -0.066     ; 4.283      ;
; 15.646 ; CLOCK:inst|clk50MHz_count[13] ; CLOCK:inst|clk50MHz_count[1]  ; CLK50MHZ     ; CLK50MHZ    ; 20.000       ; -0.066     ; 4.283      ;
; 15.646 ; CLOCK:inst|clk50MHz_count[13] ; CLOCK:inst|clk50MHz_count[2]  ; CLK50MHZ     ; CLK50MHZ    ; 20.000       ; -0.066     ; 4.283      ;
; 15.646 ; CLOCK:inst|clk50MHz_count[13] ; CLOCK:inst|clk50MHz_count[3]  ; CLK50MHZ     ; CLK50MHZ    ; 20.000       ; -0.066     ; 4.283      ;
; 15.646 ; CLOCK:inst|clk50MHz_count[13] ; CLOCK:inst|clk50MHz_count[4]  ; CLK50MHZ     ; CLK50MHZ    ; 20.000       ; -0.066     ; 4.283      ;
; 15.646 ; CLOCK:inst|clk50MHz_count[13] ; CLOCK:inst|clk50MHz_count[5]  ; CLK50MHZ     ; CLK50MHZ    ; 20.000       ; -0.066     ; 4.283      ;
; 15.646 ; CLOCK:inst|clk50MHz_count[13] ; CLOCK:inst|clk50MHz_count[6]  ; CLK50MHZ     ; CLK50MHZ    ; 20.000       ; -0.066     ; 4.283      ;
; 15.646 ; CLOCK:inst|clk50MHz_count[13] ; CLOCK:inst|clk50MHz_count[7]  ; CLK50MHZ     ; CLK50MHZ    ; 20.000       ; -0.066     ; 4.283      ;
; 15.646 ; CLOCK:inst|clk50MHz_count[13] ; CLOCK:inst|clk50MHz_count[8]  ; CLK50MHZ     ; CLK50MHZ    ; 20.000       ; -0.066     ; 4.283      ;
; 15.646 ; CLOCK:inst|clk50MHz_count[13] ; CLOCK:inst|clk50MHz_count[9]  ; CLK50MHZ     ; CLK50MHZ    ; 20.000       ; -0.066     ; 4.283      ;
; 15.646 ; CLOCK:inst|clk50MHz_count[13] ; CLOCK:inst|clk50MHz_count[10] ; CLK50MHZ     ; CLK50MHZ    ; 20.000       ; -0.066     ; 4.283      ;
; 15.647 ; CLOCK:inst|clk50MHz_count[3]  ; CLOCK:inst|clk50MHz_count[11] ; CLK50MHZ     ; CLK50MHZ    ; 20.000       ; -0.061     ; 4.287      ;
; 15.647 ; CLOCK:inst|clk50MHz_count[3]  ; CLOCK:inst|clk50MHz_count[0]  ; CLK50MHZ     ; CLK50MHZ    ; 20.000       ; -0.061     ; 4.287      ;
; 15.647 ; CLOCK:inst|clk50MHz_count[3]  ; CLOCK:inst|clk50MHz_count[1]  ; CLK50MHZ     ; CLK50MHZ    ; 20.000       ; -0.061     ; 4.287      ;
; 15.647 ; CLOCK:inst|clk50MHz_count[3]  ; CLOCK:inst|clk50MHz_count[2]  ; CLK50MHZ     ; CLK50MHZ    ; 20.000       ; -0.061     ; 4.287      ;
; 15.647 ; CLOCK:inst|clk50MHz_count[3]  ; CLOCK:inst|clk50MHz_count[3]  ; CLK50MHZ     ; CLK50MHZ    ; 20.000       ; -0.061     ; 4.287      ;
; 15.647 ; CLOCK:inst|clk50MHz_count[3]  ; CLOCK:inst|clk50MHz_count[4]  ; CLK50MHZ     ; CLK50MHZ    ; 20.000       ; -0.061     ; 4.287      ;
; 15.647 ; CLOCK:inst|clk50MHz_count[3]  ; CLOCK:inst|clk50MHz_count[5]  ; CLK50MHZ     ; CLK50MHZ    ; 20.000       ; -0.061     ; 4.287      ;
; 15.647 ; CLOCK:inst|clk50MHz_count[3]  ; CLOCK:inst|clk50MHz_count[6]  ; CLK50MHZ     ; CLK50MHZ    ; 20.000       ; -0.061     ; 4.287      ;
; 15.647 ; CLOCK:inst|clk50MHz_count[3]  ; CLOCK:inst|clk50MHz_count[7]  ; CLK50MHZ     ; CLK50MHZ    ; 20.000       ; -0.061     ; 4.287      ;
; 15.647 ; CLOCK:inst|clk50MHz_count[3]  ; CLOCK:inst|clk50MHz_count[8]  ; CLK50MHZ     ; CLK50MHZ    ; 20.000       ; -0.061     ; 4.287      ;
; 15.647 ; CLOCK:inst|clk50MHz_count[3]  ; CLOCK:inst|clk50MHz_count[9]  ; CLK50MHZ     ; CLK50MHZ    ; 20.000       ; -0.061     ; 4.287      ;
; 15.647 ; CLOCK:inst|clk50MHz_count[3]  ; CLOCK:inst|clk50MHz_count[10] ; CLK50MHZ     ; CLK50MHZ    ; 20.000       ; -0.061     ; 4.287      ;
; 15.650 ; CLOCK:inst|clk50MHz_count[1]  ; CLOCK:inst|clk50MHz_count[11] ; CLK50MHZ     ; CLK50MHZ    ; 20.000       ; -0.061     ; 4.284      ;
; 15.650 ; CLOCK:inst|clk50MHz_count[1]  ; CLOCK:inst|clk50MHz_count[0]  ; CLK50MHZ     ; CLK50MHZ    ; 20.000       ; -0.061     ; 4.284      ;
; 15.650 ; CLOCK:inst|clk50MHz_count[1]  ; CLOCK:inst|clk50MHz_count[1]  ; CLK50MHZ     ; CLK50MHZ    ; 20.000       ; -0.061     ; 4.284      ;
; 15.650 ; CLOCK:inst|clk50MHz_count[1]  ; CLOCK:inst|clk50MHz_count[2]  ; CLK50MHZ     ; CLK50MHZ    ; 20.000       ; -0.061     ; 4.284      ;
; 15.650 ; CLOCK:inst|clk50MHz_count[1]  ; CLOCK:inst|clk50MHz_count[3]  ; CLK50MHZ     ; CLK50MHZ    ; 20.000       ; -0.061     ; 4.284      ;
; 15.650 ; CLOCK:inst|clk50MHz_count[1]  ; CLOCK:inst|clk50MHz_count[4]  ; CLK50MHZ     ; CLK50MHZ    ; 20.000       ; -0.061     ; 4.284      ;
; 15.650 ; CLOCK:inst|clk50MHz_count[1]  ; CLOCK:inst|clk50MHz_count[5]  ; CLK50MHZ     ; CLK50MHZ    ; 20.000       ; -0.061     ; 4.284      ;
; 15.650 ; CLOCK:inst|clk50MHz_count[1]  ; CLOCK:inst|clk50MHz_count[6]  ; CLK50MHZ     ; CLK50MHZ    ; 20.000       ; -0.061     ; 4.284      ;
; 15.650 ; CLOCK:inst|clk50MHz_count[1]  ; CLOCK:inst|clk50MHz_count[7]  ; CLK50MHZ     ; CLK50MHZ    ; 20.000       ; -0.061     ; 4.284      ;
; 15.650 ; CLOCK:inst|clk50MHz_count[1]  ; CLOCK:inst|clk50MHz_count[8]  ; CLK50MHZ     ; CLK50MHZ    ; 20.000       ; -0.061     ; 4.284      ;
+--------+-------------------------------+-------------------------------+--------------+-------------+--------------+------------+------------+


+---------------------------------------------------------------------------------------------------------------------------------------------+
; Slow 1200mV 85C Model Hold: 'CLK50MHZ'                                                                                                      ;
+-------+-------------------------------+-------------------------------+--------------+-------------+--------------+------------+------------+
; Slack ; From Node                     ; To Node                       ; Launch Clock ; Latch Clock ; Relationship ; Clock Skew ; Data Delay ;
+-------+-------------------------------+-------------------------------+--------------+-------------+--------------+------------+------------+
; 0.378 ; CLOCK:inst|clk50MHz_count[24] ; CLOCK:inst|clk50MHz_count[24] ; CLK50MHZ     ; CLK50MHZ    ; 0.000        ; 0.061      ; 0.596      ;
; 0.382 ; CLOCK:inst|clk                ; CLOCK:inst|clk                ; CLK50MHZ     ; CLK50MHZ    ; 0.000        ; 0.038      ; 0.577      ;
; 0.557 ; CLOCK:inst|clk50MHz_count[7]  ; CLOCK:inst|clk50MHz_count[7]  ; CLK50MHZ     ; CLK50MHZ    ; 0.000        ; 0.061      ; 0.775      ;
; 0.557 ; CLOCK:inst|clk50MHz_count[9]  ; CLOCK:inst|clk50MHz_count[9]  ; CLK50MHZ     ; CLK50MHZ    ; 0.000        ; 0.061      ; 0.775      ;
; 0.558 ; CLOCK:inst|clk50MHz_count[1]  ; CLOCK:inst|clk50MHz_count[1]  ; CLK50MHZ     ; CLK50MHZ    ; 0.000        ; 0.061      ; 0.776      ;
; 0.559 ; CLOCK:inst|clk50MHz_count[2]  ; CLOCK:inst|clk50MHz_count[2]  ; CLK50MHZ     ; CLK50MHZ    ; 0.000        ; 0.061      ; 0.777      ;
; 0.559 ; CLOCK:inst|clk50MHz_count[12] ; CLOCK:inst|clk50MHz_count[12] ; CLK50MHZ     ; CLK50MHZ    ; 0.000        ; 0.061      ; 0.777      ;
; 0.559 ; CLOCK:inst|clk50MHz_count[13] ; CLOCK:inst|clk50MHz_count[13] ; CLK50MHZ     ; CLK50MHZ    ; 0.000        ; 0.061      ; 0.777      ;
; 0.559 ; CLOCK:inst|clk50MHz_count[23] ; CLOCK:inst|clk50MHz_count[23] ; CLK50MHZ     ; CLK50MHZ    ; 0.000        ; 0.061      ; 0.777      ;
; 0.560 ; CLOCK:inst|clk50MHz_count[18] ; CLOCK:inst|clk50MHz_count[18] ; CLK50MHZ     ; CLK50MHZ    ; 0.000        ; 0.061      ; 0.778      ;
; 0.561 ; CLOCK:inst|clk50MHz_count[3]  ; CLOCK:inst|clk50MHz_count[3]  ; CLK50MHZ     ; CLK50MHZ    ; 0.000        ; 0.061      ; 0.779      ;
; 0.561 ; CLOCK:inst|clk50MHz_count[8]  ; CLOCK:inst|clk50MHz_count[8]  ; CLK50MHZ     ; CLK50MHZ    ; 0.000        ; 0.061      ; 0.779      ;
; 0.561 ; CLOCK:inst|clk50MHz_count[10] ; CLOCK:inst|clk50MHz_count[10] ; CLK50MHZ     ; CLK50MHZ    ; 0.000        ; 0.061      ; 0.779      ;
; 0.561 ; CLOCK:inst|clk50MHz_count[14] ; CLOCK:inst|clk50MHz_count[14] ; CLK50MHZ     ; CLK50MHZ    ; 0.000        ; 0.061      ; 0.779      ;
; 0.562 ; CLOCK:inst|clk50MHz_count[6]  ; CLOCK:inst|clk50MHz_count[6]  ; CLK50MHZ     ; CLK50MHZ    ; 0.000        ; 0.061      ; 0.780      ;
; 0.562 ; CLOCK:inst|clk50MHz_count[19] ; CLOCK:inst|clk50MHz_count[19] ; CLK50MHZ     ; CLK50MHZ    ; 0.000        ; 0.061      ; 0.780      ;
; 0.562 ; CLOCK:inst|clk50MHz_count[21] ; CLOCK:inst|clk50MHz_count[21] ; CLK50MHZ     ; CLK50MHZ    ; 0.000        ; 0.061      ; 0.780      ;
; 0.563 ; CLOCK:inst|clk50MHz_count[4]  ; CLOCK:inst|clk50MHz_count[4]  ; CLK50MHZ     ; CLK50MHZ    ; 0.000        ; 0.061      ; 0.781      ;
; 0.563 ; CLOCK:inst|clk50MHz_count[20] ; CLOCK:inst|clk50MHz_count[20] ; CLK50MHZ     ; CLK50MHZ    ; 0.000        ; 0.061      ; 0.781      ;
; 0.569 ; CLOCK:inst|clk50MHz_count[11] ; CLOCK:inst|clk50MHz_count[11] ; CLK50MHZ     ; CLK50MHZ    ; 0.000        ; 0.061      ; 0.787      ;
; 0.570 ; CLOCK:inst|clk50MHz_count[15] ; CLOCK:inst|clk50MHz_count[15] ; CLK50MHZ     ; CLK50MHZ    ; 0.000        ; 0.061      ; 0.788      ;
; 0.571 ; CLOCK:inst|clk50MHz_count[17] ; CLOCK:inst|clk50MHz_count[17] ; CLK50MHZ     ; CLK50MHZ    ; 0.000        ; 0.061      ; 0.789      ;
; 0.572 ; CLOCK:inst|clk50MHz_count[5]  ; CLOCK:inst|clk50MHz_count[5]  ; CLK50MHZ     ; CLK50MHZ    ; 0.000        ; 0.061      ; 0.790      ;
; 0.575 ; CLOCK:inst|clk50MHz_count[16] ; CLOCK:inst|clk50MHz_count[16] ; CLK50MHZ     ; CLK50MHZ    ; 0.000        ; 0.061      ; 0.793      ;
; 0.576 ; CLOCK:inst|clk50MHz_count[22] ; CLOCK:inst|clk50MHz_count[22] ; CLK50MHZ     ; CLK50MHZ    ; 0.000        ; 0.061      ; 0.794      ;
; 0.582 ; CLOCK:inst|clk50MHz_count[0]  ; CLOCK:inst|clk50MHz_count[0]  ; CLK50MHZ     ; CLK50MHZ    ; 0.000        ; 0.061      ; 0.800      ;
; 0.832 ; CLOCK:inst|clk50MHz_count[7]  ; CLOCK:inst|clk50MHz_count[8]  ; CLK50MHZ     ; CLK50MHZ    ; 0.000        ; 0.061      ; 1.050      ;
; 0.832 ; CLOCK:inst|clk50MHz_count[9]  ; CLOCK:inst|clk50MHz_count[10] ; CLK50MHZ     ; CLK50MHZ    ; 0.000        ; 0.061      ; 1.050      ;
; 0.833 ; CLOCK:inst|clk50MHz_count[1]  ; CLOCK:inst|clk50MHz_count[2]  ; CLK50MHZ     ; CLK50MHZ    ; 0.000        ; 0.061      ; 1.051      ;
; 0.833 ; CLOCK:inst|clk50MHz_count[13] ; CLOCK:inst|clk50MHz_count[14] ; CLK50MHZ     ; CLK50MHZ    ; 0.000        ; 0.061      ; 1.051      ;
; 0.834 ; CLOCK:inst|clk50MHz_count[23] ; CLOCK:inst|clk50MHz_count[24] ; CLK50MHZ     ; CLK50MHZ    ; 0.000        ; 0.061      ; 1.052      ;
; 0.835 ; CLOCK:inst|clk50MHz_count[3]  ; CLOCK:inst|clk50MHz_count[4]  ; CLK50MHZ     ; CLK50MHZ    ; 0.000        ; 0.061      ; 1.053      ;
; 0.836 ; CLOCK:inst|clk50MHz_count[19] ; CLOCK:inst|clk50MHz_count[20] ; CLK50MHZ     ; CLK50MHZ    ; 0.000        ; 0.061      ; 1.054      ;
; 0.836 ; CLOCK:inst|clk50MHz_count[21] ; CLOCK:inst|clk50MHz_count[22] ; CLK50MHZ     ; CLK50MHZ    ; 0.000        ; 0.061      ; 1.054      ;
; 0.839 ; CLOCK:inst|clk50MHz_count[11] ; CLOCK:inst|clk50MHz_count[12] ; CLK50MHZ     ; CLK50MHZ    ; 0.000        ; 0.066      ; 1.062      ;
; 0.845 ; CLOCK:inst|clk50MHz_count[10] ; CLOCK:inst|clk50MHz_count[12] ; CLK50MHZ     ; CLK50MHZ    ; 0.000        ; 0.066      ; 1.068      ;
; 0.845 ; CLOCK:inst|clk50MHz_count[15] ; CLOCK:inst|clk50MHz_count[16] ; CLK50MHZ     ; CLK50MHZ    ; 0.000        ; 0.061      ; 1.063      ;
; 0.846 ; CLOCK:inst|clk50MHz_count[5]  ; CLOCK:inst|clk50MHz_count[6]  ; CLK50MHZ     ; CLK50MHZ    ; 0.000        ; 0.061      ; 1.064      ;
; 0.846 ; CLOCK:inst|clk50MHz_count[17] ; CLOCK:inst|clk50MHz_count[18] ; CLK50MHZ     ; CLK50MHZ    ; 0.000        ; 0.061      ; 1.064      ;
; 0.846 ; CLOCK:inst|clk50MHz_count[12] ; CLOCK:inst|clk50MHz_count[13] ; CLK50MHZ     ; CLK50MHZ    ; 0.000        ; 0.061      ; 1.064      ;
; 0.847 ; CLOCK:inst|clk50MHz_count[2]  ; CLOCK:inst|clk50MHz_count[3]  ; CLK50MHZ     ; CLK50MHZ    ; 0.000        ; 0.061      ; 1.065      ;
; 0.848 ; CLOCK:inst|clk50MHz_count[8]  ; CLOCK:inst|clk50MHz_count[9]  ; CLK50MHZ     ; CLK50MHZ    ; 0.000        ; 0.061      ; 1.066      ;
; 0.848 ; CLOCK:inst|clk50MHz_count[10] ; CLOCK:inst|clk50MHz_count[11] ; CLK50MHZ     ; CLK50MHZ    ; 0.000        ; 0.061      ; 1.066      ;
; 0.848 ; CLOCK:inst|clk50MHz_count[18] ; CLOCK:inst|clk50MHz_count[19] ; CLK50MHZ     ; CLK50MHZ    ; 0.000        ; 0.061      ; 1.066      ;
; 0.848 ; CLOCK:inst|clk50MHz_count[14] ; CLOCK:inst|clk50MHz_count[15] ; CLK50MHZ     ; CLK50MHZ    ; 0.000        ; 0.061      ; 1.066      ;
; 0.848 ; CLOCK:inst|clk50MHz_count[12] ; CLOCK:inst|clk50MHz_count[14] ; CLK50MHZ     ; CLK50MHZ    ; 0.000        ; 0.061      ; 1.066      ;
; 0.849 ; CLOCK:inst|clk50MHz_count[6]  ; CLOCK:inst|clk50MHz_count[7]  ; CLK50MHZ     ; CLK50MHZ    ; 0.000        ; 0.061      ; 1.067      ;
; 0.849 ; CLOCK:inst|clk50MHz_count[0]  ; CLOCK:inst|clk50MHz_count[1]  ; CLK50MHZ     ; CLK50MHZ    ; 0.000        ; 0.061      ; 1.067      ;
; 0.849 ; CLOCK:inst|clk50MHz_count[2]  ; CLOCK:inst|clk50MHz_count[4]  ; CLK50MHZ     ; CLK50MHZ    ; 0.000        ; 0.061      ; 1.067      ;
; 0.850 ; CLOCK:inst|clk50MHz_count[4]  ; CLOCK:inst|clk50MHz_count[5]  ; CLK50MHZ     ; CLK50MHZ    ; 0.000        ; 0.061      ; 1.068      ;
; 0.850 ; CLOCK:inst|clk50MHz_count[8]  ; CLOCK:inst|clk50MHz_count[10] ; CLK50MHZ     ; CLK50MHZ    ; 0.000        ; 0.061      ; 1.068      ;
; 0.850 ; CLOCK:inst|clk50MHz_count[20] ; CLOCK:inst|clk50MHz_count[21] ; CLK50MHZ     ; CLK50MHZ    ; 0.000        ; 0.061      ; 1.068      ;
; 0.850 ; CLOCK:inst|clk50MHz_count[18] ; CLOCK:inst|clk50MHz_count[20] ; CLK50MHZ     ; CLK50MHZ    ; 0.000        ; 0.061      ; 1.068      ;
; 0.850 ; CLOCK:inst|clk50MHz_count[14] ; CLOCK:inst|clk50MHz_count[16] ; CLK50MHZ     ; CLK50MHZ    ; 0.000        ; 0.061      ; 1.068      ;
; 0.851 ; CLOCK:inst|clk50MHz_count[6]  ; CLOCK:inst|clk50MHz_count[8]  ; CLK50MHZ     ; CLK50MHZ    ; 0.000        ; 0.061      ; 1.069      ;
; 0.851 ; CLOCK:inst|clk50MHz_count[0]  ; CLOCK:inst|clk50MHz_count[2]  ; CLK50MHZ     ; CLK50MHZ    ; 0.000        ; 0.061      ; 1.069      ;
; 0.852 ; CLOCK:inst|clk50MHz_count[4]  ; CLOCK:inst|clk50MHz_count[6]  ; CLK50MHZ     ; CLK50MHZ    ; 0.000        ; 0.061      ; 1.070      ;
; 0.852 ; CLOCK:inst|clk50MHz_count[20] ; CLOCK:inst|clk50MHz_count[22] ; CLK50MHZ     ; CLK50MHZ    ; 0.000        ; 0.061      ; 1.070      ;
; 0.862 ; CLOCK:inst|clk50MHz_count[16] ; CLOCK:inst|clk50MHz_count[17] ; CLK50MHZ     ; CLK50MHZ    ; 0.000        ; 0.061      ; 1.080      ;
; 0.863 ; CLOCK:inst|clk50MHz_count[22] ; CLOCK:inst|clk50MHz_count[23] ; CLK50MHZ     ; CLK50MHZ    ; 0.000        ; 0.061      ; 1.081      ;
; 0.864 ; CLOCK:inst|clk50MHz_count[16] ; CLOCK:inst|clk50MHz_count[18] ; CLK50MHZ     ; CLK50MHZ    ; 0.000        ; 0.061      ; 1.082      ;
; 0.865 ; CLOCK:inst|clk50MHz_count[22] ; CLOCK:inst|clk50MHz_count[24] ; CLK50MHZ     ; CLK50MHZ    ; 0.000        ; 0.061      ; 1.083      ;
; 0.939 ; CLOCK:inst|clk50MHz_count[9]  ; CLOCK:inst|clk50MHz_count[12] ; CLK50MHZ     ; CLK50MHZ    ; 0.000        ; 0.066      ; 1.162      ;
; 0.942 ; CLOCK:inst|clk50MHz_count[7]  ; CLOCK:inst|clk50MHz_count[9]  ; CLK50MHZ     ; CLK50MHZ    ; 0.000        ; 0.061      ; 1.160      ;
; 0.942 ; CLOCK:inst|clk50MHz_count[9]  ; CLOCK:inst|clk50MHz_count[11] ; CLK50MHZ     ; CLK50MHZ    ; 0.000        ; 0.061      ; 1.160      ;
; 0.943 ; CLOCK:inst|clk50MHz_count[1]  ; CLOCK:inst|clk50MHz_count[3]  ; CLK50MHZ     ; CLK50MHZ    ; 0.000        ; 0.061      ; 1.161      ;
; 0.943 ; CLOCK:inst|clk50MHz_count[13] ; CLOCK:inst|clk50MHz_count[15] ; CLK50MHZ     ; CLK50MHZ    ; 0.000        ; 0.061      ; 1.161      ;
; 0.944 ; CLOCK:inst|clk50MHz_count[7]  ; CLOCK:inst|clk50MHz_count[10] ; CLK50MHZ     ; CLK50MHZ    ; 0.000        ; 0.061      ; 1.162      ;
; 0.945 ; CLOCK:inst|clk50MHz_count[1]  ; CLOCK:inst|clk50MHz_count[4]  ; CLK50MHZ     ; CLK50MHZ    ; 0.000        ; 0.061      ; 1.163      ;
; 0.945 ; CLOCK:inst|clk50MHz_count[3]  ; CLOCK:inst|clk50MHz_count[5]  ; CLK50MHZ     ; CLK50MHZ    ; 0.000        ; 0.061      ; 1.163      ;
; 0.945 ; CLOCK:inst|clk50MHz_count[13] ; CLOCK:inst|clk50MHz_count[16] ; CLK50MHZ     ; CLK50MHZ    ; 0.000        ; 0.061      ; 1.163      ;
; 0.946 ; CLOCK:inst|clk50MHz_count[19] ; CLOCK:inst|clk50MHz_count[21] ; CLK50MHZ     ; CLK50MHZ    ; 0.000        ; 0.061      ; 1.164      ;
; 0.946 ; CLOCK:inst|clk50MHz_count[21] ; CLOCK:inst|clk50MHz_count[23] ; CLK50MHZ     ; CLK50MHZ    ; 0.000        ; 0.061      ; 1.164      ;
; 0.947 ; CLOCK:inst|clk50MHz_count[3]  ; CLOCK:inst|clk50MHz_count[6]  ; CLK50MHZ     ; CLK50MHZ    ; 0.000        ; 0.061      ; 1.165      ;
; 0.948 ; CLOCK:inst|clk50MHz_count[19] ; CLOCK:inst|clk50MHz_count[22] ; CLK50MHZ     ; CLK50MHZ    ; 0.000        ; 0.061      ; 1.166      ;
; 0.948 ; CLOCK:inst|clk50MHz_count[21] ; CLOCK:inst|clk50MHz_count[24] ; CLK50MHZ     ; CLK50MHZ    ; 0.000        ; 0.061      ; 1.166      ;
; 0.949 ; CLOCK:inst|clk50MHz_count[11] ; CLOCK:inst|clk50MHz_count[13] ; CLK50MHZ     ; CLK50MHZ    ; 0.000        ; 0.066      ; 1.172      ;
; 0.951 ; CLOCK:inst|clk50MHz_count[11] ; CLOCK:inst|clk50MHz_count[14] ; CLK50MHZ     ; CLK50MHZ    ; 0.000        ; 0.066      ; 1.174      ;
; 0.955 ; CLOCK:inst|clk50MHz_count[10] ; CLOCK:inst|clk50MHz_count[13] ; CLK50MHZ     ; CLK50MHZ    ; 0.000        ; 0.066      ; 1.178      ;
; 0.955 ; CLOCK:inst|clk50MHz_count[15] ; CLOCK:inst|clk50MHz_count[17] ; CLK50MHZ     ; CLK50MHZ    ; 0.000        ; 0.061      ; 1.173      ;
; 0.956 ; CLOCK:inst|clk50MHz_count[5]  ; CLOCK:inst|clk50MHz_count[7]  ; CLK50MHZ     ; CLK50MHZ    ; 0.000        ; 0.061      ; 1.174      ;
; 0.956 ; CLOCK:inst|clk50MHz_count[17] ; CLOCK:inst|clk50MHz_count[19] ; CLK50MHZ     ; CLK50MHZ    ; 0.000        ; 0.061      ; 1.174      ;
; 0.957 ; CLOCK:inst|clk50MHz_count[8]  ; CLOCK:inst|clk50MHz_count[12] ; CLK50MHZ     ; CLK50MHZ    ; 0.000        ; 0.066      ; 1.180      ;
; 0.957 ; CLOCK:inst|clk50MHz_count[10] ; CLOCK:inst|clk50MHz_count[14] ; CLK50MHZ     ; CLK50MHZ    ; 0.000        ; 0.066      ; 1.180      ;
; 0.957 ; CLOCK:inst|clk50MHz_count[15] ; CLOCK:inst|clk50MHz_count[18] ; CLK50MHZ     ; CLK50MHZ    ; 0.000        ; 0.061      ; 1.175      ;
; 0.958 ; CLOCK:inst|clk50MHz_count[5]  ; CLOCK:inst|clk50MHz_count[8]  ; CLK50MHZ     ; CLK50MHZ    ; 0.000        ; 0.061      ; 1.176      ;
; 0.958 ; CLOCK:inst|clk50MHz_count[17] ; CLOCK:inst|clk50MHz_count[20] ; CLK50MHZ     ; CLK50MHZ    ; 0.000        ; 0.061      ; 1.176      ;
; 0.958 ; CLOCK:inst|clk50MHz_count[12] ; CLOCK:inst|clk50MHz_count[15] ; CLK50MHZ     ; CLK50MHZ    ; 0.000        ; 0.061      ; 1.176      ;
; 0.959 ; CLOCK:inst|clk50MHz_count[2]  ; CLOCK:inst|clk50MHz_count[5]  ; CLK50MHZ     ; CLK50MHZ    ; 0.000        ; 0.061      ; 1.177      ;
; 0.960 ; CLOCK:inst|clk50MHz_count[8]  ; CLOCK:inst|clk50MHz_count[11] ; CLK50MHZ     ; CLK50MHZ    ; 0.000        ; 0.061      ; 1.178      ;
; 0.960 ; CLOCK:inst|clk50MHz_count[12] ; CLOCK:inst|clk50MHz_count[16] ; CLK50MHZ     ; CLK50MHZ    ; 0.000        ; 0.061      ; 1.178      ;
; 0.960 ; CLOCK:inst|clk50MHz_count[18] ; CLOCK:inst|clk50MHz_count[21] ; CLK50MHZ     ; CLK50MHZ    ; 0.000        ; 0.061      ; 1.178      ;
; 0.960 ; CLOCK:inst|clk50MHz_count[14] ; CLOCK:inst|clk50MHz_count[17] ; CLK50MHZ     ; CLK50MHZ    ; 0.000        ; 0.061      ; 1.178      ;
; 0.961 ; CLOCK:inst|clk50MHz_count[6]  ; CLOCK:inst|clk50MHz_count[9]  ; CLK50MHZ     ; CLK50MHZ    ; 0.000        ; 0.061      ; 1.179      ;
; 0.961 ; CLOCK:inst|clk50MHz_count[0]  ; CLOCK:inst|clk50MHz_count[3]  ; CLK50MHZ     ; CLK50MHZ    ; 0.000        ; 0.061      ; 1.179      ;
; 0.961 ; CLOCK:inst|clk50MHz_count[2]  ; CLOCK:inst|clk50MHz_count[6]  ; CLK50MHZ     ; CLK50MHZ    ; 0.000        ; 0.061      ; 1.179      ;
; 0.962 ; CLOCK:inst|clk50MHz_count[4]  ; CLOCK:inst|clk50MHz_count[7]  ; CLK50MHZ     ; CLK50MHZ    ; 0.000        ; 0.061      ; 1.180      ;
; 0.962 ; CLOCK:inst|clk50MHz_count[20] ; CLOCK:inst|clk50MHz_count[23] ; CLK50MHZ     ; CLK50MHZ    ; 0.000        ; 0.061      ; 1.180      ;
; 0.962 ; CLOCK:inst|clk50MHz_count[18] ; CLOCK:inst|clk50MHz_count[22] ; CLK50MHZ     ; CLK50MHZ    ; 0.000        ; 0.061      ; 1.180      ;
; 0.962 ; CLOCK:inst|clk50MHz_count[14] ; CLOCK:inst|clk50MHz_count[18] ; CLK50MHZ     ; CLK50MHZ    ; 0.000        ; 0.061      ; 1.180      ;
+-------+-------------------------------+-------------------------------+--------------+-------------+--------------+------------+------------+


+--------------------------------------------------------------------------------------------------------------------+
; Slow 1200mV 85C Model Minimum Pulse Width: 'CLK50MHZ'                                                              ;
+--------+--------------+----------------+------------------+----------+------------+--------------------------------+
; Slack  ; Actual Width ; Required Width ; Type             ; Clock    ; Clock Edge ; Target                         ;
+--------+--------------+----------------+------------------+----------+------------+--------------------------------+
; 9.688  ; 9.872        ; 0.184          ; Low Pulse Width  ; CLK50MHZ ; Rise       ; CLOCK:inst|clk50MHz_count[12]  ;
; 9.688  ; 9.872        ; 0.184          ; Low Pulse Width  ; CLK50MHZ ; Rise       ; CLOCK:inst|clk50MHz_count[13]  ;
; 9.688  ; 9.872        ; 0.184          ; Low Pulse Width  ; CLK50MHZ ; Rise       ; CLOCK:inst|clk50MHz_count[14]  ;
; 9.688  ; 9.872        ; 0.184          ; Low Pulse Width  ; CLK50MHZ ; Rise       ; CLOCK:inst|clk50MHz_count[15]  ;
; 9.688  ; 9.872        ; 0.184          ; Low Pulse Width  ; CLK50MHZ ; Rise       ; CLOCK:inst|clk50MHz_count[16]  ;
; 9.688  ; 9.872        ; 0.184          ; Low Pulse Width  ; CLK50MHZ ; Rise       ; CLOCK:inst|clk50MHz_count[17]  ;
; 9.688  ; 9.872        ; 0.184          ; Low Pulse Width  ; CLK50MHZ ; Rise       ; CLOCK:inst|clk50MHz_count[18]  ;
; 9.688  ; 9.872        ; 0.184          ; Low Pulse Width  ; CLK50MHZ ; Rise       ; CLOCK:inst|clk50MHz_count[19]  ;
; 9.688  ; 9.872        ; 0.184          ; Low Pulse Width  ; CLK50MHZ ; Rise       ; CLOCK:inst|clk50MHz_count[20]  ;
; 9.688  ; 9.872        ; 0.184          ; Low Pulse Width  ; CLK50MHZ ; Rise       ; CLOCK:inst|clk50MHz_count[21]  ;
; 9.688  ; 9.872        ; 0.184          ; Low Pulse Width  ; CLK50MHZ ; Rise       ; CLOCK:inst|clk50MHz_count[22]  ;
; 9.688  ; 9.872        ; 0.184          ; Low Pulse Width  ; CLK50MHZ ; Rise       ; CLOCK:inst|clk50MHz_count[23]  ;
; 9.688  ; 9.872        ; 0.184          ; Low Pulse Width  ; CLK50MHZ ; Rise       ; CLOCK:inst|clk50MHz_count[24]  ;
; 9.689  ; 9.873        ; 0.184          ; Low Pulse Width  ; CLK50MHZ ; Rise       ; CLOCK:inst|clk50MHz_count[0]   ;
; 9.689  ; 9.873        ; 0.184          ; Low Pulse Width  ; CLK50MHZ ; Rise       ; CLOCK:inst|clk50MHz_count[10]  ;
; 9.689  ; 9.873        ; 0.184          ; Low Pulse Width  ; CLK50MHZ ; Rise       ; CLOCK:inst|clk50MHz_count[11]  ;
; 9.689  ; 9.873        ; 0.184          ; Low Pulse Width  ; CLK50MHZ ; Rise       ; CLOCK:inst|clk50MHz_count[1]   ;
; 9.689  ; 9.873        ; 0.184          ; Low Pulse Width  ; CLK50MHZ ; Rise       ; CLOCK:inst|clk50MHz_count[2]   ;
; 9.689  ; 9.873        ; 0.184          ; Low Pulse Width  ; CLK50MHZ ; Rise       ; CLOCK:inst|clk50MHz_count[3]   ;
; 9.689  ; 9.873        ; 0.184          ; Low Pulse Width  ; CLK50MHZ ; Rise       ; CLOCK:inst|clk50MHz_count[4]   ;
; 9.689  ; 9.873        ; 0.184          ; Low Pulse Width  ; CLK50MHZ ; Rise       ; CLOCK:inst|clk50MHz_count[5]   ;
; 9.689  ; 9.873        ; 0.184          ; Low Pulse Width  ; CLK50MHZ ; Rise       ; CLOCK:inst|clk50MHz_count[6]   ;
; 9.689  ; 9.873        ; 0.184          ; Low Pulse Width  ; CLK50MHZ ; Rise       ; CLOCK:inst|clk50MHz_count[7]   ;
; 9.689  ; 9.873        ; 0.184          ; Low Pulse Width  ; CLK50MHZ ; Rise       ; CLOCK:inst|clk50MHz_count[8]   ;
; 9.689  ; 9.873        ; 0.184          ; Low Pulse Width  ; CLK50MHZ ; Rise       ; CLOCK:inst|clk50MHz_count[9]   ;
; 9.691  ; 9.875        ; 0.184          ; Low Pulse Width  ; CLK50MHZ ; Rise       ; CLOCK:inst|clk                 ;
; 9.839  ; 9.839        ; 0.000          ; Low Pulse Width  ; CLK50MHZ ; Rise       ; clk50MHZ~input|o               ;
; 9.849  ; 9.849        ; 0.000          ; Low Pulse Width  ; CLK50MHZ ; Rise       ; inst|clk50MHz_count[12]|clk    ;
; 9.849  ; 9.849        ; 0.000          ; Low Pulse Width  ; CLK50MHZ ; Rise       ; inst|clk50MHz_count[13]|clk    ;
; 9.849  ; 9.849        ; 0.000          ; Low Pulse Width  ; CLK50MHZ ; Rise       ; inst|clk50MHz_count[14]|clk    ;
; 9.849  ; 9.849        ; 0.000          ; Low Pulse Width  ; CLK50MHZ ; Rise       ; inst|clk50MHz_count[15]|clk    ;
; 9.849  ; 9.849        ; 0.000          ; Low Pulse Width  ; CLK50MHZ ; Rise       ; inst|clk50MHz_count[16]|clk    ;
; 9.849  ; 9.849        ; 0.000          ; Low Pulse Width  ; CLK50MHZ ; Rise       ; inst|clk50MHz_count[17]|clk    ;
; 9.849  ; 9.849        ; 0.000          ; Low Pulse Width  ; CLK50MHZ ; Rise       ; inst|clk50MHz_count[18]|clk    ;
; 9.849  ; 9.849        ; 0.000          ; Low Pulse Width  ; CLK50MHZ ; Rise       ; inst|clk50MHz_count[19]|clk    ;
; 9.849  ; 9.849        ; 0.000          ; Low Pulse Width  ; CLK50MHZ ; Rise       ; inst|clk50MHz_count[20]|clk    ;
; 9.849  ; 9.849        ; 0.000          ; Low Pulse Width  ; CLK50MHZ ; Rise       ; inst|clk50MHz_count[21]|clk    ;
; 9.849  ; 9.849        ; 0.000          ; Low Pulse Width  ; CLK50MHZ ; Rise       ; inst|clk50MHz_count[22]|clk    ;
; 9.849  ; 9.849        ; 0.000          ; Low Pulse Width  ; CLK50MHZ ; Rise       ; inst|clk50MHz_count[23]|clk    ;
; 9.849  ; 9.849        ; 0.000          ; Low Pulse Width  ; CLK50MHZ ; Rise       ; inst|clk50MHz_count[24]|clk    ;
; 9.851  ; 9.851        ; 0.000          ; Low Pulse Width  ; CLK50MHZ ; Rise       ; inst|clk50MHz_count[0]|clk     ;
; 9.851  ; 9.851        ; 0.000          ; Low Pulse Width  ; CLK50MHZ ; Rise       ; inst|clk50MHz_count[10]|clk    ;
; 9.851  ; 9.851        ; 0.000          ; Low Pulse Width  ; CLK50MHZ ; Rise       ; inst|clk50MHz_count[11]|clk    ;
; 9.851  ; 9.851        ; 0.000          ; Low Pulse Width  ; CLK50MHZ ; Rise       ; inst|clk50MHz_count[1]|clk     ;
; 9.851  ; 9.851        ; 0.000          ; Low Pulse Width  ; CLK50MHZ ; Rise       ; inst|clk50MHz_count[2]|clk     ;
; 9.851  ; 9.851        ; 0.000          ; Low Pulse Width  ; CLK50MHZ ; Rise       ; inst|clk50MHz_count[3]|clk     ;
; 9.851  ; 9.851        ; 0.000          ; Low Pulse Width  ; CLK50MHZ ; Rise       ; inst|clk50MHz_count[4]|clk     ;
; 9.851  ; 9.851        ; 0.000          ; Low Pulse Width  ; CLK50MHZ ; Rise       ; inst|clk50MHz_count[5]|clk     ;
; 9.851  ; 9.851        ; 0.000          ; Low Pulse Width  ; CLK50MHZ ; Rise       ; inst|clk50MHz_count[6]|clk     ;
; 9.851  ; 9.851        ; 0.000          ; Low Pulse Width  ; CLK50MHZ ; Rise       ; inst|clk50MHz_count[7]|clk     ;
; 9.851  ; 9.851        ; 0.000          ; Low Pulse Width  ; CLK50MHZ ; Rise       ; inst|clk50MHz_count[8]|clk     ;
; 9.851  ; 9.851        ; 0.000          ; Low Pulse Width  ; CLK50MHZ ; Rise       ; inst|clk50MHz_count[9]|clk     ;
; 9.852  ; 9.852        ; 0.000          ; Low Pulse Width  ; CLK50MHZ ; Rise       ; inst|clk|clk                   ;
; 9.856  ; 9.856        ; 0.000          ; Low Pulse Width  ; CLK50MHZ ; Rise       ; clk50MHZ~inputclkctrl|inclk[0] ;
; 9.856  ; 9.856        ; 0.000          ; Low Pulse Width  ; CLK50MHZ ; Rise       ; clk50MHZ~inputclkctrl|outclk   ;
; 9.908  ; 10.124       ; 0.216          ; High Pulse Width ; CLK50MHZ ; Rise       ; CLOCK:inst|clk                 ;
; 9.909  ; 10.125       ; 0.216          ; High Pulse Width ; CLK50MHZ ; Rise       ; CLOCK:inst|clk50MHz_count[0]   ;
; 9.909  ; 10.125       ; 0.216          ; High Pulse Width ; CLK50MHZ ; Rise       ; CLOCK:inst|clk50MHz_count[10]  ;
; 9.909  ; 10.125       ; 0.216          ; High Pulse Width ; CLK50MHZ ; Rise       ; CLOCK:inst|clk50MHz_count[11]  ;
; 9.909  ; 10.125       ; 0.216          ; High Pulse Width ; CLK50MHZ ; Rise       ; CLOCK:inst|clk50MHz_count[1]   ;
; 9.909  ; 10.125       ; 0.216          ; High Pulse Width ; CLK50MHZ ; Rise       ; CLOCK:inst|clk50MHz_count[2]   ;
; 9.909  ; 10.125       ; 0.216          ; High Pulse Width ; CLK50MHZ ; Rise       ; CLOCK:inst|clk50MHz_count[3]   ;
; 9.909  ; 10.125       ; 0.216          ; High Pulse Width ; CLK50MHZ ; Rise       ; CLOCK:inst|clk50MHz_count[4]   ;
; 9.909  ; 10.125       ; 0.216          ; High Pulse Width ; CLK50MHZ ; Rise       ; CLOCK:inst|clk50MHz_count[5]   ;
; 9.909  ; 10.125       ; 0.216          ; High Pulse Width ; CLK50MHZ ; Rise       ; CLOCK:inst|clk50MHz_count[6]   ;
; 9.909  ; 10.125       ; 0.216          ; High Pulse Width ; CLK50MHZ ; Rise       ; CLOCK:inst|clk50MHz_count[7]   ;
; 9.909  ; 10.125       ; 0.216          ; High Pulse Width ; CLK50MHZ ; Rise       ; CLOCK:inst|clk50MHz_count[8]   ;
; 9.909  ; 10.125       ; 0.216          ; High Pulse Width ; CLK50MHZ ; Rise       ; CLOCK:inst|clk50MHz_count[9]   ;
; 9.911  ; 10.127       ; 0.216          ; High Pulse Width ; CLK50MHZ ; Rise       ; CLOCK:inst|clk50MHz_count[12]  ;
; 9.911  ; 10.127       ; 0.216          ; High Pulse Width ; CLK50MHZ ; Rise       ; CLOCK:inst|clk50MHz_count[13]  ;
; 9.911  ; 10.127       ; 0.216          ; High Pulse Width ; CLK50MHZ ; Rise       ; CLOCK:inst|clk50MHz_count[14]  ;
; 9.911  ; 10.127       ; 0.216          ; High Pulse Width ; CLK50MHZ ; Rise       ; CLOCK:inst|clk50MHz_count[15]  ;
; 9.911  ; 10.127       ; 0.216          ; High Pulse Width ; CLK50MHZ ; Rise       ; CLOCK:inst|clk50MHz_count[16]  ;
; 9.911  ; 10.127       ; 0.216          ; High Pulse Width ; CLK50MHZ ; Rise       ; CLOCK:inst|clk50MHz_count[17]  ;
; 9.911  ; 10.127       ; 0.216          ; High Pulse Width ; CLK50MHZ ; Rise       ; CLOCK:inst|clk50MHz_count[18]  ;
; 9.911  ; 10.127       ; 0.216          ; High Pulse Width ; CLK50MHZ ; Rise       ; CLOCK:inst|clk50MHz_count[19]  ;
; 9.911  ; 10.127       ; 0.216          ; High Pulse Width ; CLK50MHZ ; Rise       ; CLOCK:inst|clk50MHz_count[20]  ;
; 9.911  ; 10.127       ; 0.216          ; High Pulse Width ; CLK50MHZ ; Rise       ; CLOCK:inst|clk50MHz_count[21]  ;
; 9.911  ; 10.127       ; 0.216          ; High Pulse Width ; CLK50MHZ ; Rise       ; CLOCK:inst|clk50MHz_count[22]  ;
; 9.911  ; 10.127       ; 0.216          ; High Pulse Width ; CLK50MHZ ; Rise       ; CLOCK:inst|clk50MHz_count[23]  ;
; 9.911  ; 10.127       ; 0.216          ; High Pulse Width ; CLK50MHZ ; Rise       ; CLOCK:inst|clk50MHz_count[24]  ;
; 10.000 ; 10.000       ; 0.000          ; High Pulse Width ; CLK50MHZ ; Rise       ; clk50MHZ~input|i               ;
; 10.000 ; 10.000       ; 0.000          ; Low Pulse Width  ; CLK50MHZ ; Rise       ; clk50MHZ~input|i               ;
; 10.143 ; 10.143       ; 0.000          ; High Pulse Width ; CLK50MHZ ; Rise       ; clk50MHZ~inputclkctrl|inclk[0] ;
; 10.143 ; 10.143       ; 0.000          ; High Pulse Width ; CLK50MHZ ; Rise       ; clk50MHZ~inputclkctrl|outclk   ;
; 10.147 ; 10.147       ; 0.000          ; High Pulse Width ; CLK50MHZ ; Rise       ; inst|clk|clk                   ;
; 10.149 ; 10.149       ; 0.000          ; High Pulse Width ; CLK50MHZ ; Rise       ; inst|clk50MHz_count[0]|clk     ;
; 10.149 ; 10.149       ; 0.000          ; High Pulse Width ; CLK50MHZ ; Rise       ; inst|clk50MHz_count[10]|clk    ;
; 10.149 ; 10.149       ; 0.000          ; High Pulse Width ; CLK50MHZ ; Rise       ; inst|clk50MHz_count[11]|clk    ;
; 10.149 ; 10.149       ; 0.000          ; High Pulse Width ; CLK50MHZ ; Rise       ; inst|clk50MHz_count[1]|clk     ;
; 10.149 ; 10.149       ; 0.000          ; High Pulse Width ; CLK50MHZ ; Rise       ; inst|clk50MHz_count[2]|clk     ;
; 10.149 ; 10.149       ; 0.000          ; High Pulse Width ; CLK50MHZ ; Rise       ; inst|clk50MHz_count[3]|clk     ;
; 10.149 ; 10.149       ; 0.000          ; High Pulse Width ; CLK50MHZ ; Rise       ; inst|clk50MHz_count[4]|clk     ;
; 10.149 ; 10.149       ; 0.000          ; High Pulse Width ; CLK50MHZ ; Rise       ; inst|clk50MHz_count[5]|clk     ;
; 10.149 ; 10.149       ; 0.000          ; High Pulse Width ; CLK50MHZ ; Rise       ; inst|clk50MHz_count[6]|clk     ;
; 10.149 ; 10.149       ; 0.000          ; High Pulse Width ; CLK50MHZ ; Rise       ; inst|clk50MHz_count[7]|clk     ;
; 10.149 ; 10.149       ; 0.000          ; High Pulse Width ; CLK50MHZ ; Rise       ; inst|clk50MHz_count[8]|clk     ;
; 10.149 ; 10.149       ; 0.000          ; High Pulse Width ; CLK50MHZ ; Rise       ; inst|clk50MHz_count[9]|clk     ;
; 10.150 ; 10.150       ; 0.000          ; High Pulse Width ; CLK50MHZ ; Rise       ; inst|clk50MHz_count[12]|clk    ;
; 10.150 ; 10.150       ; 0.000          ; High Pulse Width ; CLK50MHZ ; Rise       ; inst|clk50MHz_count[13]|clk    ;
+--------+--------------+----------------+------------------+----------+------------+--------------------------------+


------------------------------------------
; Slow 1200mV 85C Model Datasheet Report ;
------------------------------------------
Nothing to report.


----------------------------------------------
; Slow 1200mV 85C Model Metastability Report ;
----------------------------------------------
No synchronizer chains to report.


+--------------------------------------------------+
; Slow 1200mV 0C Model Fmax Summary                ;
+------------+-----------------+------------+------+
; Fmax       ; Restricted Fmax ; Clock Name ; Note ;
+------------+-----------------+------------+------+
; 214.55 MHz ; 214.55 MHz      ; CLK50MHZ   ;      ;
+------------+-----------------+------------+------+
This panel reports FMAX for every clock in the design, regardless of the user-specified clock periods.  FMAX is only computed for paths where the source and destination registers or ports are driven by the same clock.  Paths of different clocks, including generated clocks, are ignored.  For paths between a clock and its inversion, FMAX is computed as if the rising and falling edges are scaled along with FMAX, such that the duty cycle (in terms of a percentage) is maintained. Altera recommends that you always use clock constraints and other slack reports for sign-off analysis.


+------------------------------------+
; Slow 1200mV 0C Model Setup Summary ;
+----------+--------+----------------+
; Clock    ; Slack  ; End Point TNS  ;
+----------+--------+----------------+
; CLK50MHZ ; 15.339 ; 0.000          ;
+----------+--------+----------------+


+-----------------------------------+
; Slow 1200mV 0C Model Hold Summary ;
+----------+-------+----------------+
; Clock    ; Slack ; End Point TNS  ;
+----------+-------+----------------+
; CLK50MHZ ; 0.333 ; 0.000          ;
+----------+-------+----------------+


-----------------------------------------
; Slow 1200mV 0C Model Recovery Summary ;
-----------------------------------------
No paths to report.


----------------------------------------
; Slow 1200mV 0C Model Removal Summary ;
----------------------------------------
No paths to report.


+--------------------------------------------------+
; Slow 1200mV 0C Model Minimum Pulse Width Summary ;
+----------+-------+-------------------------------+
; Clock    ; Slack ; End Point TNS                 ;
+----------+-------+-------------------------------+
; CLK50MHZ ; 9.652 ; 0.000                         ;
+----------+-------+-------------------------------+


+----------------------------------------------------------------------------------------------------------------------------------------------+
; Slow 1200mV 0C Model Setup: 'CLK50MHZ'                                                                                                       ;
+--------+-------------------------------+-------------------------------+--------------+-------------+--------------+------------+------------+
; Slack  ; From Node                     ; To Node                       ; Launch Clock ; Latch Clock ; Relationship ; Clock Skew ; Data Delay ;
+--------+-------------------------------+-------------------------------+--------------+-------------+--------------+------------+------------+
; 15.339 ; CLOCK:inst|clk50MHz_count[11] ; CLOCK:inst|clk                ; CLK50MHZ     ; CLK50MHZ    ; 20.000       ; -0.076     ; 4.580      ;
; 15.705 ; CLOCK:inst|clk50MHz_count[13] ; CLOCK:inst|clk                ; CLK50MHZ     ; CLK50MHZ    ; 20.000       ; -0.065     ; 4.225      ;
; 15.711 ; CLOCK:inst|clk50MHz_count[11] ; CLOCK:inst|clk50MHz_count[11] ; CLK50MHZ     ; CLK50MHZ    ; 20.000       ; -0.055     ; 4.229      ;
; 15.711 ; CLOCK:inst|clk50MHz_count[11] ; CLOCK:inst|clk50MHz_count[0]  ; CLK50MHZ     ; CLK50MHZ    ; 20.000       ; -0.055     ; 4.229      ;
; 15.711 ; CLOCK:inst|clk50MHz_count[11] ; CLOCK:inst|clk50MHz_count[1]  ; CLK50MHZ     ; CLK50MHZ    ; 20.000       ; -0.055     ; 4.229      ;
; 15.711 ; CLOCK:inst|clk50MHz_count[11] ; CLOCK:inst|clk50MHz_count[2]  ; CLK50MHZ     ; CLK50MHZ    ; 20.000       ; -0.055     ; 4.229      ;
; 15.711 ; CLOCK:inst|clk50MHz_count[11] ; CLOCK:inst|clk50MHz_count[3]  ; CLK50MHZ     ; CLK50MHZ    ; 20.000       ; -0.055     ; 4.229      ;
; 15.711 ; CLOCK:inst|clk50MHz_count[11] ; CLOCK:inst|clk50MHz_count[4]  ; CLK50MHZ     ; CLK50MHZ    ; 20.000       ; -0.055     ; 4.229      ;
; 15.711 ; CLOCK:inst|clk50MHz_count[11] ; CLOCK:inst|clk50MHz_count[5]  ; CLK50MHZ     ; CLK50MHZ    ; 20.000       ; -0.055     ; 4.229      ;
; 15.711 ; CLOCK:inst|clk50MHz_count[11] ; CLOCK:inst|clk50MHz_count[6]  ; CLK50MHZ     ; CLK50MHZ    ; 20.000       ; -0.055     ; 4.229      ;
; 15.711 ; CLOCK:inst|clk50MHz_count[11] ; CLOCK:inst|clk50MHz_count[7]  ; CLK50MHZ     ; CLK50MHZ    ; 20.000       ; -0.055     ; 4.229      ;
; 15.711 ; CLOCK:inst|clk50MHz_count[11] ; CLOCK:inst|clk50MHz_count[8]  ; CLK50MHZ     ; CLK50MHZ    ; 20.000       ; -0.055     ; 4.229      ;
; 15.711 ; CLOCK:inst|clk50MHz_count[11] ; CLOCK:inst|clk50MHz_count[9]  ; CLK50MHZ     ; CLK50MHZ    ; 20.000       ; -0.055     ; 4.229      ;
; 15.711 ; CLOCK:inst|clk50MHz_count[11] ; CLOCK:inst|clk50MHz_count[10] ; CLK50MHZ     ; CLK50MHZ    ; 20.000       ; -0.055     ; 4.229      ;
; 15.731 ; CLOCK:inst|clk50MHz_count[21] ; CLOCK:inst|clk                ; CLK50MHZ     ; CLK50MHZ    ; 20.000       ; -0.065     ; 4.199      ;
; 15.733 ; CLOCK:inst|clk50MHz_count[18] ; CLOCK:inst|clk                ; CLK50MHZ     ; CLK50MHZ    ; 20.000       ; -0.065     ; 4.197      ;
; 15.748 ; CLOCK:inst|clk50MHz_count[3]  ; CLOCK:inst|clk                ; CLK50MHZ     ; CLK50MHZ    ; 20.000       ; -0.076     ; 4.171      ;
; 15.750 ; CLOCK:inst|clk50MHz_count[1]  ; CLOCK:inst|clk                ; CLK50MHZ     ; CLK50MHZ    ; 20.000       ; -0.076     ; 4.169      ;
; 15.829 ; CLOCK:inst|clk50MHz_count[14] ; CLOCK:inst|clk                ; CLK50MHZ     ; CLK50MHZ    ; 20.000       ; -0.065     ; 4.101      ;
; 15.846 ; CLOCK:inst|clk50MHz_count[19] ; CLOCK:inst|clk                ; CLK50MHZ     ; CLK50MHZ    ; 20.000       ; -0.065     ; 4.084      ;
; 15.868 ; CLOCK:inst|clk50MHz_count[7]  ; CLOCK:inst|clk                ; CLK50MHZ     ; CLK50MHZ    ; 20.000       ; -0.076     ; 4.051      ;
; 15.872 ; CLOCK:inst|clk50MHz_count[0]  ; CLOCK:inst|clk                ; CLK50MHZ     ; CLK50MHZ    ; 20.000       ; -0.076     ; 4.047      ;
; 15.875 ; CLOCK:inst|clk50MHz_count[8]  ; CLOCK:inst|clk                ; CLK50MHZ     ; CLK50MHZ    ; 20.000       ; -0.076     ; 4.044      ;
; 15.919 ; CLOCK:inst|clk50MHz_count[12] ; CLOCK:inst|clk                ; CLK50MHZ     ; CLK50MHZ    ; 20.000       ; -0.065     ; 4.011      ;
; 15.943 ; CLOCK:inst|clk50MHz_count[20] ; CLOCK:inst|clk                ; CLK50MHZ     ; CLK50MHZ    ; 20.000       ; -0.065     ; 3.987      ;
; 15.960 ; CLOCK:inst|clk50MHz_count[2]  ; CLOCK:inst|clk                ; CLK50MHZ     ; CLK50MHZ    ; 20.000       ; -0.076     ; 3.959      ;
; 15.993 ; CLOCK:inst|clk50MHz_count[4]  ; CLOCK:inst|clk                ; CLK50MHZ     ; CLK50MHZ    ; 20.000       ; -0.076     ; 3.926      ;
; 16.008 ; CLOCK:inst|clk50MHz_count[9]  ; CLOCK:inst|clk                ; CLK50MHZ     ; CLK50MHZ    ; 20.000       ; -0.076     ; 3.911      ;
; 16.023 ; CLOCK:inst|clk50MHz_count[5]  ; CLOCK:inst|clk                ; CLK50MHZ     ; CLK50MHZ    ; 20.000       ; -0.076     ; 3.896      ;
; 16.033 ; CLOCK:inst|clk50MHz_count[21] ; CLOCK:inst|clk50MHz_count[11] ; CLK50MHZ     ; CLK50MHZ    ; 20.000       ; -0.057     ; 3.905      ;
; 16.033 ; CLOCK:inst|clk50MHz_count[21] ; CLOCK:inst|clk50MHz_count[0]  ; CLK50MHZ     ; CLK50MHZ    ; 20.000       ; -0.057     ; 3.905      ;
; 16.033 ; CLOCK:inst|clk50MHz_count[21] ; CLOCK:inst|clk50MHz_count[1]  ; CLK50MHZ     ; CLK50MHZ    ; 20.000       ; -0.057     ; 3.905      ;
; 16.033 ; CLOCK:inst|clk50MHz_count[21] ; CLOCK:inst|clk50MHz_count[2]  ; CLK50MHZ     ; CLK50MHZ    ; 20.000       ; -0.057     ; 3.905      ;
; 16.033 ; CLOCK:inst|clk50MHz_count[21] ; CLOCK:inst|clk50MHz_count[3]  ; CLK50MHZ     ; CLK50MHZ    ; 20.000       ; -0.057     ; 3.905      ;
; 16.033 ; CLOCK:inst|clk50MHz_count[21] ; CLOCK:inst|clk50MHz_count[4]  ; CLK50MHZ     ; CLK50MHZ    ; 20.000       ; -0.057     ; 3.905      ;
; 16.033 ; CLOCK:inst|clk50MHz_count[21] ; CLOCK:inst|clk50MHz_count[5]  ; CLK50MHZ     ; CLK50MHZ    ; 20.000       ; -0.057     ; 3.905      ;
; 16.033 ; CLOCK:inst|clk50MHz_count[21] ; CLOCK:inst|clk50MHz_count[6]  ; CLK50MHZ     ; CLK50MHZ    ; 20.000       ; -0.057     ; 3.905      ;
; 16.033 ; CLOCK:inst|clk50MHz_count[21] ; CLOCK:inst|clk50MHz_count[7]  ; CLK50MHZ     ; CLK50MHZ    ; 20.000       ; -0.057     ; 3.905      ;
; 16.033 ; CLOCK:inst|clk50MHz_count[21] ; CLOCK:inst|clk50MHz_count[8]  ; CLK50MHZ     ; CLK50MHZ    ; 20.000       ; -0.057     ; 3.905      ;
; 16.033 ; CLOCK:inst|clk50MHz_count[21] ; CLOCK:inst|clk50MHz_count[9]  ; CLK50MHZ     ; CLK50MHZ    ; 20.000       ; -0.057     ; 3.905      ;
; 16.033 ; CLOCK:inst|clk50MHz_count[21] ; CLOCK:inst|clk50MHz_count[10] ; CLK50MHZ     ; CLK50MHZ    ; 20.000       ; -0.057     ; 3.905      ;
; 16.035 ; CLOCK:inst|clk50MHz_count[18] ; CLOCK:inst|clk50MHz_count[11] ; CLK50MHZ     ; CLK50MHZ    ; 20.000       ; -0.057     ; 3.903      ;
; 16.035 ; CLOCK:inst|clk50MHz_count[18] ; CLOCK:inst|clk50MHz_count[0]  ; CLK50MHZ     ; CLK50MHZ    ; 20.000       ; -0.057     ; 3.903      ;
; 16.035 ; CLOCK:inst|clk50MHz_count[18] ; CLOCK:inst|clk50MHz_count[1]  ; CLK50MHZ     ; CLK50MHZ    ; 20.000       ; -0.057     ; 3.903      ;
; 16.035 ; CLOCK:inst|clk50MHz_count[18] ; CLOCK:inst|clk50MHz_count[2]  ; CLK50MHZ     ; CLK50MHZ    ; 20.000       ; -0.057     ; 3.903      ;
; 16.035 ; CLOCK:inst|clk50MHz_count[18] ; CLOCK:inst|clk50MHz_count[3]  ; CLK50MHZ     ; CLK50MHZ    ; 20.000       ; -0.057     ; 3.903      ;
; 16.035 ; CLOCK:inst|clk50MHz_count[18] ; CLOCK:inst|clk50MHz_count[4]  ; CLK50MHZ     ; CLK50MHZ    ; 20.000       ; -0.057     ; 3.903      ;
; 16.035 ; CLOCK:inst|clk50MHz_count[18] ; CLOCK:inst|clk50MHz_count[5]  ; CLK50MHZ     ; CLK50MHZ    ; 20.000       ; -0.057     ; 3.903      ;
; 16.035 ; CLOCK:inst|clk50MHz_count[18] ; CLOCK:inst|clk50MHz_count[6]  ; CLK50MHZ     ; CLK50MHZ    ; 20.000       ; -0.057     ; 3.903      ;
; 16.035 ; CLOCK:inst|clk50MHz_count[18] ; CLOCK:inst|clk50MHz_count[7]  ; CLK50MHZ     ; CLK50MHZ    ; 20.000       ; -0.057     ; 3.903      ;
; 16.035 ; CLOCK:inst|clk50MHz_count[18] ; CLOCK:inst|clk50MHz_count[8]  ; CLK50MHZ     ; CLK50MHZ    ; 20.000       ; -0.057     ; 3.903      ;
; 16.035 ; CLOCK:inst|clk50MHz_count[18] ; CLOCK:inst|clk50MHz_count[9]  ; CLK50MHZ     ; CLK50MHZ    ; 20.000       ; -0.057     ; 3.903      ;
; 16.035 ; CLOCK:inst|clk50MHz_count[18] ; CLOCK:inst|clk50MHz_count[10] ; CLK50MHZ     ; CLK50MHZ    ; 20.000       ; -0.057     ; 3.903      ;
; 16.069 ; CLOCK:inst|clk50MHz_count[11] ; CLOCK:inst|clk50MHz_count[16] ; CLK50MHZ     ; CLK50MHZ    ; 20.000       ; -0.078     ; 3.848      ;
; 16.069 ; CLOCK:inst|clk50MHz_count[11] ; CLOCK:inst|clk50MHz_count[12] ; CLK50MHZ     ; CLK50MHZ    ; 20.000       ; -0.078     ; 3.848      ;
; 16.069 ; CLOCK:inst|clk50MHz_count[11] ; CLOCK:inst|clk50MHz_count[13] ; CLK50MHZ     ; CLK50MHZ    ; 20.000       ; -0.078     ; 3.848      ;
; 16.069 ; CLOCK:inst|clk50MHz_count[11] ; CLOCK:inst|clk50MHz_count[14] ; CLK50MHZ     ; CLK50MHZ    ; 20.000       ; -0.078     ; 3.848      ;
; 16.069 ; CLOCK:inst|clk50MHz_count[11] ; CLOCK:inst|clk50MHz_count[15] ; CLK50MHZ     ; CLK50MHZ    ; 20.000       ; -0.078     ; 3.848      ;
; 16.069 ; CLOCK:inst|clk50MHz_count[11] ; CLOCK:inst|clk50MHz_count[17] ; CLK50MHZ     ; CLK50MHZ    ; 20.000       ; -0.078     ; 3.848      ;
; 16.069 ; CLOCK:inst|clk50MHz_count[11] ; CLOCK:inst|clk50MHz_count[23] ; CLK50MHZ     ; CLK50MHZ    ; 20.000       ; -0.078     ; 3.848      ;
; 16.069 ; CLOCK:inst|clk50MHz_count[11] ; CLOCK:inst|clk50MHz_count[18] ; CLK50MHZ     ; CLK50MHZ    ; 20.000       ; -0.078     ; 3.848      ;
; 16.069 ; CLOCK:inst|clk50MHz_count[11] ; CLOCK:inst|clk50MHz_count[19] ; CLK50MHZ     ; CLK50MHZ    ; 20.000       ; -0.078     ; 3.848      ;
; 16.069 ; CLOCK:inst|clk50MHz_count[11] ; CLOCK:inst|clk50MHz_count[20] ; CLK50MHZ     ; CLK50MHZ    ; 20.000       ; -0.078     ; 3.848      ;
; 16.069 ; CLOCK:inst|clk50MHz_count[11] ; CLOCK:inst|clk50MHz_count[21] ; CLK50MHZ     ; CLK50MHZ    ; 20.000       ; -0.078     ; 3.848      ;
; 16.069 ; CLOCK:inst|clk50MHz_count[11] ; CLOCK:inst|clk50MHz_count[22] ; CLK50MHZ     ; CLK50MHZ    ; 20.000       ; -0.078     ; 3.848      ;
; 16.069 ; CLOCK:inst|clk50MHz_count[11] ; CLOCK:inst|clk50MHz_count[24] ; CLK50MHZ     ; CLK50MHZ    ; 20.000       ; -0.078     ; 3.848      ;
; 16.086 ; CLOCK:inst|clk50MHz_count[13] ; CLOCK:inst|clk50MHz_count[11] ; CLK50MHZ     ; CLK50MHZ    ; 20.000       ; -0.057     ; 3.852      ;
; 16.086 ; CLOCK:inst|clk50MHz_count[13] ; CLOCK:inst|clk50MHz_count[0]  ; CLK50MHZ     ; CLK50MHZ    ; 20.000       ; -0.057     ; 3.852      ;
; 16.086 ; CLOCK:inst|clk50MHz_count[13] ; CLOCK:inst|clk50MHz_count[1]  ; CLK50MHZ     ; CLK50MHZ    ; 20.000       ; -0.057     ; 3.852      ;
; 16.086 ; CLOCK:inst|clk50MHz_count[13] ; CLOCK:inst|clk50MHz_count[2]  ; CLK50MHZ     ; CLK50MHZ    ; 20.000       ; -0.057     ; 3.852      ;
; 16.086 ; CLOCK:inst|clk50MHz_count[13] ; CLOCK:inst|clk50MHz_count[3]  ; CLK50MHZ     ; CLK50MHZ    ; 20.000       ; -0.057     ; 3.852      ;
; 16.086 ; CLOCK:inst|clk50MHz_count[13] ; CLOCK:inst|clk50MHz_count[4]  ; CLK50MHZ     ; CLK50MHZ    ; 20.000       ; -0.057     ; 3.852      ;
; 16.086 ; CLOCK:inst|clk50MHz_count[13] ; CLOCK:inst|clk50MHz_count[5]  ; CLK50MHZ     ; CLK50MHZ    ; 20.000       ; -0.057     ; 3.852      ;
; 16.086 ; CLOCK:inst|clk50MHz_count[13] ; CLOCK:inst|clk50MHz_count[6]  ; CLK50MHZ     ; CLK50MHZ    ; 20.000       ; -0.057     ; 3.852      ;
; 16.086 ; CLOCK:inst|clk50MHz_count[13] ; CLOCK:inst|clk50MHz_count[7]  ; CLK50MHZ     ; CLK50MHZ    ; 20.000       ; -0.057     ; 3.852      ;
; 16.086 ; CLOCK:inst|clk50MHz_count[13] ; CLOCK:inst|clk50MHz_count[8]  ; CLK50MHZ     ; CLK50MHZ    ; 20.000       ; -0.057     ; 3.852      ;
; 16.086 ; CLOCK:inst|clk50MHz_count[13] ; CLOCK:inst|clk50MHz_count[9]  ; CLK50MHZ     ; CLK50MHZ    ; 20.000       ; -0.057     ; 3.852      ;
; 16.086 ; CLOCK:inst|clk50MHz_count[13] ; CLOCK:inst|clk50MHz_count[10] ; CLK50MHZ     ; CLK50MHZ    ; 20.000       ; -0.057     ; 3.852      ;
; 16.102 ; CLOCK:inst|clk50MHz_count[3]  ; CLOCK:inst|clk50MHz_count[11] ; CLK50MHZ     ; CLK50MHZ    ; 20.000       ; -0.055     ; 3.838      ;
; 16.102 ; CLOCK:inst|clk50MHz_count[3]  ; CLOCK:inst|clk50MHz_count[0]  ; CLK50MHZ     ; CLK50MHZ    ; 20.000       ; -0.055     ; 3.838      ;
; 16.102 ; CLOCK:inst|clk50MHz_count[3]  ; CLOCK:inst|clk50MHz_count[1]  ; CLK50MHZ     ; CLK50MHZ    ; 20.000       ; -0.055     ; 3.838      ;
; 16.102 ; CLOCK:inst|clk50MHz_count[3]  ; CLOCK:inst|clk50MHz_count[2]  ; CLK50MHZ     ; CLK50MHZ    ; 20.000       ; -0.055     ; 3.838      ;
; 16.102 ; CLOCK:inst|clk50MHz_count[3]  ; CLOCK:inst|clk50MHz_count[3]  ; CLK50MHZ     ; CLK50MHZ    ; 20.000       ; -0.055     ; 3.838      ;
; 16.102 ; CLOCK:inst|clk50MHz_count[3]  ; CLOCK:inst|clk50MHz_count[4]  ; CLK50MHZ     ; CLK50MHZ    ; 20.000       ; -0.055     ; 3.838      ;
; 16.102 ; CLOCK:inst|clk50MHz_count[3]  ; CLOCK:inst|clk50MHz_count[5]  ; CLK50MHZ     ; CLK50MHZ    ; 20.000       ; -0.055     ; 3.838      ;
; 16.102 ; CLOCK:inst|clk50MHz_count[3]  ; CLOCK:inst|clk50MHz_count[6]  ; CLK50MHZ     ; CLK50MHZ    ; 20.000       ; -0.055     ; 3.838      ;
; 16.102 ; CLOCK:inst|clk50MHz_count[3]  ; CLOCK:inst|clk50MHz_count[7]  ; CLK50MHZ     ; CLK50MHZ    ; 20.000       ; -0.055     ; 3.838      ;
; 16.102 ; CLOCK:inst|clk50MHz_count[3]  ; CLOCK:inst|clk50MHz_count[8]  ; CLK50MHZ     ; CLK50MHZ    ; 20.000       ; -0.055     ; 3.838      ;
; 16.102 ; CLOCK:inst|clk50MHz_count[3]  ; CLOCK:inst|clk50MHz_count[9]  ; CLK50MHZ     ; CLK50MHZ    ; 20.000       ; -0.055     ; 3.838      ;
; 16.102 ; CLOCK:inst|clk50MHz_count[3]  ; CLOCK:inst|clk50MHz_count[10] ; CLK50MHZ     ; CLK50MHZ    ; 20.000       ; -0.055     ; 3.838      ;
; 16.103 ; CLOCK:inst|clk50MHz_count[6]  ; CLOCK:inst|clk                ; CLK50MHZ     ; CLK50MHZ    ; 20.000       ; -0.076     ; 3.816      ;
; 16.105 ; CLOCK:inst|clk50MHz_count[1]  ; CLOCK:inst|clk50MHz_count[11] ; CLK50MHZ     ; CLK50MHZ    ; 20.000       ; -0.055     ; 3.835      ;
; 16.105 ; CLOCK:inst|clk50MHz_count[1]  ; CLOCK:inst|clk50MHz_count[0]  ; CLK50MHZ     ; CLK50MHZ    ; 20.000       ; -0.055     ; 3.835      ;
; 16.105 ; CLOCK:inst|clk50MHz_count[1]  ; CLOCK:inst|clk50MHz_count[1]  ; CLK50MHZ     ; CLK50MHZ    ; 20.000       ; -0.055     ; 3.835      ;
; 16.105 ; CLOCK:inst|clk50MHz_count[1]  ; CLOCK:inst|clk50MHz_count[2]  ; CLK50MHZ     ; CLK50MHZ    ; 20.000       ; -0.055     ; 3.835      ;
; 16.105 ; CLOCK:inst|clk50MHz_count[1]  ; CLOCK:inst|clk50MHz_count[3]  ; CLK50MHZ     ; CLK50MHZ    ; 20.000       ; -0.055     ; 3.835      ;
; 16.105 ; CLOCK:inst|clk50MHz_count[1]  ; CLOCK:inst|clk50MHz_count[4]  ; CLK50MHZ     ; CLK50MHZ    ; 20.000       ; -0.055     ; 3.835      ;
; 16.105 ; CLOCK:inst|clk50MHz_count[1]  ; CLOCK:inst|clk50MHz_count[5]  ; CLK50MHZ     ; CLK50MHZ    ; 20.000       ; -0.055     ; 3.835      ;
; 16.105 ; CLOCK:inst|clk50MHz_count[1]  ; CLOCK:inst|clk50MHz_count[6]  ; CLK50MHZ     ; CLK50MHZ    ; 20.000       ; -0.055     ; 3.835      ;
; 16.105 ; CLOCK:inst|clk50MHz_count[1]  ; CLOCK:inst|clk50MHz_count[7]  ; CLK50MHZ     ; CLK50MHZ    ; 20.000       ; -0.055     ; 3.835      ;
+--------+-------------------------------+-------------------------------+--------------+-------------+--------------+------------+------------+


+---------------------------------------------------------------------------------------------------------------------------------------------+
; Slow 1200mV 0C Model Hold: 'CLK50MHZ'                                                                                                       ;
+-------+-------------------------------+-------------------------------+--------------+-------------+--------------+------------+------------+
; Slack ; From Node                     ; To Node                       ; Launch Clock ; Latch Clock ; Relationship ; Clock Skew ; Data Delay ;
+-------+-------------------------------+-------------------------------+--------------+-------------+--------------+------------+------------+
; 0.333 ; CLOCK:inst|clk                ; CLOCK:inst|clk                ; CLK50MHZ     ; CLK50MHZ    ; 0.000        ; 0.034      ; 0.511      ;
; 0.336 ; CLOCK:inst|clk50MHz_count[24] ; CLOCK:inst|clk50MHz_count[24] ; CLK50MHZ     ; CLK50MHZ    ; 0.000        ; 0.054      ; 0.534      ;
; 0.499 ; CLOCK:inst|clk50MHz_count[9]  ; CLOCK:inst|clk50MHz_count[9]  ; CLK50MHZ     ; CLK50MHZ    ; 0.000        ; 0.055      ; 0.698      ;
; 0.500 ; CLOCK:inst|clk50MHz_count[7]  ; CLOCK:inst|clk50MHz_count[7]  ; CLK50MHZ     ; CLK50MHZ    ; 0.000        ; 0.055      ; 0.699      ;
; 0.501 ; CLOCK:inst|clk50MHz_count[1]  ; CLOCK:inst|clk50MHz_count[1]  ; CLK50MHZ     ; CLK50MHZ    ; 0.000        ; 0.055      ; 0.700      ;
; 0.501 ; CLOCK:inst|clk50MHz_count[2]  ; CLOCK:inst|clk50MHz_count[2]  ; CLK50MHZ     ; CLK50MHZ    ; 0.000        ; 0.055      ; 0.700      ;
; 0.501 ; CLOCK:inst|clk50MHz_count[13] ; CLOCK:inst|clk50MHz_count[13] ; CLK50MHZ     ; CLK50MHZ    ; 0.000        ; 0.054      ; 0.699      ;
; 0.502 ; CLOCK:inst|clk50MHz_count[3]  ; CLOCK:inst|clk50MHz_count[3]  ; CLK50MHZ     ; CLK50MHZ    ; 0.000        ; 0.055      ; 0.701      ;
; 0.502 ; CLOCK:inst|clk50MHz_count[23] ; CLOCK:inst|clk50MHz_count[23] ; CLK50MHZ     ; CLK50MHZ    ; 0.000        ; 0.054      ; 0.700      ;
; 0.503 ; CLOCK:inst|clk50MHz_count[8]  ; CLOCK:inst|clk50MHz_count[8]  ; CLK50MHZ     ; CLK50MHZ    ; 0.000        ; 0.055      ; 0.702      ;
; 0.503 ; CLOCK:inst|clk50MHz_count[12] ; CLOCK:inst|clk50MHz_count[12] ; CLK50MHZ     ; CLK50MHZ    ; 0.000        ; 0.054      ; 0.701      ;
; 0.503 ; CLOCK:inst|clk50MHz_count[18] ; CLOCK:inst|clk50MHz_count[18] ; CLK50MHZ     ; CLK50MHZ    ; 0.000        ; 0.054      ; 0.701      ;
; 0.504 ; CLOCK:inst|clk50MHz_count[4]  ; CLOCK:inst|clk50MHz_count[4]  ; CLK50MHZ     ; CLK50MHZ    ; 0.000        ; 0.055      ; 0.703      ;
; 0.504 ; CLOCK:inst|clk50MHz_count[10] ; CLOCK:inst|clk50MHz_count[10] ; CLK50MHZ     ; CLK50MHZ    ; 0.000        ; 0.055      ; 0.703      ;
; 0.504 ; CLOCK:inst|clk50MHz_count[14] ; CLOCK:inst|clk50MHz_count[14] ; CLK50MHZ     ; CLK50MHZ    ; 0.000        ; 0.054      ; 0.702      ;
; 0.504 ; CLOCK:inst|clk50MHz_count[19] ; CLOCK:inst|clk50MHz_count[19] ; CLK50MHZ     ; CLK50MHZ    ; 0.000        ; 0.054      ; 0.702      ;
; 0.504 ; CLOCK:inst|clk50MHz_count[21] ; CLOCK:inst|clk50MHz_count[21] ; CLK50MHZ     ; CLK50MHZ    ; 0.000        ; 0.054      ; 0.702      ;
; 0.505 ; CLOCK:inst|clk50MHz_count[6]  ; CLOCK:inst|clk50MHz_count[6]  ; CLK50MHZ     ; CLK50MHZ    ; 0.000        ; 0.055      ; 0.704      ;
; 0.507 ; CLOCK:inst|clk50MHz_count[20] ; CLOCK:inst|clk50MHz_count[20] ; CLK50MHZ     ; CLK50MHZ    ; 0.000        ; 0.054      ; 0.705      ;
; 0.510 ; CLOCK:inst|clk50MHz_count[11] ; CLOCK:inst|clk50MHz_count[11] ; CLK50MHZ     ; CLK50MHZ    ; 0.000        ; 0.055      ; 0.709      ;
; 0.512 ; CLOCK:inst|clk50MHz_count[15] ; CLOCK:inst|clk50MHz_count[15] ; CLK50MHZ     ; CLK50MHZ    ; 0.000        ; 0.054      ; 0.710      ;
; 0.513 ; CLOCK:inst|clk50MHz_count[17] ; CLOCK:inst|clk50MHz_count[17] ; CLK50MHZ     ; CLK50MHZ    ; 0.000        ; 0.054      ; 0.711      ;
; 0.514 ; CLOCK:inst|clk50MHz_count[5]  ; CLOCK:inst|clk50MHz_count[5]  ; CLK50MHZ     ; CLK50MHZ    ; 0.000        ; 0.055      ; 0.713      ;
; 0.517 ; CLOCK:inst|clk50MHz_count[16] ; CLOCK:inst|clk50MHz_count[16] ; CLK50MHZ     ; CLK50MHZ    ; 0.000        ; 0.054      ; 0.715      ;
; 0.518 ; CLOCK:inst|clk50MHz_count[22] ; CLOCK:inst|clk50MHz_count[22] ; CLK50MHZ     ; CLK50MHZ    ; 0.000        ; 0.054      ; 0.716      ;
; 0.520 ; CLOCK:inst|clk50MHz_count[0]  ; CLOCK:inst|clk50MHz_count[0]  ; CLK50MHZ     ; CLK50MHZ    ; 0.000        ; 0.055      ; 0.719      ;
; 0.743 ; CLOCK:inst|clk50MHz_count[9]  ; CLOCK:inst|clk50MHz_count[10] ; CLK50MHZ     ; CLK50MHZ    ; 0.000        ; 0.055      ; 0.942      ;
; 0.744 ; CLOCK:inst|clk50MHz_count[7]  ; CLOCK:inst|clk50MHz_count[8]  ; CLK50MHZ     ; CLK50MHZ    ; 0.000        ; 0.055      ; 0.943      ;
; 0.745 ; CLOCK:inst|clk50MHz_count[1]  ; CLOCK:inst|clk50MHz_count[2]  ; CLK50MHZ     ; CLK50MHZ    ; 0.000        ; 0.055      ; 0.944      ;
; 0.746 ; CLOCK:inst|clk50MHz_count[23] ; CLOCK:inst|clk50MHz_count[24] ; CLK50MHZ     ; CLK50MHZ    ; 0.000        ; 0.054      ; 0.944      ;
; 0.746 ; CLOCK:inst|clk50MHz_count[13] ; CLOCK:inst|clk50MHz_count[14] ; CLK50MHZ     ; CLK50MHZ    ; 0.000        ; 0.054      ; 0.944      ;
; 0.747 ; CLOCK:inst|clk50MHz_count[3]  ; CLOCK:inst|clk50MHz_count[4]  ; CLK50MHZ     ; CLK50MHZ    ; 0.000        ; 0.055      ; 0.946      ;
; 0.749 ; CLOCK:inst|clk50MHz_count[19] ; CLOCK:inst|clk50MHz_count[20] ; CLK50MHZ     ; CLK50MHZ    ; 0.000        ; 0.054      ; 0.947      ;
; 0.749 ; CLOCK:inst|clk50MHz_count[21] ; CLOCK:inst|clk50MHz_count[22] ; CLK50MHZ     ; CLK50MHZ    ; 0.000        ; 0.054      ; 0.947      ;
; 0.750 ; CLOCK:inst|clk50MHz_count[2]  ; CLOCK:inst|clk50MHz_count[3]  ; CLK50MHZ     ; CLK50MHZ    ; 0.000        ; 0.055      ; 0.949      ;
; 0.752 ; CLOCK:inst|clk50MHz_count[11] ; CLOCK:inst|clk50MHz_count[12] ; CLK50MHZ     ; CLK50MHZ    ; 0.000        ; 0.057      ; 0.953      ;
; 0.752 ; CLOCK:inst|clk50MHz_count[8]  ; CLOCK:inst|clk50MHz_count[9]  ; CLK50MHZ     ; CLK50MHZ    ; 0.000        ; 0.055      ; 0.951      ;
; 0.752 ; CLOCK:inst|clk50MHz_count[12] ; CLOCK:inst|clk50MHz_count[13] ; CLK50MHZ     ; CLK50MHZ    ; 0.000        ; 0.054      ; 0.950      ;
; 0.752 ; CLOCK:inst|clk50MHz_count[18] ; CLOCK:inst|clk50MHz_count[19] ; CLK50MHZ     ; CLK50MHZ    ; 0.000        ; 0.054      ; 0.950      ;
; 0.753 ; CLOCK:inst|clk50MHz_count[0]  ; CLOCK:inst|clk50MHz_count[1]  ; CLK50MHZ     ; CLK50MHZ    ; 0.000        ; 0.055      ; 0.952      ;
; 0.753 ; CLOCK:inst|clk50MHz_count[10] ; CLOCK:inst|clk50MHz_count[11] ; CLK50MHZ     ; CLK50MHZ    ; 0.000        ; 0.055      ; 0.952      ;
; 0.753 ; CLOCK:inst|clk50MHz_count[4]  ; CLOCK:inst|clk50MHz_count[5]  ; CLK50MHZ     ; CLK50MHZ    ; 0.000        ; 0.055      ; 0.952      ;
; 0.753 ; CLOCK:inst|clk50MHz_count[14] ; CLOCK:inst|clk50MHz_count[15] ; CLK50MHZ     ; CLK50MHZ    ; 0.000        ; 0.054      ; 0.951      ;
; 0.754 ; CLOCK:inst|clk50MHz_count[6]  ; CLOCK:inst|clk50MHz_count[7]  ; CLK50MHZ     ; CLK50MHZ    ; 0.000        ; 0.055      ; 0.953      ;
; 0.756 ; CLOCK:inst|clk50MHz_count[15] ; CLOCK:inst|clk50MHz_count[16] ; CLK50MHZ     ; CLK50MHZ    ; 0.000        ; 0.054      ; 0.954      ;
; 0.756 ; CLOCK:inst|clk50MHz_count[20] ; CLOCK:inst|clk50MHz_count[21] ; CLK50MHZ     ; CLK50MHZ    ; 0.000        ; 0.054      ; 0.954      ;
; 0.757 ; CLOCK:inst|clk50MHz_count[2]  ; CLOCK:inst|clk50MHz_count[4]  ; CLK50MHZ     ; CLK50MHZ    ; 0.000        ; 0.055      ; 0.956      ;
; 0.757 ; CLOCK:inst|clk50MHz_count[17] ; CLOCK:inst|clk50MHz_count[18] ; CLK50MHZ     ; CLK50MHZ    ; 0.000        ; 0.054      ; 0.955      ;
; 0.758 ; CLOCK:inst|clk50MHz_count[10] ; CLOCK:inst|clk50MHz_count[12] ; CLK50MHZ     ; CLK50MHZ    ; 0.000        ; 0.057      ; 0.959      ;
; 0.759 ; CLOCK:inst|clk50MHz_count[5]  ; CLOCK:inst|clk50MHz_count[6]  ; CLK50MHZ     ; CLK50MHZ    ; 0.000        ; 0.055      ; 0.958      ;
; 0.759 ; CLOCK:inst|clk50MHz_count[8]  ; CLOCK:inst|clk50MHz_count[10] ; CLK50MHZ     ; CLK50MHZ    ; 0.000        ; 0.055      ; 0.958      ;
; 0.759 ; CLOCK:inst|clk50MHz_count[12] ; CLOCK:inst|clk50MHz_count[14] ; CLK50MHZ     ; CLK50MHZ    ; 0.000        ; 0.054      ; 0.957      ;
; 0.759 ; CLOCK:inst|clk50MHz_count[18] ; CLOCK:inst|clk50MHz_count[20] ; CLK50MHZ     ; CLK50MHZ    ; 0.000        ; 0.054      ; 0.957      ;
; 0.760 ; CLOCK:inst|clk50MHz_count[0]  ; CLOCK:inst|clk50MHz_count[2]  ; CLK50MHZ     ; CLK50MHZ    ; 0.000        ; 0.055      ; 0.959      ;
; 0.760 ; CLOCK:inst|clk50MHz_count[4]  ; CLOCK:inst|clk50MHz_count[6]  ; CLK50MHZ     ; CLK50MHZ    ; 0.000        ; 0.055      ; 0.959      ;
; 0.760 ; CLOCK:inst|clk50MHz_count[14] ; CLOCK:inst|clk50MHz_count[16] ; CLK50MHZ     ; CLK50MHZ    ; 0.000        ; 0.054      ; 0.958      ;
; 0.761 ; CLOCK:inst|clk50MHz_count[6]  ; CLOCK:inst|clk50MHz_count[8]  ; CLK50MHZ     ; CLK50MHZ    ; 0.000        ; 0.055      ; 0.960      ;
; 0.763 ; CLOCK:inst|clk50MHz_count[20] ; CLOCK:inst|clk50MHz_count[22] ; CLK50MHZ     ; CLK50MHZ    ; 0.000        ; 0.054      ; 0.961      ;
; 0.766 ; CLOCK:inst|clk50MHz_count[16] ; CLOCK:inst|clk50MHz_count[17] ; CLK50MHZ     ; CLK50MHZ    ; 0.000        ; 0.054      ; 0.964      ;
; 0.767 ; CLOCK:inst|clk50MHz_count[22] ; CLOCK:inst|clk50MHz_count[23] ; CLK50MHZ     ; CLK50MHZ    ; 0.000        ; 0.054      ; 0.965      ;
; 0.773 ; CLOCK:inst|clk50MHz_count[16] ; CLOCK:inst|clk50MHz_count[18] ; CLK50MHZ     ; CLK50MHZ    ; 0.000        ; 0.054      ; 0.971      ;
; 0.774 ; CLOCK:inst|clk50MHz_count[22] ; CLOCK:inst|clk50MHz_count[24] ; CLK50MHZ     ; CLK50MHZ    ; 0.000        ; 0.054      ; 0.972      ;
; 0.832 ; CLOCK:inst|clk50MHz_count[9]  ; CLOCK:inst|clk50MHz_count[11] ; CLK50MHZ     ; CLK50MHZ    ; 0.000        ; 0.055      ; 1.031      ;
; 0.833 ; CLOCK:inst|clk50MHz_count[7]  ; CLOCK:inst|clk50MHz_count[9]  ; CLK50MHZ     ; CLK50MHZ    ; 0.000        ; 0.055      ; 1.032      ;
; 0.834 ; CLOCK:inst|clk50MHz_count[1]  ; CLOCK:inst|clk50MHz_count[3]  ; CLK50MHZ     ; CLK50MHZ    ; 0.000        ; 0.055      ; 1.033      ;
; 0.835 ; CLOCK:inst|clk50MHz_count[13] ; CLOCK:inst|clk50MHz_count[15] ; CLK50MHZ     ; CLK50MHZ    ; 0.000        ; 0.054      ; 1.033      ;
; 0.836 ; CLOCK:inst|clk50MHz_count[3]  ; CLOCK:inst|clk50MHz_count[5]  ; CLK50MHZ     ; CLK50MHZ    ; 0.000        ; 0.055      ; 1.035      ;
; 0.837 ; CLOCK:inst|clk50MHz_count[9]  ; CLOCK:inst|clk50MHz_count[12] ; CLK50MHZ     ; CLK50MHZ    ; 0.000        ; 0.057      ; 1.038      ;
; 0.838 ; CLOCK:inst|clk50MHz_count[19] ; CLOCK:inst|clk50MHz_count[21] ; CLK50MHZ     ; CLK50MHZ    ; 0.000        ; 0.054      ; 1.036      ;
; 0.838 ; CLOCK:inst|clk50MHz_count[21] ; CLOCK:inst|clk50MHz_count[23] ; CLK50MHZ     ; CLK50MHZ    ; 0.000        ; 0.054      ; 1.036      ;
; 0.840 ; CLOCK:inst|clk50MHz_count[7]  ; CLOCK:inst|clk50MHz_count[10] ; CLK50MHZ     ; CLK50MHZ    ; 0.000        ; 0.055      ; 1.039      ;
; 0.841 ; CLOCK:inst|clk50MHz_count[11] ; CLOCK:inst|clk50MHz_count[13] ; CLK50MHZ     ; CLK50MHZ    ; 0.000        ; 0.057      ; 1.042      ;
; 0.841 ; CLOCK:inst|clk50MHz_count[1]  ; CLOCK:inst|clk50MHz_count[4]  ; CLK50MHZ     ; CLK50MHZ    ; 0.000        ; 0.055      ; 1.040      ;
; 0.842 ; CLOCK:inst|clk50MHz_count[13] ; CLOCK:inst|clk50MHz_count[16] ; CLK50MHZ     ; CLK50MHZ    ; 0.000        ; 0.054      ; 1.040      ;
; 0.843 ; CLOCK:inst|clk50MHz_count[3]  ; CLOCK:inst|clk50MHz_count[6]  ; CLK50MHZ     ; CLK50MHZ    ; 0.000        ; 0.055      ; 1.042      ;
; 0.845 ; CLOCK:inst|clk50MHz_count[19] ; CLOCK:inst|clk50MHz_count[22] ; CLK50MHZ     ; CLK50MHZ    ; 0.000        ; 0.054      ; 1.043      ;
; 0.845 ; CLOCK:inst|clk50MHz_count[15] ; CLOCK:inst|clk50MHz_count[17] ; CLK50MHZ     ; CLK50MHZ    ; 0.000        ; 0.054      ; 1.043      ;
; 0.845 ; CLOCK:inst|clk50MHz_count[21] ; CLOCK:inst|clk50MHz_count[24] ; CLK50MHZ     ; CLK50MHZ    ; 0.000        ; 0.054      ; 1.043      ;
; 0.846 ; CLOCK:inst|clk50MHz_count[2]  ; CLOCK:inst|clk50MHz_count[5]  ; CLK50MHZ     ; CLK50MHZ    ; 0.000        ; 0.055      ; 1.045      ;
; 0.846 ; CLOCK:inst|clk50MHz_count[17] ; CLOCK:inst|clk50MHz_count[19] ; CLK50MHZ     ; CLK50MHZ    ; 0.000        ; 0.054      ; 1.044      ;
; 0.847 ; CLOCK:inst|clk50MHz_count[10] ; CLOCK:inst|clk50MHz_count[13] ; CLK50MHZ     ; CLK50MHZ    ; 0.000        ; 0.057      ; 1.048      ;
; 0.848 ; CLOCK:inst|clk50MHz_count[11] ; CLOCK:inst|clk50MHz_count[14] ; CLK50MHZ     ; CLK50MHZ    ; 0.000        ; 0.057      ; 1.049      ;
; 0.848 ; CLOCK:inst|clk50MHz_count[5]  ; CLOCK:inst|clk50MHz_count[7]  ; CLK50MHZ     ; CLK50MHZ    ; 0.000        ; 0.055      ; 1.047      ;
; 0.848 ; CLOCK:inst|clk50MHz_count[8]  ; CLOCK:inst|clk50MHz_count[11] ; CLK50MHZ     ; CLK50MHZ    ; 0.000        ; 0.055      ; 1.047      ;
; 0.848 ; CLOCK:inst|clk50MHz_count[12] ; CLOCK:inst|clk50MHz_count[15] ; CLK50MHZ     ; CLK50MHZ    ; 0.000        ; 0.054      ; 1.046      ;
; 0.848 ; CLOCK:inst|clk50MHz_count[18] ; CLOCK:inst|clk50MHz_count[21] ; CLK50MHZ     ; CLK50MHZ    ; 0.000        ; 0.054      ; 1.046      ;
; 0.849 ; CLOCK:inst|clk50MHz_count[0]  ; CLOCK:inst|clk50MHz_count[3]  ; CLK50MHZ     ; CLK50MHZ    ; 0.000        ; 0.055      ; 1.048      ;
; 0.849 ; CLOCK:inst|clk50MHz_count[4]  ; CLOCK:inst|clk50MHz_count[7]  ; CLK50MHZ     ; CLK50MHZ    ; 0.000        ; 0.055      ; 1.048      ;
; 0.849 ; CLOCK:inst|clk50MHz_count[14] ; CLOCK:inst|clk50MHz_count[17] ; CLK50MHZ     ; CLK50MHZ    ; 0.000        ; 0.054      ; 1.047      ;
; 0.850 ; CLOCK:inst|clk50MHz_count[6]  ; CLOCK:inst|clk50MHz_count[9]  ; CLK50MHZ     ; CLK50MHZ    ; 0.000        ; 0.055      ; 1.049      ;
; 0.852 ; CLOCK:inst|clk50MHz_count[15] ; CLOCK:inst|clk50MHz_count[18] ; CLK50MHZ     ; CLK50MHZ    ; 0.000        ; 0.054      ; 1.050      ;
; 0.852 ; CLOCK:inst|clk50MHz_count[20] ; CLOCK:inst|clk50MHz_count[23] ; CLK50MHZ     ; CLK50MHZ    ; 0.000        ; 0.054      ; 1.050      ;
; 0.853 ; CLOCK:inst|clk50MHz_count[8]  ; CLOCK:inst|clk50MHz_count[12] ; CLK50MHZ     ; CLK50MHZ    ; 0.000        ; 0.057      ; 1.054      ;
; 0.853 ; CLOCK:inst|clk50MHz_count[2]  ; CLOCK:inst|clk50MHz_count[6]  ; CLK50MHZ     ; CLK50MHZ    ; 0.000        ; 0.055      ; 1.052      ;
; 0.853 ; CLOCK:inst|clk50MHz_count[17] ; CLOCK:inst|clk50MHz_count[20] ; CLK50MHZ     ; CLK50MHZ    ; 0.000        ; 0.054      ; 1.051      ;
; 0.854 ; CLOCK:inst|clk50MHz_count[10] ; CLOCK:inst|clk50MHz_count[14] ; CLK50MHZ     ; CLK50MHZ    ; 0.000        ; 0.057      ; 1.055      ;
; 0.855 ; CLOCK:inst|clk50MHz_count[5]  ; CLOCK:inst|clk50MHz_count[8]  ; CLK50MHZ     ; CLK50MHZ    ; 0.000        ; 0.055      ; 1.054      ;
; 0.855 ; CLOCK:inst|clk50MHz_count[12] ; CLOCK:inst|clk50MHz_count[16] ; CLK50MHZ     ; CLK50MHZ    ; 0.000        ; 0.054      ; 1.053      ;
; 0.855 ; CLOCK:inst|clk50MHz_count[18] ; CLOCK:inst|clk50MHz_count[22] ; CLK50MHZ     ; CLK50MHZ    ; 0.000        ; 0.054      ; 1.053      ;
; 0.856 ; CLOCK:inst|clk50MHz_count[0]  ; CLOCK:inst|clk50MHz_count[4]  ; CLK50MHZ     ; CLK50MHZ    ; 0.000        ; 0.055      ; 1.055      ;
+-------+-------------------------------+-------------------------------+--------------+-------------+--------------+------------+------------+


+--------------------------------------------------------------------------------------------------------------------+
; Slow 1200mV 0C Model Minimum Pulse Width: 'CLK50MHZ'                                                               ;
+--------+--------------+----------------+------------------+----------+------------+--------------------------------+
; Slack  ; Actual Width ; Required Width ; Type             ; Clock    ; Clock Edge ; Target                         ;
+--------+--------------+----------------+------------------+----------+------------+--------------------------------+
; 9.652  ; 9.836        ; 0.184          ; Low Pulse Width  ; CLK50MHZ ; Rise       ; CLOCK:inst|clk                 ;
; 9.683  ; 9.867        ; 0.184          ; Low Pulse Width  ; CLK50MHZ ; Rise       ; CLOCK:inst|clk50MHz_count[12]  ;
; 9.683  ; 9.867        ; 0.184          ; Low Pulse Width  ; CLK50MHZ ; Rise       ; CLOCK:inst|clk50MHz_count[13]  ;
; 9.683  ; 9.867        ; 0.184          ; Low Pulse Width  ; CLK50MHZ ; Rise       ; CLOCK:inst|clk50MHz_count[14]  ;
; 9.683  ; 9.867        ; 0.184          ; Low Pulse Width  ; CLK50MHZ ; Rise       ; CLOCK:inst|clk50MHz_count[15]  ;
; 9.683  ; 9.867        ; 0.184          ; Low Pulse Width  ; CLK50MHZ ; Rise       ; CLOCK:inst|clk50MHz_count[16]  ;
; 9.683  ; 9.867        ; 0.184          ; Low Pulse Width  ; CLK50MHZ ; Rise       ; CLOCK:inst|clk50MHz_count[17]  ;
; 9.683  ; 9.867        ; 0.184          ; Low Pulse Width  ; CLK50MHZ ; Rise       ; CLOCK:inst|clk50MHz_count[18]  ;
; 9.683  ; 9.867        ; 0.184          ; Low Pulse Width  ; CLK50MHZ ; Rise       ; CLOCK:inst|clk50MHz_count[19]  ;
; 9.683  ; 9.867        ; 0.184          ; Low Pulse Width  ; CLK50MHZ ; Rise       ; CLOCK:inst|clk50MHz_count[20]  ;
; 9.683  ; 9.867        ; 0.184          ; Low Pulse Width  ; CLK50MHZ ; Rise       ; CLOCK:inst|clk50MHz_count[21]  ;
; 9.683  ; 9.867        ; 0.184          ; Low Pulse Width  ; CLK50MHZ ; Rise       ; CLOCK:inst|clk50MHz_count[22]  ;
; 9.683  ; 9.867        ; 0.184          ; Low Pulse Width  ; CLK50MHZ ; Rise       ; CLOCK:inst|clk50MHz_count[23]  ;
; 9.683  ; 9.867        ; 0.184          ; Low Pulse Width  ; CLK50MHZ ; Rise       ; CLOCK:inst|clk50MHz_count[24]  ;
; 9.685  ; 9.869        ; 0.184          ; Low Pulse Width  ; CLK50MHZ ; Rise       ; CLOCK:inst|clk50MHz_count[0]   ;
; 9.685  ; 9.869        ; 0.184          ; Low Pulse Width  ; CLK50MHZ ; Rise       ; CLOCK:inst|clk50MHz_count[10]  ;
; 9.685  ; 9.869        ; 0.184          ; Low Pulse Width  ; CLK50MHZ ; Rise       ; CLOCK:inst|clk50MHz_count[11]  ;
; 9.685  ; 9.869        ; 0.184          ; Low Pulse Width  ; CLK50MHZ ; Rise       ; CLOCK:inst|clk50MHz_count[1]   ;
; 9.685  ; 9.869        ; 0.184          ; Low Pulse Width  ; CLK50MHZ ; Rise       ; CLOCK:inst|clk50MHz_count[2]   ;
; 9.685  ; 9.869        ; 0.184          ; Low Pulse Width  ; CLK50MHZ ; Rise       ; CLOCK:inst|clk50MHz_count[3]   ;
; 9.685  ; 9.869        ; 0.184          ; Low Pulse Width  ; CLK50MHZ ; Rise       ; CLOCK:inst|clk50MHz_count[4]   ;
; 9.685  ; 9.869        ; 0.184          ; Low Pulse Width  ; CLK50MHZ ; Rise       ; CLOCK:inst|clk50MHz_count[5]   ;
; 9.685  ; 9.869        ; 0.184          ; Low Pulse Width  ; CLK50MHZ ; Rise       ; CLOCK:inst|clk50MHz_count[6]   ;
; 9.685  ; 9.869        ; 0.184          ; Low Pulse Width  ; CLK50MHZ ; Rise       ; CLOCK:inst|clk50MHz_count[7]   ;
; 9.685  ; 9.869        ; 0.184          ; Low Pulse Width  ; CLK50MHZ ; Rise       ; CLOCK:inst|clk50MHz_count[8]   ;
; 9.685  ; 9.869        ; 0.184          ; Low Pulse Width  ; CLK50MHZ ; Rise       ; CLOCK:inst|clk50MHz_count[9]   ;
; 9.812  ; 9.812        ; 0.000          ; Low Pulse Width  ; CLK50MHZ ; Rise       ; inst|clk|clk                   ;
; 9.839  ; 9.839        ; 0.000          ; Low Pulse Width  ; CLK50MHZ ; Rise       ; clk50MHZ~input|o               ;
; 9.843  ; 9.843        ; 0.000          ; Low Pulse Width  ; CLK50MHZ ; Rise       ; inst|clk50MHz_count[12]|clk    ;
; 9.843  ; 9.843        ; 0.000          ; Low Pulse Width  ; CLK50MHZ ; Rise       ; inst|clk50MHz_count[13]|clk    ;
; 9.843  ; 9.843        ; 0.000          ; Low Pulse Width  ; CLK50MHZ ; Rise       ; inst|clk50MHz_count[14]|clk    ;
; 9.843  ; 9.843        ; 0.000          ; Low Pulse Width  ; CLK50MHZ ; Rise       ; inst|clk50MHz_count[15]|clk    ;
; 9.843  ; 9.843        ; 0.000          ; Low Pulse Width  ; CLK50MHZ ; Rise       ; inst|clk50MHz_count[16]|clk    ;
; 9.843  ; 9.843        ; 0.000          ; Low Pulse Width  ; CLK50MHZ ; Rise       ; inst|clk50MHz_count[17]|clk    ;
; 9.843  ; 9.843        ; 0.000          ; Low Pulse Width  ; CLK50MHZ ; Rise       ; inst|clk50MHz_count[18]|clk    ;
; 9.843  ; 9.843        ; 0.000          ; Low Pulse Width  ; CLK50MHZ ; Rise       ; inst|clk50MHz_count[19]|clk    ;
; 9.843  ; 9.843        ; 0.000          ; Low Pulse Width  ; CLK50MHZ ; Rise       ; inst|clk50MHz_count[20]|clk    ;
; 9.843  ; 9.843        ; 0.000          ; Low Pulse Width  ; CLK50MHZ ; Rise       ; inst|clk50MHz_count[21]|clk    ;
; 9.843  ; 9.843        ; 0.000          ; Low Pulse Width  ; CLK50MHZ ; Rise       ; inst|clk50MHz_count[22]|clk    ;
; 9.843  ; 9.843        ; 0.000          ; Low Pulse Width  ; CLK50MHZ ; Rise       ; inst|clk50MHz_count[23]|clk    ;
; 9.843  ; 9.843        ; 0.000          ; Low Pulse Width  ; CLK50MHZ ; Rise       ; inst|clk50MHz_count[24]|clk    ;
; 9.845  ; 9.845        ; 0.000          ; Low Pulse Width  ; CLK50MHZ ; Rise       ; inst|clk50MHz_count[0]|clk     ;
; 9.845  ; 9.845        ; 0.000          ; Low Pulse Width  ; CLK50MHZ ; Rise       ; inst|clk50MHz_count[10]|clk    ;
; 9.845  ; 9.845        ; 0.000          ; Low Pulse Width  ; CLK50MHZ ; Rise       ; inst|clk50MHz_count[11]|clk    ;
; 9.845  ; 9.845        ; 0.000          ; Low Pulse Width  ; CLK50MHZ ; Rise       ; inst|clk50MHz_count[1]|clk     ;
; 9.845  ; 9.845        ; 0.000          ; Low Pulse Width  ; CLK50MHZ ; Rise       ; inst|clk50MHz_count[2]|clk     ;
; 9.845  ; 9.845        ; 0.000          ; Low Pulse Width  ; CLK50MHZ ; Rise       ; inst|clk50MHz_count[3]|clk     ;
; 9.845  ; 9.845        ; 0.000          ; Low Pulse Width  ; CLK50MHZ ; Rise       ; inst|clk50MHz_count[4]|clk     ;
; 9.845  ; 9.845        ; 0.000          ; Low Pulse Width  ; CLK50MHZ ; Rise       ; inst|clk50MHz_count[5]|clk     ;
; 9.845  ; 9.845        ; 0.000          ; Low Pulse Width  ; CLK50MHZ ; Rise       ; inst|clk50MHz_count[6]|clk     ;
; 9.845  ; 9.845        ; 0.000          ; Low Pulse Width  ; CLK50MHZ ; Rise       ; inst|clk50MHz_count[7]|clk     ;
; 9.845  ; 9.845        ; 0.000          ; Low Pulse Width  ; CLK50MHZ ; Rise       ; inst|clk50MHz_count[8]|clk     ;
; 9.845  ; 9.845        ; 0.000          ; Low Pulse Width  ; CLK50MHZ ; Rise       ; inst|clk50MHz_count[9]|clk     ;
; 9.848  ; 9.848        ; 0.000          ; Low Pulse Width  ; CLK50MHZ ; Rise       ; clk50MHZ~inputclkctrl|inclk[0] ;
; 9.848  ; 9.848        ; 0.000          ; Low Pulse Width  ; CLK50MHZ ; Rise       ; clk50MHZ~inputclkctrl|outclk   ;
; 9.914  ; 10.130       ; 0.216          ; High Pulse Width ; CLK50MHZ ; Rise       ; CLOCK:inst|clk50MHz_count[0]   ;
; 9.914  ; 10.130       ; 0.216          ; High Pulse Width ; CLK50MHZ ; Rise       ; CLOCK:inst|clk50MHz_count[10]  ;
; 9.914  ; 10.130       ; 0.216          ; High Pulse Width ; CLK50MHZ ; Rise       ; CLOCK:inst|clk50MHz_count[11]  ;
; 9.914  ; 10.130       ; 0.216          ; High Pulse Width ; CLK50MHZ ; Rise       ; CLOCK:inst|clk50MHz_count[1]   ;
; 9.914  ; 10.130       ; 0.216          ; High Pulse Width ; CLK50MHZ ; Rise       ; CLOCK:inst|clk50MHz_count[2]   ;
; 9.914  ; 10.130       ; 0.216          ; High Pulse Width ; CLK50MHZ ; Rise       ; CLOCK:inst|clk50MHz_count[3]   ;
; 9.914  ; 10.130       ; 0.216          ; High Pulse Width ; CLK50MHZ ; Rise       ; CLOCK:inst|clk50MHz_count[4]   ;
; 9.914  ; 10.130       ; 0.216          ; High Pulse Width ; CLK50MHZ ; Rise       ; CLOCK:inst|clk50MHz_count[5]   ;
; 9.914  ; 10.130       ; 0.216          ; High Pulse Width ; CLK50MHZ ; Rise       ; CLOCK:inst|clk50MHz_count[6]   ;
; 9.914  ; 10.130       ; 0.216          ; High Pulse Width ; CLK50MHZ ; Rise       ; CLOCK:inst|clk50MHz_count[7]   ;
; 9.914  ; 10.130       ; 0.216          ; High Pulse Width ; CLK50MHZ ; Rise       ; CLOCK:inst|clk50MHz_count[8]   ;
; 9.914  ; 10.130       ; 0.216          ; High Pulse Width ; CLK50MHZ ; Rise       ; CLOCK:inst|clk50MHz_count[9]   ;
; 9.916  ; 10.132       ; 0.216          ; High Pulse Width ; CLK50MHZ ; Rise       ; CLOCK:inst|clk50MHz_count[12]  ;
; 9.916  ; 10.132       ; 0.216          ; High Pulse Width ; CLK50MHZ ; Rise       ; CLOCK:inst|clk50MHz_count[13]  ;
; 9.916  ; 10.132       ; 0.216          ; High Pulse Width ; CLK50MHZ ; Rise       ; CLOCK:inst|clk50MHz_count[14]  ;
; 9.916  ; 10.132       ; 0.216          ; High Pulse Width ; CLK50MHZ ; Rise       ; CLOCK:inst|clk50MHz_count[15]  ;
; 9.916  ; 10.132       ; 0.216          ; High Pulse Width ; CLK50MHZ ; Rise       ; CLOCK:inst|clk50MHz_count[16]  ;
; 9.916  ; 10.132       ; 0.216          ; High Pulse Width ; CLK50MHZ ; Rise       ; CLOCK:inst|clk50MHz_count[17]  ;
; 9.916  ; 10.132       ; 0.216          ; High Pulse Width ; CLK50MHZ ; Rise       ; CLOCK:inst|clk50MHz_count[18]  ;
; 9.916  ; 10.132       ; 0.216          ; High Pulse Width ; CLK50MHZ ; Rise       ; CLOCK:inst|clk50MHz_count[19]  ;
; 9.916  ; 10.132       ; 0.216          ; High Pulse Width ; CLK50MHZ ; Rise       ; CLOCK:inst|clk50MHz_count[20]  ;
; 9.916  ; 10.132       ; 0.216          ; High Pulse Width ; CLK50MHZ ; Rise       ; CLOCK:inst|clk50MHz_count[21]  ;
; 9.916  ; 10.132       ; 0.216          ; High Pulse Width ; CLK50MHZ ; Rise       ; CLOCK:inst|clk50MHz_count[22]  ;
; 9.916  ; 10.132       ; 0.216          ; High Pulse Width ; CLK50MHZ ; Rise       ; CLOCK:inst|clk50MHz_count[23]  ;
; 9.916  ; 10.132       ; 0.216          ; High Pulse Width ; CLK50MHZ ; Rise       ; CLOCK:inst|clk50MHz_count[24]  ;
; 9.946  ; 10.162       ; 0.216          ; High Pulse Width ; CLK50MHZ ; Rise       ; CLOCK:inst|clk                 ;
; 10.000 ; 10.000       ; 0.000          ; High Pulse Width ; CLK50MHZ ; Rise       ; clk50MHZ~input|i               ;
; 10.000 ; 10.000       ; 0.000          ; Low Pulse Width  ; CLK50MHZ ; Rise       ; clk50MHZ~input|i               ;
; 10.151 ; 10.151       ; 0.000          ; High Pulse Width ; CLK50MHZ ; Rise       ; clk50MHZ~inputclkctrl|inclk[0] ;
; 10.151 ; 10.151       ; 0.000          ; High Pulse Width ; CLK50MHZ ; Rise       ; clk50MHZ~inputclkctrl|outclk   ;
; 10.154 ; 10.154       ; 0.000          ; High Pulse Width ; CLK50MHZ ; Rise       ; inst|clk50MHz_count[0]|clk     ;
; 10.154 ; 10.154       ; 0.000          ; High Pulse Width ; CLK50MHZ ; Rise       ; inst|clk50MHz_count[10]|clk    ;
; 10.154 ; 10.154       ; 0.000          ; High Pulse Width ; CLK50MHZ ; Rise       ; inst|clk50MHz_count[11]|clk    ;
; 10.154 ; 10.154       ; 0.000          ; High Pulse Width ; CLK50MHZ ; Rise       ; inst|clk50MHz_count[1]|clk     ;
; 10.154 ; 10.154       ; 0.000          ; High Pulse Width ; CLK50MHZ ; Rise       ; inst|clk50MHz_count[2]|clk     ;
; 10.154 ; 10.154       ; 0.000          ; High Pulse Width ; CLK50MHZ ; Rise       ; inst|clk50MHz_count[3]|clk     ;
; 10.154 ; 10.154       ; 0.000          ; High Pulse Width ; CLK50MHZ ; Rise       ; inst|clk50MHz_count[4]|clk     ;
; 10.154 ; 10.154       ; 0.000          ; High Pulse Width ; CLK50MHZ ; Rise       ; inst|clk50MHz_count[5]|clk     ;
; 10.154 ; 10.154       ; 0.000          ; High Pulse Width ; CLK50MHZ ; Rise       ; inst|clk50MHz_count[6]|clk     ;
; 10.154 ; 10.154       ; 0.000          ; High Pulse Width ; CLK50MHZ ; Rise       ; inst|clk50MHz_count[7]|clk     ;
; 10.154 ; 10.154       ; 0.000          ; High Pulse Width ; CLK50MHZ ; Rise       ; inst|clk50MHz_count[8]|clk     ;
; 10.154 ; 10.154       ; 0.000          ; High Pulse Width ; CLK50MHZ ; Rise       ; inst|clk50MHz_count[9]|clk     ;
; 10.156 ; 10.156       ; 0.000          ; High Pulse Width ; CLK50MHZ ; Rise       ; inst|clk50MHz_count[12]|clk    ;
; 10.156 ; 10.156       ; 0.000          ; High Pulse Width ; CLK50MHZ ; Rise       ; inst|clk50MHz_count[13]|clk    ;
; 10.156 ; 10.156       ; 0.000          ; High Pulse Width ; CLK50MHZ ; Rise       ; inst|clk50MHz_count[14]|clk    ;
+--------+--------------+----------------+------------------+----------+------------+--------------------------------+


-----------------------------------------
; Slow 1200mV 0C Model Datasheet Report ;
-----------------------------------------
Nothing to report.


---------------------------------------------
; Slow 1200mV 0C Model Metastability Report ;
---------------------------------------------
No synchronizer chains to report.


+------------------------------------+
; Fast 1200mV 0C Model Setup Summary ;
+----------+--------+----------------+
; Clock    ; Slack  ; End Point TNS  ;
+----------+--------+----------------+
; CLK50MHZ ; 16.997 ; 0.000          ;
+----------+--------+----------------+


+-----------------------------------+
; Fast 1200mV 0C Model Hold Summary ;
+----------+-------+----------------+
; Clock    ; Slack ; End Point TNS  ;
+----------+-------+----------------+
; CLK50MHZ ; 0.199 ; 0.000          ;
+----------+-------+----------------+


-----------------------------------------
; Fast 1200mV 0C Model Recovery Summary ;
-----------------------------------------
No paths to report.


----------------------------------------
; Fast 1200mV 0C Model Removal Summary ;
----------------------------------------
No paths to report.


+--------------------------------------------------+
; Fast 1200mV 0C Model Minimum Pulse Width Summary ;
+----------+-------+-------------------------------+
; Clock    ; Slack ; End Point TNS                 ;
+----------+-------+-------------------------------+
; CLK50MHZ ; 9.444 ; 0.000                         ;
+----------+-------+-------------------------------+


+----------------------------------------------------------------------------------------------------------------------------------------------+
; Fast 1200mV 0C Model Setup: 'CLK50MHZ'                                                                                                       ;
+--------+-------------------------------+-------------------------------+--------------+-------------+--------------+------------+------------+
; Slack  ; From Node                     ; To Node                       ; Launch Clock ; Latch Clock ; Relationship ; Clock Skew ; Data Delay ;
+--------+-------------------------------+-------------------------------+--------------+-------------+--------------+------------+------------+
; 16.997 ; CLOCK:inst|clk50MHz_count[11] ; CLOCK:inst|clk                ; CLK50MHZ     ; CLK50MHZ    ; 20.000       ; -0.076     ; 2.914      ;
; 17.176 ; CLOCK:inst|clk50MHz_count[18] ; CLOCK:inst|clk                ; CLK50MHZ     ; CLK50MHZ    ; 20.000       ; -0.070     ; 2.741      ;
; 17.176 ; CLOCK:inst|clk50MHz_count[21] ; CLOCK:inst|clk                ; CLK50MHZ     ; CLK50MHZ    ; 20.000       ; -0.070     ; 2.741      ;
; 17.230 ; CLOCK:inst|clk50MHz_count[13] ; CLOCK:inst|clk                ; CLK50MHZ     ; CLK50MHZ    ; 20.000       ; -0.070     ; 2.687      ;
; 17.247 ; CLOCK:inst|clk50MHz_count[19] ; CLOCK:inst|clk                ; CLK50MHZ     ; CLK50MHZ    ; 20.000       ; -0.070     ; 2.670      ;
; 17.257 ; CLOCK:inst|clk50MHz_count[1]  ; CLOCK:inst|clk                ; CLK50MHZ     ; CLK50MHZ    ; 20.000       ; -0.076     ; 2.654      ;
; 17.257 ; CLOCK:inst|clk50MHz_count[3]  ; CLOCK:inst|clk                ; CLK50MHZ     ; CLK50MHZ    ; 20.000       ; -0.076     ; 2.654      ;
; 17.292 ; CLOCK:inst|clk50MHz_count[11] ; CLOCK:inst|clk50MHz_count[11] ; CLK50MHZ     ; CLK50MHZ    ; 20.000       ; -0.035     ; 2.660      ;
; 17.292 ; CLOCK:inst|clk50MHz_count[11] ; CLOCK:inst|clk50MHz_count[0]  ; CLK50MHZ     ; CLK50MHZ    ; 20.000       ; -0.035     ; 2.660      ;
; 17.292 ; CLOCK:inst|clk50MHz_count[11] ; CLOCK:inst|clk50MHz_count[1]  ; CLK50MHZ     ; CLK50MHZ    ; 20.000       ; -0.035     ; 2.660      ;
; 17.292 ; CLOCK:inst|clk50MHz_count[11] ; CLOCK:inst|clk50MHz_count[2]  ; CLK50MHZ     ; CLK50MHZ    ; 20.000       ; -0.035     ; 2.660      ;
; 17.292 ; CLOCK:inst|clk50MHz_count[11] ; CLOCK:inst|clk50MHz_count[3]  ; CLK50MHZ     ; CLK50MHZ    ; 20.000       ; -0.035     ; 2.660      ;
; 17.292 ; CLOCK:inst|clk50MHz_count[11] ; CLOCK:inst|clk50MHz_count[4]  ; CLK50MHZ     ; CLK50MHZ    ; 20.000       ; -0.035     ; 2.660      ;
; 17.292 ; CLOCK:inst|clk50MHz_count[11] ; CLOCK:inst|clk50MHz_count[5]  ; CLK50MHZ     ; CLK50MHZ    ; 20.000       ; -0.035     ; 2.660      ;
; 17.292 ; CLOCK:inst|clk50MHz_count[11] ; CLOCK:inst|clk50MHz_count[6]  ; CLK50MHZ     ; CLK50MHZ    ; 20.000       ; -0.035     ; 2.660      ;
; 17.292 ; CLOCK:inst|clk50MHz_count[11] ; CLOCK:inst|clk50MHz_count[7]  ; CLK50MHZ     ; CLK50MHZ    ; 20.000       ; -0.035     ; 2.660      ;
; 17.292 ; CLOCK:inst|clk50MHz_count[11] ; CLOCK:inst|clk50MHz_count[8]  ; CLK50MHZ     ; CLK50MHZ    ; 20.000       ; -0.035     ; 2.660      ;
; 17.292 ; CLOCK:inst|clk50MHz_count[11] ; CLOCK:inst|clk50MHz_count[9]  ; CLK50MHZ     ; CLK50MHZ    ; 20.000       ; -0.035     ; 2.660      ;
; 17.292 ; CLOCK:inst|clk50MHz_count[11] ; CLOCK:inst|clk50MHz_count[10] ; CLK50MHZ     ; CLK50MHZ    ; 20.000       ; -0.035     ; 2.660      ;
; 17.300 ; CLOCK:inst|clk50MHz_count[14] ; CLOCK:inst|clk                ; CLK50MHZ     ; CLK50MHZ    ; 20.000       ; -0.070     ; 2.617      ;
; 17.304 ; CLOCK:inst|clk50MHz_count[20] ; CLOCK:inst|clk                ; CLK50MHZ     ; CLK50MHZ    ; 20.000       ; -0.070     ; 2.613      ;
; 17.326 ; CLOCK:inst|clk50MHz_count[7]  ; CLOCK:inst|clk                ; CLK50MHZ     ; CLK50MHZ    ; 20.000       ; -0.076     ; 2.585      ;
; 17.326 ; CLOCK:inst|clk50MHz_count[8]  ; CLOCK:inst|clk                ; CLK50MHZ     ; CLK50MHZ    ; 20.000       ; -0.076     ; 2.585      ;
; 17.327 ; CLOCK:inst|clk50MHz_count[0]  ; CLOCK:inst|clk                ; CLK50MHZ     ; CLK50MHZ    ; 20.000       ; -0.076     ; 2.584      ;
; 17.358 ; CLOCK:inst|clk50MHz_count[12] ; CLOCK:inst|clk                ; CLK50MHZ     ; CLK50MHZ    ; 20.000       ; -0.070     ; 2.559      ;
; 17.385 ; CLOCK:inst|clk50MHz_count[2]  ; CLOCK:inst|clk                ; CLK50MHZ     ; CLK50MHZ    ; 20.000       ; -0.076     ; 2.526      ;
; 17.401 ; CLOCK:inst|clk50MHz_count[4]  ; CLOCK:inst|clk                ; CLK50MHZ     ; CLK50MHZ    ; 20.000       ; -0.076     ; 2.510      ;
; 17.413 ; CLOCK:inst|clk50MHz_count[9]  ; CLOCK:inst|clk                ; CLK50MHZ     ; CLK50MHZ    ; 20.000       ; -0.076     ; 2.498      ;
; 17.420 ; CLOCK:inst|clk50MHz_count[5]  ; CLOCK:inst|clk                ; CLK50MHZ     ; CLK50MHZ    ; 20.000       ; -0.076     ; 2.491      ;
; 17.461 ; CLOCK:inst|clk50MHz_count[18] ; CLOCK:inst|clk50MHz_count[11] ; CLK50MHZ     ; CLK50MHZ    ; 20.000       ; -0.039     ; 2.487      ;
; 17.461 ; CLOCK:inst|clk50MHz_count[18] ; CLOCK:inst|clk50MHz_count[0]  ; CLK50MHZ     ; CLK50MHZ    ; 20.000       ; -0.039     ; 2.487      ;
; 17.461 ; CLOCK:inst|clk50MHz_count[18] ; CLOCK:inst|clk50MHz_count[1]  ; CLK50MHZ     ; CLK50MHZ    ; 20.000       ; -0.039     ; 2.487      ;
; 17.461 ; CLOCK:inst|clk50MHz_count[18] ; CLOCK:inst|clk50MHz_count[2]  ; CLK50MHZ     ; CLK50MHZ    ; 20.000       ; -0.039     ; 2.487      ;
; 17.461 ; CLOCK:inst|clk50MHz_count[18] ; CLOCK:inst|clk50MHz_count[3]  ; CLK50MHZ     ; CLK50MHZ    ; 20.000       ; -0.039     ; 2.487      ;
; 17.461 ; CLOCK:inst|clk50MHz_count[18] ; CLOCK:inst|clk50MHz_count[4]  ; CLK50MHZ     ; CLK50MHZ    ; 20.000       ; -0.039     ; 2.487      ;
; 17.461 ; CLOCK:inst|clk50MHz_count[18] ; CLOCK:inst|clk50MHz_count[5]  ; CLK50MHZ     ; CLK50MHZ    ; 20.000       ; -0.039     ; 2.487      ;
; 17.461 ; CLOCK:inst|clk50MHz_count[18] ; CLOCK:inst|clk50MHz_count[6]  ; CLK50MHZ     ; CLK50MHZ    ; 20.000       ; -0.039     ; 2.487      ;
; 17.461 ; CLOCK:inst|clk50MHz_count[18] ; CLOCK:inst|clk50MHz_count[7]  ; CLK50MHZ     ; CLK50MHZ    ; 20.000       ; -0.039     ; 2.487      ;
; 17.461 ; CLOCK:inst|clk50MHz_count[18] ; CLOCK:inst|clk50MHz_count[8]  ; CLK50MHZ     ; CLK50MHZ    ; 20.000       ; -0.039     ; 2.487      ;
; 17.461 ; CLOCK:inst|clk50MHz_count[18] ; CLOCK:inst|clk50MHz_count[9]  ; CLK50MHZ     ; CLK50MHZ    ; 20.000       ; -0.039     ; 2.487      ;
; 17.461 ; CLOCK:inst|clk50MHz_count[18] ; CLOCK:inst|clk50MHz_count[10] ; CLK50MHZ     ; CLK50MHZ    ; 20.000       ; -0.039     ; 2.487      ;
; 17.461 ; CLOCK:inst|clk50MHz_count[21] ; CLOCK:inst|clk50MHz_count[11] ; CLK50MHZ     ; CLK50MHZ    ; 20.000       ; -0.039     ; 2.487      ;
; 17.461 ; CLOCK:inst|clk50MHz_count[21] ; CLOCK:inst|clk50MHz_count[0]  ; CLK50MHZ     ; CLK50MHZ    ; 20.000       ; -0.039     ; 2.487      ;
; 17.461 ; CLOCK:inst|clk50MHz_count[21] ; CLOCK:inst|clk50MHz_count[1]  ; CLK50MHZ     ; CLK50MHZ    ; 20.000       ; -0.039     ; 2.487      ;
; 17.461 ; CLOCK:inst|clk50MHz_count[21] ; CLOCK:inst|clk50MHz_count[2]  ; CLK50MHZ     ; CLK50MHZ    ; 20.000       ; -0.039     ; 2.487      ;
; 17.461 ; CLOCK:inst|clk50MHz_count[21] ; CLOCK:inst|clk50MHz_count[3]  ; CLK50MHZ     ; CLK50MHZ    ; 20.000       ; -0.039     ; 2.487      ;
; 17.461 ; CLOCK:inst|clk50MHz_count[21] ; CLOCK:inst|clk50MHz_count[4]  ; CLK50MHZ     ; CLK50MHZ    ; 20.000       ; -0.039     ; 2.487      ;
; 17.461 ; CLOCK:inst|clk50MHz_count[21] ; CLOCK:inst|clk50MHz_count[5]  ; CLK50MHZ     ; CLK50MHZ    ; 20.000       ; -0.039     ; 2.487      ;
; 17.461 ; CLOCK:inst|clk50MHz_count[21] ; CLOCK:inst|clk50MHz_count[6]  ; CLK50MHZ     ; CLK50MHZ    ; 20.000       ; -0.039     ; 2.487      ;
; 17.461 ; CLOCK:inst|clk50MHz_count[21] ; CLOCK:inst|clk50MHz_count[7]  ; CLK50MHZ     ; CLK50MHZ    ; 20.000       ; -0.039     ; 2.487      ;
; 17.461 ; CLOCK:inst|clk50MHz_count[21] ; CLOCK:inst|clk50MHz_count[8]  ; CLK50MHZ     ; CLK50MHZ    ; 20.000       ; -0.039     ; 2.487      ;
; 17.461 ; CLOCK:inst|clk50MHz_count[21] ; CLOCK:inst|clk50MHz_count[9]  ; CLK50MHZ     ; CLK50MHZ    ; 20.000       ; -0.039     ; 2.487      ;
; 17.461 ; CLOCK:inst|clk50MHz_count[21] ; CLOCK:inst|clk50MHz_count[10] ; CLK50MHZ     ; CLK50MHZ    ; 20.000       ; -0.039     ; 2.487      ;
; 17.471 ; CLOCK:inst|clk50MHz_count[6]  ; CLOCK:inst|clk                ; CLK50MHZ     ; CLK50MHZ    ; 20.000       ; -0.076     ; 2.440      ;
; 17.515 ; CLOCK:inst|clk50MHz_count[13] ; CLOCK:inst|clk50MHz_count[11] ; CLK50MHZ     ; CLK50MHZ    ; 20.000       ; -0.039     ; 2.433      ;
; 17.515 ; CLOCK:inst|clk50MHz_count[13] ; CLOCK:inst|clk50MHz_count[0]  ; CLK50MHZ     ; CLK50MHZ    ; 20.000       ; -0.039     ; 2.433      ;
; 17.515 ; CLOCK:inst|clk50MHz_count[13] ; CLOCK:inst|clk50MHz_count[1]  ; CLK50MHZ     ; CLK50MHZ    ; 20.000       ; -0.039     ; 2.433      ;
; 17.515 ; CLOCK:inst|clk50MHz_count[13] ; CLOCK:inst|clk50MHz_count[2]  ; CLK50MHZ     ; CLK50MHZ    ; 20.000       ; -0.039     ; 2.433      ;
; 17.515 ; CLOCK:inst|clk50MHz_count[13] ; CLOCK:inst|clk50MHz_count[3]  ; CLK50MHZ     ; CLK50MHZ    ; 20.000       ; -0.039     ; 2.433      ;
; 17.515 ; CLOCK:inst|clk50MHz_count[13] ; CLOCK:inst|clk50MHz_count[4]  ; CLK50MHZ     ; CLK50MHZ    ; 20.000       ; -0.039     ; 2.433      ;
; 17.515 ; CLOCK:inst|clk50MHz_count[13] ; CLOCK:inst|clk50MHz_count[5]  ; CLK50MHZ     ; CLK50MHZ    ; 20.000       ; -0.039     ; 2.433      ;
; 17.515 ; CLOCK:inst|clk50MHz_count[13] ; CLOCK:inst|clk50MHz_count[6]  ; CLK50MHZ     ; CLK50MHZ    ; 20.000       ; -0.039     ; 2.433      ;
; 17.515 ; CLOCK:inst|clk50MHz_count[13] ; CLOCK:inst|clk50MHz_count[7]  ; CLK50MHZ     ; CLK50MHZ    ; 20.000       ; -0.039     ; 2.433      ;
; 17.515 ; CLOCK:inst|clk50MHz_count[13] ; CLOCK:inst|clk50MHz_count[8]  ; CLK50MHZ     ; CLK50MHZ    ; 20.000       ; -0.039     ; 2.433      ;
; 17.515 ; CLOCK:inst|clk50MHz_count[13] ; CLOCK:inst|clk50MHz_count[9]  ; CLK50MHZ     ; CLK50MHZ    ; 20.000       ; -0.039     ; 2.433      ;
; 17.515 ; CLOCK:inst|clk50MHz_count[13] ; CLOCK:inst|clk50MHz_count[10] ; CLK50MHZ     ; CLK50MHZ    ; 20.000       ; -0.039     ; 2.433      ;
; 17.532 ; CLOCK:inst|clk50MHz_count[19] ; CLOCK:inst|clk50MHz_count[11] ; CLK50MHZ     ; CLK50MHZ    ; 20.000       ; -0.039     ; 2.416      ;
; 17.532 ; CLOCK:inst|clk50MHz_count[19] ; CLOCK:inst|clk50MHz_count[0]  ; CLK50MHZ     ; CLK50MHZ    ; 20.000       ; -0.039     ; 2.416      ;
; 17.532 ; CLOCK:inst|clk50MHz_count[19] ; CLOCK:inst|clk50MHz_count[1]  ; CLK50MHZ     ; CLK50MHZ    ; 20.000       ; -0.039     ; 2.416      ;
; 17.532 ; CLOCK:inst|clk50MHz_count[19] ; CLOCK:inst|clk50MHz_count[2]  ; CLK50MHZ     ; CLK50MHZ    ; 20.000       ; -0.039     ; 2.416      ;
; 17.532 ; CLOCK:inst|clk50MHz_count[19] ; CLOCK:inst|clk50MHz_count[3]  ; CLK50MHZ     ; CLK50MHZ    ; 20.000       ; -0.039     ; 2.416      ;
; 17.532 ; CLOCK:inst|clk50MHz_count[19] ; CLOCK:inst|clk50MHz_count[4]  ; CLK50MHZ     ; CLK50MHZ    ; 20.000       ; -0.039     ; 2.416      ;
; 17.532 ; CLOCK:inst|clk50MHz_count[19] ; CLOCK:inst|clk50MHz_count[5]  ; CLK50MHZ     ; CLK50MHZ    ; 20.000       ; -0.039     ; 2.416      ;
; 17.532 ; CLOCK:inst|clk50MHz_count[19] ; CLOCK:inst|clk50MHz_count[6]  ; CLK50MHZ     ; CLK50MHZ    ; 20.000       ; -0.039     ; 2.416      ;
; 17.532 ; CLOCK:inst|clk50MHz_count[19] ; CLOCK:inst|clk50MHz_count[7]  ; CLK50MHZ     ; CLK50MHZ    ; 20.000       ; -0.039     ; 2.416      ;
; 17.532 ; CLOCK:inst|clk50MHz_count[19] ; CLOCK:inst|clk50MHz_count[8]  ; CLK50MHZ     ; CLK50MHZ    ; 20.000       ; -0.039     ; 2.416      ;
; 17.532 ; CLOCK:inst|clk50MHz_count[19] ; CLOCK:inst|clk50MHz_count[9]  ; CLK50MHZ     ; CLK50MHZ    ; 20.000       ; -0.039     ; 2.416      ;
; 17.532 ; CLOCK:inst|clk50MHz_count[19] ; CLOCK:inst|clk50MHz_count[10] ; CLK50MHZ     ; CLK50MHZ    ; 20.000       ; -0.039     ; 2.416      ;
; 17.534 ; CLOCK:inst|clk50MHz_count[11] ; CLOCK:inst|clk50MHz_count[16] ; CLK50MHZ     ; CLK50MHZ    ; 20.000       ; -0.051     ; 2.402      ;
; 17.534 ; CLOCK:inst|clk50MHz_count[11] ; CLOCK:inst|clk50MHz_count[12] ; CLK50MHZ     ; CLK50MHZ    ; 20.000       ; -0.051     ; 2.402      ;
; 17.534 ; CLOCK:inst|clk50MHz_count[11] ; CLOCK:inst|clk50MHz_count[13] ; CLK50MHZ     ; CLK50MHZ    ; 20.000       ; -0.051     ; 2.402      ;
; 17.534 ; CLOCK:inst|clk50MHz_count[11] ; CLOCK:inst|clk50MHz_count[14] ; CLK50MHZ     ; CLK50MHZ    ; 20.000       ; -0.051     ; 2.402      ;
; 17.534 ; CLOCK:inst|clk50MHz_count[11] ; CLOCK:inst|clk50MHz_count[15] ; CLK50MHZ     ; CLK50MHZ    ; 20.000       ; -0.051     ; 2.402      ;
; 17.534 ; CLOCK:inst|clk50MHz_count[11] ; CLOCK:inst|clk50MHz_count[17] ; CLK50MHZ     ; CLK50MHZ    ; 20.000       ; -0.051     ; 2.402      ;
; 17.534 ; CLOCK:inst|clk50MHz_count[11] ; CLOCK:inst|clk50MHz_count[23] ; CLK50MHZ     ; CLK50MHZ    ; 20.000       ; -0.051     ; 2.402      ;
; 17.534 ; CLOCK:inst|clk50MHz_count[11] ; CLOCK:inst|clk50MHz_count[18] ; CLK50MHZ     ; CLK50MHZ    ; 20.000       ; -0.051     ; 2.402      ;
; 17.534 ; CLOCK:inst|clk50MHz_count[11] ; CLOCK:inst|clk50MHz_count[19] ; CLK50MHZ     ; CLK50MHZ    ; 20.000       ; -0.051     ; 2.402      ;
; 17.534 ; CLOCK:inst|clk50MHz_count[11] ; CLOCK:inst|clk50MHz_count[20] ; CLK50MHZ     ; CLK50MHZ    ; 20.000       ; -0.051     ; 2.402      ;
; 17.534 ; CLOCK:inst|clk50MHz_count[11] ; CLOCK:inst|clk50MHz_count[21] ; CLK50MHZ     ; CLK50MHZ    ; 20.000       ; -0.051     ; 2.402      ;
; 17.534 ; CLOCK:inst|clk50MHz_count[11] ; CLOCK:inst|clk50MHz_count[22] ; CLK50MHZ     ; CLK50MHZ    ; 20.000       ; -0.051     ; 2.402      ;
; 17.534 ; CLOCK:inst|clk50MHz_count[11] ; CLOCK:inst|clk50MHz_count[24] ; CLK50MHZ     ; CLK50MHZ    ; 20.000       ; -0.051     ; 2.402      ;
; 17.552 ; CLOCK:inst|clk50MHz_count[1]  ; CLOCK:inst|clk50MHz_count[11] ; CLK50MHZ     ; CLK50MHZ    ; 20.000       ; -0.035     ; 2.400      ;
; 17.552 ; CLOCK:inst|clk50MHz_count[1]  ; CLOCK:inst|clk50MHz_count[0]  ; CLK50MHZ     ; CLK50MHZ    ; 20.000       ; -0.035     ; 2.400      ;
; 17.552 ; CLOCK:inst|clk50MHz_count[1]  ; CLOCK:inst|clk50MHz_count[1]  ; CLK50MHZ     ; CLK50MHZ    ; 20.000       ; -0.035     ; 2.400      ;
; 17.552 ; CLOCK:inst|clk50MHz_count[1]  ; CLOCK:inst|clk50MHz_count[2]  ; CLK50MHZ     ; CLK50MHZ    ; 20.000       ; -0.035     ; 2.400      ;
; 17.552 ; CLOCK:inst|clk50MHz_count[1]  ; CLOCK:inst|clk50MHz_count[3]  ; CLK50MHZ     ; CLK50MHZ    ; 20.000       ; -0.035     ; 2.400      ;
; 17.552 ; CLOCK:inst|clk50MHz_count[1]  ; CLOCK:inst|clk50MHz_count[4]  ; CLK50MHZ     ; CLK50MHZ    ; 20.000       ; -0.035     ; 2.400      ;
; 17.552 ; CLOCK:inst|clk50MHz_count[1]  ; CLOCK:inst|clk50MHz_count[5]  ; CLK50MHZ     ; CLK50MHZ    ; 20.000       ; -0.035     ; 2.400      ;
; 17.552 ; CLOCK:inst|clk50MHz_count[1]  ; CLOCK:inst|clk50MHz_count[6]  ; CLK50MHZ     ; CLK50MHZ    ; 20.000       ; -0.035     ; 2.400      ;
; 17.552 ; CLOCK:inst|clk50MHz_count[1]  ; CLOCK:inst|clk50MHz_count[7]  ; CLK50MHZ     ; CLK50MHZ    ; 20.000       ; -0.035     ; 2.400      ;
+--------+-------------------------------+-------------------------------+--------------+-------------+--------------+------------+------------+


+---------------------------------------------------------------------------------------------------------------------------------------------+
; Fast 1200mV 0C Model Hold: 'CLK50MHZ'                                                                                                       ;
+-------+-------------------------------+-------------------------------+--------------+-------------+--------------+------------+------------+
; Slack ; From Node                     ; To Node                       ; Launch Clock ; Latch Clock ; Relationship ; Clock Skew ; Data Delay ;
+-------+-------------------------------+-------------------------------+--------------+-------------+--------------+------------+------------+
; 0.199 ; CLOCK:inst|clk50MHz_count[24] ; CLOCK:inst|clk50MHz_count[24] ; CLK50MHZ     ; CLK50MHZ    ; 0.000        ; 0.035      ; 0.318      ;
; 0.201 ; CLOCK:inst|clk                ; CLOCK:inst|clk                ; CLK50MHZ     ; CLK50MHZ    ; 0.000        ; 0.022      ; 0.307      ;
; 0.298 ; CLOCK:inst|clk50MHz_count[9]  ; CLOCK:inst|clk50MHz_count[9]  ; CLK50MHZ     ; CLK50MHZ    ; 0.000        ; 0.035      ; 0.417      ;
; 0.299 ; CLOCK:inst|clk50MHz_count[1]  ; CLOCK:inst|clk50MHz_count[1]  ; CLK50MHZ     ; CLK50MHZ    ; 0.000        ; 0.035      ; 0.418      ;
; 0.299 ; CLOCK:inst|clk50MHz_count[2]  ; CLOCK:inst|clk50MHz_count[2]  ; CLK50MHZ     ; CLK50MHZ    ; 0.000        ; 0.035      ; 0.418      ;
; 0.299 ; CLOCK:inst|clk50MHz_count[7]  ; CLOCK:inst|clk50MHz_count[7]  ; CLK50MHZ     ; CLK50MHZ    ; 0.000        ; 0.035      ; 0.418      ;
; 0.299 ; CLOCK:inst|clk50MHz_count[10] ; CLOCK:inst|clk50MHz_count[10] ; CLK50MHZ     ; CLK50MHZ    ; 0.000        ; 0.035      ; 0.418      ;
; 0.299 ; CLOCK:inst|clk50MHz_count[12] ; CLOCK:inst|clk50MHz_count[12] ; CLK50MHZ     ; CLK50MHZ    ; 0.000        ; 0.035      ; 0.418      ;
; 0.299 ; CLOCK:inst|clk50MHz_count[13] ; CLOCK:inst|clk50MHz_count[13] ; CLK50MHZ     ; CLK50MHZ    ; 0.000        ; 0.035      ; 0.418      ;
; 0.300 ; CLOCK:inst|clk50MHz_count[3]  ; CLOCK:inst|clk50MHz_count[3]  ; CLK50MHZ     ; CLK50MHZ    ; 0.000        ; 0.035      ; 0.419      ;
; 0.300 ; CLOCK:inst|clk50MHz_count[4]  ; CLOCK:inst|clk50MHz_count[4]  ; CLK50MHZ     ; CLK50MHZ    ; 0.000        ; 0.035      ; 0.419      ;
; 0.300 ; CLOCK:inst|clk50MHz_count[6]  ; CLOCK:inst|clk50MHz_count[6]  ; CLK50MHZ     ; CLK50MHZ    ; 0.000        ; 0.035      ; 0.419      ;
; 0.300 ; CLOCK:inst|clk50MHz_count[8]  ; CLOCK:inst|clk50MHz_count[8]  ; CLK50MHZ     ; CLK50MHZ    ; 0.000        ; 0.035      ; 0.419      ;
; 0.300 ; CLOCK:inst|clk50MHz_count[14] ; CLOCK:inst|clk50MHz_count[14] ; CLK50MHZ     ; CLK50MHZ    ; 0.000        ; 0.035      ; 0.419      ;
; 0.300 ; CLOCK:inst|clk50MHz_count[23] ; CLOCK:inst|clk50MHz_count[23] ; CLK50MHZ     ; CLK50MHZ    ; 0.000        ; 0.035      ; 0.419      ;
; 0.300 ; CLOCK:inst|clk50MHz_count[18] ; CLOCK:inst|clk50MHz_count[18] ; CLK50MHZ     ; CLK50MHZ    ; 0.000        ; 0.035      ; 0.419      ;
; 0.300 ; CLOCK:inst|clk50MHz_count[19] ; CLOCK:inst|clk50MHz_count[19] ; CLK50MHZ     ; CLK50MHZ    ; 0.000        ; 0.035      ; 0.419      ;
; 0.301 ; CLOCK:inst|clk50MHz_count[20] ; CLOCK:inst|clk50MHz_count[20] ; CLK50MHZ     ; CLK50MHZ    ; 0.000        ; 0.035      ; 0.420      ;
; 0.301 ; CLOCK:inst|clk50MHz_count[21] ; CLOCK:inst|clk50MHz_count[21] ; CLK50MHZ     ; CLK50MHZ    ; 0.000        ; 0.035      ; 0.420      ;
; 0.305 ; CLOCK:inst|clk50MHz_count[11] ; CLOCK:inst|clk50MHz_count[11] ; CLK50MHZ     ; CLK50MHZ    ; 0.000        ; 0.035      ; 0.424      ;
; 0.306 ; CLOCK:inst|clk50MHz_count[15] ; CLOCK:inst|clk50MHz_count[15] ; CLK50MHZ     ; CLK50MHZ    ; 0.000        ; 0.035      ; 0.425      ;
; 0.306 ; CLOCK:inst|clk50MHz_count[17] ; CLOCK:inst|clk50MHz_count[17] ; CLK50MHZ     ; CLK50MHZ    ; 0.000        ; 0.035      ; 0.425      ;
; 0.307 ; CLOCK:inst|clk50MHz_count[5]  ; CLOCK:inst|clk50MHz_count[5]  ; CLK50MHZ     ; CLK50MHZ    ; 0.000        ; 0.035      ; 0.426      ;
; 0.309 ; CLOCK:inst|clk50MHz_count[16] ; CLOCK:inst|clk50MHz_count[16] ; CLK50MHZ     ; CLK50MHZ    ; 0.000        ; 0.035      ; 0.428      ;
; 0.309 ; CLOCK:inst|clk50MHz_count[22] ; CLOCK:inst|clk50MHz_count[22] ; CLK50MHZ     ; CLK50MHZ    ; 0.000        ; 0.035      ; 0.428      ;
; 0.312 ; CLOCK:inst|clk50MHz_count[0]  ; CLOCK:inst|clk50MHz_count[0]  ; CLK50MHZ     ; CLK50MHZ    ; 0.000        ; 0.035      ; 0.431      ;
; 0.447 ; CLOCK:inst|clk50MHz_count[9]  ; CLOCK:inst|clk50MHz_count[10] ; CLK50MHZ     ; CLK50MHZ    ; 0.000        ; 0.035      ; 0.566      ;
; 0.448 ; CLOCK:inst|clk50MHz_count[1]  ; CLOCK:inst|clk50MHz_count[2]  ; CLK50MHZ     ; CLK50MHZ    ; 0.000        ; 0.035      ; 0.567      ;
; 0.448 ; CLOCK:inst|clk50MHz_count[7]  ; CLOCK:inst|clk50MHz_count[8]  ; CLK50MHZ     ; CLK50MHZ    ; 0.000        ; 0.035      ; 0.567      ;
; 0.448 ; CLOCK:inst|clk50MHz_count[13] ; CLOCK:inst|clk50MHz_count[14] ; CLK50MHZ     ; CLK50MHZ    ; 0.000        ; 0.035      ; 0.567      ;
; 0.449 ; CLOCK:inst|clk50MHz_count[3]  ; CLOCK:inst|clk50MHz_count[4]  ; CLK50MHZ     ; CLK50MHZ    ; 0.000        ; 0.035      ; 0.568      ;
; 0.449 ; CLOCK:inst|clk50MHz_count[23] ; CLOCK:inst|clk50MHz_count[24] ; CLK50MHZ     ; CLK50MHZ    ; 0.000        ; 0.035      ; 0.568      ;
; 0.449 ; CLOCK:inst|clk50MHz_count[19] ; CLOCK:inst|clk50MHz_count[20] ; CLK50MHZ     ; CLK50MHZ    ; 0.000        ; 0.035      ; 0.568      ;
; 0.450 ; CLOCK:inst|clk50MHz_count[11] ; CLOCK:inst|clk50MHz_count[12] ; CLK50MHZ     ; CLK50MHZ    ; 0.000        ; 0.039      ; 0.573      ;
; 0.450 ; CLOCK:inst|clk50MHz_count[21] ; CLOCK:inst|clk50MHz_count[22] ; CLK50MHZ     ; CLK50MHZ    ; 0.000        ; 0.035      ; 0.569      ;
; 0.455 ; CLOCK:inst|clk50MHz_count[17] ; CLOCK:inst|clk50MHz_count[18] ; CLK50MHZ     ; CLK50MHZ    ; 0.000        ; 0.035      ; 0.574      ;
; 0.455 ; CLOCK:inst|clk50MHz_count[15] ; CLOCK:inst|clk50MHz_count[16] ; CLK50MHZ     ; CLK50MHZ    ; 0.000        ; 0.035      ; 0.574      ;
; 0.456 ; CLOCK:inst|clk50MHz_count[5]  ; CLOCK:inst|clk50MHz_count[6]  ; CLK50MHZ     ; CLK50MHZ    ; 0.000        ; 0.035      ; 0.575      ;
; 0.456 ; CLOCK:inst|clk50MHz_count[10] ; CLOCK:inst|clk50MHz_count[12] ; CLK50MHZ     ; CLK50MHZ    ; 0.000        ; 0.039      ; 0.579      ;
; 0.457 ; CLOCK:inst|clk50MHz_count[2]  ; CLOCK:inst|clk50MHz_count[3]  ; CLK50MHZ     ; CLK50MHZ    ; 0.000        ; 0.035      ; 0.576      ;
; 0.457 ; CLOCK:inst|clk50MHz_count[10] ; CLOCK:inst|clk50MHz_count[11] ; CLK50MHZ     ; CLK50MHZ    ; 0.000        ; 0.035      ; 0.576      ;
; 0.457 ; CLOCK:inst|clk50MHz_count[12] ; CLOCK:inst|clk50MHz_count[13] ; CLK50MHZ     ; CLK50MHZ    ; 0.000        ; 0.035      ; 0.576      ;
; 0.458 ; CLOCK:inst|clk50MHz_count[8]  ; CLOCK:inst|clk50MHz_count[9]  ; CLK50MHZ     ; CLK50MHZ    ; 0.000        ; 0.035      ; 0.577      ;
; 0.458 ; CLOCK:inst|clk50MHz_count[6]  ; CLOCK:inst|clk50MHz_count[7]  ; CLK50MHZ     ; CLK50MHZ    ; 0.000        ; 0.035      ; 0.577      ;
; 0.458 ; CLOCK:inst|clk50MHz_count[4]  ; CLOCK:inst|clk50MHz_count[5]  ; CLK50MHZ     ; CLK50MHZ    ; 0.000        ; 0.035      ; 0.577      ;
; 0.458 ; CLOCK:inst|clk50MHz_count[18] ; CLOCK:inst|clk50MHz_count[19] ; CLK50MHZ     ; CLK50MHZ    ; 0.000        ; 0.035      ; 0.577      ;
; 0.458 ; CLOCK:inst|clk50MHz_count[14] ; CLOCK:inst|clk50MHz_count[15] ; CLK50MHZ     ; CLK50MHZ    ; 0.000        ; 0.035      ; 0.577      ;
; 0.459 ; CLOCK:inst|clk50MHz_count[0]  ; CLOCK:inst|clk50MHz_count[1]  ; CLK50MHZ     ; CLK50MHZ    ; 0.000        ; 0.035      ; 0.578      ;
; 0.459 ; CLOCK:inst|clk50MHz_count[20] ; CLOCK:inst|clk50MHz_count[21] ; CLK50MHZ     ; CLK50MHZ    ; 0.000        ; 0.035      ; 0.578      ;
; 0.460 ; CLOCK:inst|clk50MHz_count[2]  ; CLOCK:inst|clk50MHz_count[4]  ; CLK50MHZ     ; CLK50MHZ    ; 0.000        ; 0.035      ; 0.579      ;
; 0.460 ; CLOCK:inst|clk50MHz_count[12] ; CLOCK:inst|clk50MHz_count[14] ; CLK50MHZ     ; CLK50MHZ    ; 0.000        ; 0.035      ; 0.579      ;
; 0.461 ; CLOCK:inst|clk50MHz_count[8]  ; CLOCK:inst|clk50MHz_count[10] ; CLK50MHZ     ; CLK50MHZ    ; 0.000        ; 0.035      ; 0.580      ;
; 0.461 ; CLOCK:inst|clk50MHz_count[6]  ; CLOCK:inst|clk50MHz_count[8]  ; CLK50MHZ     ; CLK50MHZ    ; 0.000        ; 0.035      ; 0.580      ;
; 0.461 ; CLOCK:inst|clk50MHz_count[4]  ; CLOCK:inst|clk50MHz_count[6]  ; CLK50MHZ     ; CLK50MHZ    ; 0.000        ; 0.035      ; 0.580      ;
; 0.461 ; CLOCK:inst|clk50MHz_count[18] ; CLOCK:inst|clk50MHz_count[20] ; CLK50MHZ     ; CLK50MHZ    ; 0.000        ; 0.035      ; 0.580      ;
; 0.461 ; CLOCK:inst|clk50MHz_count[14] ; CLOCK:inst|clk50MHz_count[16] ; CLK50MHZ     ; CLK50MHZ    ; 0.000        ; 0.035      ; 0.580      ;
; 0.462 ; CLOCK:inst|clk50MHz_count[0]  ; CLOCK:inst|clk50MHz_count[2]  ; CLK50MHZ     ; CLK50MHZ    ; 0.000        ; 0.035      ; 0.581      ;
; 0.462 ; CLOCK:inst|clk50MHz_count[20] ; CLOCK:inst|clk50MHz_count[22] ; CLK50MHZ     ; CLK50MHZ    ; 0.000        ; 0.035      ; 0.581      ;
; 0.467 ; CLOCK:inst|clk50MHz_count[22] ; CLOCK:inst|clk50MHz_count[23] ; CLK50MHZ     ; CLK50MHZ    ; 0.000        ; 0.035      ; 0.586      ;
; 0.467 ; CLOCK:inst|clk50MHz_count[16] ; CLOCK:inst|clk50MHz_count[17] ; CLK50MHZ     ; CLK50MHZ    ; 0.000        ; 0.035      ; 0.586      ;
; 0.470 ; CLOCK:inst|clk50MHz_count[22] ; CLOCK:inst|clk50MHz_count[24] ; CLK50MHZ     ; CLK50MHZ    ; 0.000        ; 0.035      ; 0.589      ;
; 0.470 ; CLOCK:inst|clk50MHz_count[16] ; CLOCK:inst|clk50MHz_count[18] ; CLK50MHZ     ; CLK50MHZ    ; 0.000        ; 0.035      ; 0.589      ;
; 0.509 ; CLOCK:inst|clk50MHz_count[9]  ; CLOCK:inst|clk50MHz_count[12] ; CLK50MHZ     ; CLK50MHZ    ; 0.000        ; 0.039      ; 0.632      ;
; 0.510 ; CLOCK:inst|clk50MHz_count[9]  ; CLOCK:inst|clk50MHz_count[11] ; CLK50MHZ     ; CLK50MHZ    ; 0.000        ; 0.035      ; 0.629      ;
; 0.511 ; CLOCK:inst|clk50MHz_count[1]  ; CLOCK:inst|clk50MHz_count[3]  ; CLK50MHZ     ; CLK50MHZ    ; 0.000        ; 0.035      ; 0.630      ;
; 0.511 ; CLOCK:inst|clk50MHz_count[7]  ; CLOCK:inst|clk50MHz_count[9]  ; CLK50MHZ     ; CLK50MHZ    ; 0.000        ; 0.035      ; 0.630      ;
; 0.511 ; CLOCK:inst|clk50MHz_count[13] ; CLOCK:inst|clk50MHz_count[15] ; CLK50MHZ     ; CLK50MHZ    ; 0.000        ; 0.035      ; 0.630      ;
; 0.512 ; CLOCK:inst|clk50MHz_count[3]  ; CLOCK:inst|clk50MHz_count[5]  ; CLK50MHZ     ; CLK50MHZ    ; 0.000        ; 0.035      ; 0.631      ;
; 0.512 ; CLOCK:inst|clk50MHz_count[19] ; CLOCK:inst|clk50MHz_count[21] ; CLK50MHZ     ; CLK50MHZ    ; 0.000        ; 0.035      ; 0.631      ;
; 0.513 ; CLOCK:inst|clk50MHz_count[11] ; CLOCK:inst|clk50MHz_count[13] ; CLK50MHZ     ; CLK50MHZ    ; 0.000        ; 0.039      ; 0.636      ;
; 0.513 ; CLOCK:inst|clk50MHz_count[21] ; CLOCK:inst|clk50MHz_count[23] ; CLK50MHZ     ; CLK50MHZ    ; 0.000        ; 0.035      ; 0.632      ;
; 0.514 ; CLOCK:inst|clk50MHz_count[1]  ; CLOCK:inst|clk50MHz_count[4]  ; CLK50MHZ     ; CLK50MHZ    ; 0.000        ; 0.035      ; 0.633      ;
; 0.514 ; CLOCK:inst|clk50MHz_count[7]  ; CLOCK:inst|clk50MHz_count[10] ; CLK50MHZ     ; CLK50MHZ    ; 0.000        ; 0.035      ; 0.633      ;
; 0.514 ; CLOCK:inst|clk50MHz_count[13] ; CLOCK:inst|clk50MHz_count[16] ; CLK50MHZ     ; CLK50MHZ    ; 0.000        ; 0.035      ; 0.633      ;
; 0.515 ; CLOCK:inst|clk50MHz_count[3]  ; CLOCK:inst|clk50MHz_count[6]  ; CLK50MHZ     ; CLK50MHZ    ; 0.000        ; 0.035      ; 0.634      ;
; 0.515 ; CLOCK:inst|clk50MHz_count[19] ; CLOCK:inst|clk50MHz_count[22] ; CLK50MHZ     ; CLK50MHZ    ; 0.000        ; 0.035      ; 0.634      ;
; 0.516 ; CLOCK:inst|clk50MHz_count[11] ; CLOCK:inst|clk50MHz_count[14] ; CLK50MHZ     ; CLK50MHZ    ; 0.000        ; 0.039      ; 0.639      ;
; 0.516 ; CLOCK:inst|clk50MHz_count[21] ; CLOCK:inst|clk50MHz_count[24] ; CLK50MHZ     ; CLK50MHZ    ; 0.000        ; 0.035      ; 0.635      ;
; 0.518 ; CLOCK:inst|clk50MHz_count[17] ; CLOCK:inst|clk50MHz_count[19] ; CLK50MHZ     ; CLK50MHZ    ; 0.000        ; 0.035      ; 0.637      ;
; 0.518 ; CLOCK:inst|clk50MHz_count[15] ; CLOCK:inst|clk50MHz_count[17] ; CLK50MHZ     ; CLK50MHZ    ; 0.000        ; 0.035      ; 0.637      ;
; 0.519 ; CLOCK:inst|clk50MHz_count[5]  ; CLOCK:inst|clk50MHz_count[7]  ; CLK50MHZ     ; CLK50MHZ    ; 0.000        ; 0.035      ; 0.638      ;
; 0.519 ; CLOCK:inst|clk50MHz_count[10] ; CLOCK:inst|clk50MHz_count[13] ; CLK50MHZ     ; CLK50MHZ    ; 0.000        ; 0.039      ; 0.642      ;
; 0.521 ; CLOCK:inst|clk50MHz_count[17] ; CLOCK:inst|clk50MHz_count[20] ; CLK50MHZ     ; CLK50MHZ    ; 0.000        ; 0.035      ; 0.640      ;
; 0.521 ; CLOCK:inst|clk50MHz_count[15] ; CLOCK:inst|clk50MHz_count[18] ; CLK50MHZ     ; CLK50MHZ    ; 0.000        ; 0.035      ; 0.640      ;
; 0.522 ; CLOCK:inst|clk50MHz_count[5]  ; CLOCK:inst|clk50MHz_count[8]  ; CLK50MHZ     ; CLK50MHZ    ; 0.000        ; 0.035      ; 0.641      ;
; 0.522 ; CLOCK:inst|clk50MHz_count[10] ; CLOCK:inst|clk50MHz_count[14] ; CLK50MHZ     ; CLK50MHZ    ; 0.000        ; 0.039      ; 0.645      ;
; 0.523 ; CLOCK:inst|clk50MHz_count[8]  ; CLOCK:inst|clk50MHz_count[12] ; CLK50MHZ     ; CLK50MHZ    ; 0.000        ; 0.039      ; 0.646      ;
; 0.523 ; CLOCK:inst|clk50MHz_count[2]  ; CLOCK:inst|clk50MHz_count[5]  ; CLK50MHZ     ; CLK50MHZ    ; 0.000        ; 0.035      ; 0.642      ;
; 0.523 ; CLOCK:inst|clk50MHz_count[12] ; CLOCK:inst|clk50MHz_count[15] ; CLK50MHZ     ; CLK50MHZ    ; 0.000        ; 0.035      ; 0.642      ;
; 0.524 ; CLOCK:inst|clk50MHz_count[8]  ; CLOCK:inst|clk50MHz_count[11] ; CLK50MHZ     ; CLK50MHZ    ; 0.000        ; 0.035      ; 0.643      ;
; 0.524 ; CLOCK:inst|clk50MHz_count[6]  ; CLOCK:inst|clk50MHz_count[9]  ; CLK50MHZ     ; CLK50MHZ    ; 0.000        ; 0.035      ; 0.643      ;
; 0.524 ; CLOCK:inst|clk50MHz_count[4]  ; CLOCK:inst|clk50MHz_count[7]  ; CLK50MHZ     ; CLK50MHZ    ; 0.000        ; 0.035      ; 0.643      ;
; 0.524 ; CLOCK:inst|clk50MHz_count[18] ; CLOCK:inst|clk50MHz_count[21] ; CLK50MHZ     ; CLK50MHZ    ; 0.000        ; 0.035      ; 0.643      ;
; 0.524 ; CLOCK:inst|clk50MHz_count[14] ; CLOCK:inst|clk50MHz_count[17] ; CLK50MHZ     ; CLK50MHZ    ; 0.000        ; 0.035      ; 0.643      ;
; 0.525 ; CLOCK:inst|clk50MHz_count[0]  ; CLOCK:inst|clk50MHz_count[3]  ; CLK50MHZ     ; CLK50MHZ    ; 0.000        ; 0.035      ; 0.644      ;
; 0.525 ; CLOCK:inst|clk50MHz_count[20] ; CLOCK:inst|clk50MHz_count[23] ; CLK50MHZ     ; CLK50MHZ    ; 0.000        ; 0.035      ; 0.644      ;
; 0.526 ; CLOCK:inst|clk50MHz_count[2]  ; CLOCK:inst|clk50MHz_count[6]  ; CLK50MHZ     ; CLK50MHZ    ; 0.000        ; 0.035      ; 0.645      ;
; 0.526 ; CLOCK:inst|clk50MHz_count[12] ; CLOCK:inst|clk50MHz_count[16] ; CLK50MHZ     ; CLK50MHZ    ; 0.000        ; 0.035      ; 0.645      ;
; 0.527 ; CLOCK:inst|clk50MHz_count[6]  ; CLOCK:inst|clk50MHz_count[10] ; CLK50MHZ     ; CLK50MHZ    ; 0.000        ; 0.035      ; 0.646      ;
; 0.527 ; CLOCK:inst|clk50MHz_count[4]  ; CLOCK:inst|clk50MHz_count[8]  ; CLK50MHZ     ; CLK50MHZ    ; 0.000        ; 0.035      ; 0.646      ;
+-------+-------------------------------+-------------------------------+--------------+-------------+--------------+------------+------------+


+--------------------------------------------------------------------------------------------------------------------+
; Fast 1200mV 0C Model Minimum Pulse Width: 'CLK50MHZ'                                                               ;
+--------+--------------+----------------+------------------+----------+------------+--------------------------------+
; Slack  ; Actual Width ; Required Width ; Type             ; Clock    ; Clock Edge ; Target                         ;
+--------+--------------+----------------+------------------+----------+------------+--------------------------------+
; 9.444  ; 9.628        ; 0.184          ; Low Pulse Width  ; CLK50MHZ ; Rise       ; CLOCK:inst|clk50MHz_count[0]   ;
; 9.444  ; 9.628        ; 0.184          ; Low Pulse Width  ; CLK50MHZ ; Rise       ; CLOCK:inst|clk50MHz_count[10]  ;
; 9.444  ; 9.628        ; 0.184          ; Low Pulse Width  ; CLK50MHZ ; Rise       ; CLOCK:inst|clk50MHz_count[11]  ;
; 9.444  ; 9.628        ; 0.184          ; Low Pulse Width  ; CLK50MHZ ; Rise       ; CLOCK:inst|clk50MHz_count[1]   ;
; 9.444  ; 9.628        ; 0.184          ; Low Pulse Width  ; CLK50MHZ ; Rise       ; CLOCK:inst|clk50MHz_count[2]   ;
; 9.444  ; 9.628        ; 0.184          ; Low Pulse Width  ; CLK50MHZ ; Rise       ; CLOCK:inst|clk50MHz_count[3]   ;
; 9.444  ; 9.628        ; 0.184          ; Low Pulse Width  ; CLK50MHZ ; Rise       ; CLOCK:inst|clk50MHz_count[4]   ;
; 9.444  ; 9.628        ; 0.184          ; Low Pulse Width  ; CLK50MHZ ; Rise       ; CLOCK:inst|clk50MHz_count[5]   ;
; 9.444  ; 9.628        ; 0.184          ; Low Pulse Width  ; CLK50MHZ ; Rise       ; CLOCK:inst|clk50MHz_count[6]   ;
; 9.444  ; 9.628        ; 0.184          ; Low Pulse Width  ; CLK50MHZ ; Rise       ; CLOCK:inst|clk50MHz_count[7]   ;
; 9.444  ; 9.628        ; 0.184          ; Low Pulse Width  ; CLK50MHZ ; Rise       ; CLOCK:inst|clk50MHz_count[8]   ;
; 9.444  ; 9.628        ; 0.184          ; Low Pulse Width  ; CLK50MHZ ; Rise       ; CLOCK:inst|clk50MHz_count[9]   ;
; 9.445  ; 9.629        ; 0.184          ; Low Pulse Width  ; CLK50MHZ ; Rise       ; CLOCK:inst|clk50MHz_count[12]  ;
; 9.445  ; 9.629        ; 0.184          ; Low Pulse Width  ; CLK50MHZ ; Rise       ; CLOCK:inst|clk50MHz_count[13]  ;
; 9.445  ; 9.629        ; 0.184          ; Low Pulse Width  ; CLK50MHZ ; Rise       ; CLOCK:inst|clk50MHz_count[14]  ;
; 9.445  ; 9.629        ; 0.184          ; Low Pulse Width  ; CLK50MHZ ; Rise       ; CLOCK:inst|clk50MHz_count[15]  ;
; 9.445  ; 9.629        ; 0.184          ; Low Pulse Width  ; CLK50MHZ ; Rise       ; CLOCK:inst|clk50MHz_count[16]  ;
; 9.445  ; 9.629        ; 0.184          ; Low Pulse Width  ; CLK50MHZ ; Rise       ; CLOCK:inst|clk50MHz_count[17]  ;
; 9.445  ; 9.629        ; 0.184          ; Low Pulse Width  ; CLK50MHZ ; Rise       ; CLOCK:inst|clk50MHz_count[18]  ;
; 9.445  ; 9.629        ; 0.184          ; Low Pulse Width  ; CLK50MHZ ; Rise       ; CLOCK:inst|clk50MHz_count[19]  ;
; 9.445  ; 9.629        ; 0.184          ; Low Pulse Width  ; CLK50MHZ ; Rise       ; CLOCK:inst|clk50MHz_count[20]  ;
; 9.445  ; 9.629        ; 0.184          ; Low Pulse Width  ; CLK50MHZ ; Rise       ; CLOCK:inst|clk50MHz_count[21]  ;
; 9.445  ; 9.629        ; 0.184          ; Low Pulse Width  ; CLK50MHZ ; Rise       ; CLOCK:inst|clk50MHz_count[22]  ;
; 9.445  ; 9.629        ; 0.184          ; Low Pulse Width  ; CLK50MHZ ; Rise       ; CLOCK:inst|clk50MHz_count[23]  ;
; 9.445  ; 9.629        ; 0.184          ; Low Pulse Width  ; CLK50MHZ ; Rise       ; CLOCK:inst|clk50MHz_count[24]  ;
; 9.496  ; 9.680        ; 0.184          ; Low Pulse Width  ; CLK50MHZ ; Rise       ; CLOCK:inst|clk                 ;
; 9.618  ; 9.618        ; 0.000          ; Low Pulse Width  ; CLK50MHZ ; Rise       ; clk50MHZ~input|o               ;
; 9.624  ; 9.624        ; 0.000          ; Low Pulse Width  ; CLK50MHZ ; Rise       ; inst|clk50MHz_count[0]|clk     ;
; 9.624  ; 9.624        ; 0.000          ; Low Pulse Width  ; CLK50MHZ ; Rise       ; inst|clk50MHz_count[10]|clk    ;
; 9.624  ; 9.624        ; 0.000          ; Low Pulse Width  ; CLK50MHZ ; Rise       ; inst|clk50MHz_count[11]|clk    ;
; 9.624  ; 9.624        ; 0.000          ; Low Pulse Width  ; CLK50MHZ ; Rise       ; inst|clk50MHz_count[12]|clk    ;
; 9.624  ; 9.624        ; 0.000          ; Low Pulse Width  ; CLK50MHZ ; Rise       ; inst|clk50MHz_count[13]|clk    ;
; 9.624  ; 9.624        ; 0.000          ; Low Pulse Width  ; CLK50MHZ ; Rise       ; inst|clk50MHz_count[14]|clk    ;
; 9.624  ; 9.624        ; 0.000          ; Low Pulse Width  ; CLK50MHZ ; Rise       ; inst|clk50MHz_count[15]|clk    ;
; 9.624  ; 9.624        ; 0.000          ; Low Pulse Width  ; CLK50MHZ ; Rise       ; inst|clk50MHz_count[16]|clk    ;
; 9.624  ; 9.624        ; 0.000          ; Low Pulse Width  ; CLK50MHZ ; Rise       ; inst|clk50MHz_count[17]|clk    ;
; 9.624  ; 9.624        ; 0.000          ; Low Pulse Width  ; CLK50MHZ ; Rise       ; inst|clk50MHz_count[18]|clk    ;
; 9.624  ; 9.624        ; 0.000          ; Low Pulse Width  ; CLK50MHZ ; Rise       ; inst|clk50MHz_count[19]|clk    ;
; 9.624  ; 9.624        ; 0.000          ; Low Pulse Width  ; CLK50MHZ ; Rise       ; inst|clk50MHz_count[1]|clk     ;
; 9.624  ; 9.624        ; 0.000          ; Low Pulse Width  ; CLK50MHZ ; Rise       ; inst|clk50MHz_count[20]|clk    ;
; 9.624  ; 9.624        ; 0.000          ; Low Pulse Width  ; CLK50MHZ ; Rise       ; inst|clk50MHz_count[21]|clk    ;
; 9.624  ; 9.624        ; 0.000          ; Low Pulse Width  ; CLK50MHZ ; Rise       ; inst|clk50MHz_count[22]|clk    ;
; 9.624  ; 9.624        ; 0.000          ; Low Pulse Width  ; CLK50MHZ ; Rise       ; inst|clk50MHz_count[23]|clk    ;
; 9.624  ; 9.624        ; 0.000          ; Low Pulse Width  ; CLK50MHZ ; Rise       ; inst|clk50MHz_count[24]|clk    ;
; 9.624  ; 9.624        ; 0.000          ; Low Pulse Width  ; CLK50MHZ ; Rise       ; inst|clk50MHz_count[2]|clk     ;
; 9.624  ; 9.624        ; 0.000          ; Low Pulse Width  ; CLK50MHZ ; Rise       ; inst|clk50MHz_count[3]|clk     ;
; 9.624  ; 9.624        ; 0.000          ; Low Pulse Width  ; CLK50MHZ ; Rise       ; inst|clk50MHz_count[4]|clk     ;
; 9.624  ; 9.624        ; 0.000          ; Low Pulse Width  ; CLK50MHZ ; Rise       ; inst|clk50MHz_count[5]|clk     ;
; 9.624  ; 9.624        ; 0.000          ; Low Pulse Width  ; CLK50MHZ ; Rise       ; inst|clk50MHz_count[6]|clk     ;
; 9.624  ; 9.624        ; 0.000          ; Low Pulse Width  ; CLK50MHZ ; Rise       ; inst|clk50MHz_count[7]|clk     ;
; 9.624  ; 9.624        ; 0.000          ; Low Pulse Width  ; CLK50MHZ ; Rise       ; inst|clk50MHz_count[8]|clk     ;
; 9.624  ; 9.624        ; 0.000          ; Low Pulse Width  ; CLK50MHZ ; Rise       ; inst|clk50MHz_count[9]|clk     ;
; 9.632  ; 9.632        ; 0.000          ; Low Pulse Width  ; CLK50MHZ ; Rise       ; clk50MHZ~inputclkctrl|inclk[0] ;
; 9.632  ; 9.632        ; 0.000          ; Low Pulse Width  ; CLK50MHZ ; Rise       ; clk50MHZ~inputclkctrl|outclk   ;
; 9.674  ; 9.674        ; 0.000          ; Low Pulse Width  ; CLK50MHZ ; Rise       ; inst|clk|clk                   ;
; 10.000 ; 10.000       ; 0.000          ; High Pulse Width ; CLK50MHZ ; Rise       ; clk50MHZ~input|i               ;
; 10.000 ; 10.000       ; 0.000          ; Low Pulse Width  ; CLK50MHZ ; Rise       ; clk50MHZ~input|i               ;
; 10.104 ; 10.320       ; 0.216          ; High Pulse Width ; CLK50MHZ ; Rise       ; CLOCK:inst|clk                 ;
; 10.154 ; 10.370       ; 0.216          ; High Pulse Width ; CLK50MHZ ; Rise       ; CLOCK:inst|clk50MHz_count[0]   ;
; 10.154 ; 10.370       ; 0.216          ; High Pulse Width ; CLK50MHZ ; Rise       ; CLOCK:inst|clk50MHz_count[10]  ;
; 10.154 ; 10.370       ; 0.216          ; High Pulse Width ; CLK50MHZ ; Rise       ; CLOCK:inst|clk50MHz_count[11]  ;
; 10.154 ; 10.370       ; 0.216          ; High Pulse Width ; CLK50MHZ ; Rise       ; CLOCK:inst|clk50MHz_count[12]  ;
; 10.154 ; 10.370       ; 0.216          ; High Pulse Width ; CLK50MHZ ; Rise       ; CLOCK:inst|clk50MHz_count[13]  ;
; 10.154 ; 10.370       ; 0.216          ; High Pulse Width ; CLK50MHZ ; Rise       ; CLOCK:inst|clk50MHz_count[14]  ;
; 10.154 ; 10.370       ; 0.216          ; High Pulse Width ; CLK50MHZ ; Rise       ; CLOCK:inst|clk50MHz_count[15]  ;
; 10.154 ; 10.370       ; 0.216          ; High Pulse Width ; CLK50MHZ ; Rise       ; CLOCK:inst|clk50MHz_count[16]  ;
; 10.154 ; 10.370       ; 0.216          ; High Pulse Width ; CLK50MHZ ; Rise       ; CLOCK:inst|clk50MHz_count[17]  ;
; 10.154 ; 10.370       ; 0.216          ; High Pulse Width ; CLK50MHZ ; Rise       ; CLOCK:inst|clk50MHz_count[18]  ;
; 10.154 ; 10.370       ; 0.216          ; High Pulse Width ; CLK50MHZ ; Rise       ; CLOCK:inst|clk50MHz_count[19]  ;
; 10.154 ; 10.370       ; 0.216          ; High Pulse Width ; CLK50MHZ ; Rise       ; CLOCK:inst|clk50MHz_count[1]   ;
; 10.154 ; 10.370       ; 0.216          ; High Pulse Width ; CLK50MHZ ; Rise       ; CLOCK:inst|clk50MHz_count[20]  ;
; 10.154 ; 10.370       ; 0.216          ; High Pulse Width ; CLK50MHZ ; Rise       ; CLOCK:inst|clk50MHz_count[21]  ;
; 10.154 ; 10.370       ; 0.216          ; High Pulse Width ; CLK50MHZ ; Rise       ; CLOCK:inst|clk50MHz_count[22]  ;
; 10.154 ; 10.370       ; 0.216          ; High Pulse Width ; CLK50MHZ ; Rise       ; CLOCK:inst|clk50MHz_count[23]  ;
; 10.154 ; 10.370       ; 0.216          ; High Pulse Width ; CLK50MHZ ; Rise       ; CLOCK:inst|clk50MHz_count[24]  ;
; 10.154 ; 10.370       ; 0.216          ; High Pulse Width ; CLK50MHZ ; Rise       ; CLOCK:inst|clk50MHz_count[2]   ;
; 10.154 ; 10.370       ; 0.216          ; High Pulse Width ; CLK50MHZ ; Rise       ; CLOCK:inst|clk50MHz_count[3]   ;
; 10.154 ; 10.370       ; 0.216          ; High Pulse Width ; CLK50MHZ ; Rise       ; CLOCK:inst|clk50MHz_count[4]   ;
; 10.154 ; 10.370       ; 0.216          ; High Pulse Width ; CLK50MHZ ; Rise       ; CLOCK:inst|clk50MHz_count[5]   ;
; 10.154 ; 10.370       ; 0.216          ; High Pulse Width ; CLK50MHZ ; Rise       ; CLOCK:inst|clk50MHz_count[6]   ;
; 10.154 ; 10.370       ; 0.216          ; High Pulse Width ; CLK50MHZ ; Rise       ; CLOCK:inst|clk50MHz_count[7]   ;
; 10.154 ; 10.370       ; 0.216          ; High Pulse Width ; CLK50MHZ ; Rise       ; CLOCK:inst|clk50MHz_count[8]   ;
; 10.154 ; 10.370       ; 0.216          ; High Pulse Width ; CLK50MHZ ; Rise       ; CLOCK:inst|clk50MHz_count[9]   ;
; 10.324 ; 10.324       ; 0.000          ; High Pulse Width ; CLK50MHZ ; Rise       ; inst|clk|clk                   ;
; 10.367 ; 10.367       ; 0.000          ; High Pulse Width ; CLK50MHZ ; Rise       ; clk50MHZ~inputclkctrl|inclk[0] ;
; 10.367 ; 10.367       ; 0.000          ; High Pulse Width ; CLK50MHZ ; Rise       ; clk50MHZ~inputclkctrl|outclk   ;
; 10.375 ; 10.375       ; 0.000          ; High Pulse Width ; CLK50MHZ ; Rise       ; inst|clk50MHz_count[12]|clk    ;
; 10.375 ; 10.375       ; 0.000          ; High Pulse Width ; CLK50MHZ ; Rise       ; inst|clk50MHz_count[13]|clk    ;
; 10.375 ; 10.375       ; 0.000          ; High Pulse Width ; CLK50MHZ ; Rise       ; inst|clk50MHz_count[14]|clk    ;
; 10.375 ; 10.375       ; 0.000          ; High Pulse Width ; CLK50MHZ ; Rise       ; inst|clk50MHz_count[15]|clk    ;
; 10.375 ; 10.375       ; 0.000          ; High Pulse Width ; CLK50MHZ ; Rise       ; inst|clk50MHz_count[16]|clk    ;
; 10.375 ; 10.375       ; 0.000          ; High Pulse Width ; CLK50MHZ ; Rise       ; inst|clk50MHz_count[17]|clk    ;
; 10.375 ; 10.375       ; 0.000          ; High Pulse Width ; CLK50MHZ ; Rise       ; inst|clk50MHz_count[18]|clk    ;
; 10.375 ; 10.375       ; 0.000          ; High Pulse Width ; CLK50MHZ ; Rise       ; inst|clk50MHz_count[19]|clk    ;
; 10.375 ; 10.375       ; 0.000          ; High Pulse Width ; CLK50MHZ ; Rise       ; inst|clk50MHz_count[20]|clk    ;
; 10.375 ; 10.375       ; 0.000          ; High Pulse Width ; CLK50MHZ ; Rise       ; inst|clk50MHz_count[21]|clk    ;
; 10.375 ; 10.375       ; 0.000          ; High Pulse Width ; CLK50MHZ ; Rise       ; inst|clk50MHz_count[22]|clk    ;
; 10.375 ; 10.375       ; 0.000          ; High Pulse Width ; CLK50MHZ ; Rise       ; inst|clk50MHz_count[23]|clk    ;
; 10.375 ; 10.375       ; 0.000          ; High Pulse Width ; CLK50MHZ ; Rise       ; inst|clk50MHz_count[24]|clk    ;
; 10.376 ; 10.376       ; 0.000          ; High Pulse Width ; CLK50MHZ ; Rise       ; inst|clk50MHz_count[0]|clk     ;
+--------+--------------+----------------+------------------+----------+------------+--------------------------------+


-----------------------------------------
; Fast 1200mV 0C Model Datasheet Report ;
-----------------------------------------
Nothing to report.


---------------------------------------------
; Fast 1200mV 0C Model Metastability Report ;
---------------------------------------------
No synchronizer chains to report.


+------------------------------------------------------------------------------+
; Multicorner Timing Analysis Summary                                          ;
+------------------+--------+-------+----------+---------+---------------------+
; Clock            ; Setup  ; Hold  ; Recovery ; Removal ; Minimum Pulse Width ;
+------------------+--------+-------+----------+---------+---------------------+
; Worst-case Slack ; 14.854 ; 0.199 ; N/A      ; N/A     ; 9.444               ;
;  CLK50MHZ        ; 14.854 ; 0.199 ; N/A      ; N/A     ; 9.444               ;
; Design-wide TNS  ; 0.0    ; 0.0   ; 0.0      ; 0.0     ; 0.0                 ;
;  CLK50MHZ        ; 0.000  ; 0.000 ; N/A      ; N/A     ; 0.000               ;
+------------------+--------+-------+----------+---------+---------------------+


+------------------------------------------------------------------------------------------------------------------------------------------------------------------------------------------------------------------------------------------------------------------------------------------------------------------------------------------------------------------------------------------------------------------+
; Board Trace Model Assignments                                                                                                                                                                                                                                                                                                                                                                                    ;
+---------------+--------------+-------------------+-------------------------+-------------------------+---------------+---------------------+----------------+------------------+--------+------------------+------------------------+------------------------+--------------+---------------+-----------------+-------+---------------------+--------------------+---------------+-----------------+-------------+
; Pin           ; I/O Standard ; Near Tline Length ; Near Tline L per Length ; Near Tline C per Length ; Near Series R ; Near Differential R ; Near Pull-up R ; Near Pull-down R ; Near C ; Far Tline Length ; Far Tline L per Length ; Far Tline C per Length ; Far Series R ; Far Pull-up R ; Far Pull-down R ; Far C ; Termination Voltage ; Far Differential R ; EBD File Name ; EBD Signal Name ; EBD Far-end ;
+---------------+--------------+-------------------+-------------------------+-------------------------+---------------+---------------------+----------------+------------------+--------+------------------+------------------------+------------------------+--------------+---------------+-----------------+-------+---------------------+--------------------+---------------+-----------------+-------------+
; HEX0[6]       ; 2.5 V        ; 0 in              ; 0 H/in                  ; 0 F/in                  ; short         ; -                   ; open           ; open             ; open   ; 0 in             ; 0 H/in                 ; 0 F/in                 ; short        ; open          ; open            ; open  ; 0 V                 ; -                  ; n/a           ; n/a             ; n/a         ;
; HEX0[5]       ; 2.5 V        ; 0 in              ; 0 H/in                  ; 0 F/in                  ; short         ; -                   ; open           ; open             ; open   ; 0 in             ; 0 H/in                 ; 0 F/in                 ; short        ; open          ; open            ; open  ; 0 V                 ; -                  ; n/a           ; n/a             ; n/a         ;
; HEX0[4]       ; 2.5 V        ; 0 in              ; 0 H/in                  ; 0 F/in                  ; short         ; -                   ; open           ; open             ; open   ; 0 in             ; 0 H/in                 ; 0 F/in                 ; short        ; open          ; open            ; open  ; 0 V                 ; -                  ; n/a           ; n/a             ; n/a         ;
; HEX0[3]       ; 2.5 V        ; 0 in              ; 0 H/in                  ; 0 F/in                  ; short         ; -                   ; open           ; open             ; open   ; 0 in             ; 0 H/in                 ; 0 F/in                 ; short        ; open          ; open            ; open  ; 0 V                 ; -                  ; n/a           ; n/a             ; n/a         ;
; HEX0[2]       ; 2.5 V        ; 0 in              ; 0 H/in                  ; 0 F/in                  ; short         ; -                   ; open           ; open             ; open   ; 0 in             ; 0 H/in                 ; 0 F/in                 ; short        ; open          ; open            ; open  ; 0 V                 ; -                  ; n/a           ; n/a             ; n/a         ;
; HEX0[1]       ; 2.5 V        ; 0 in              ; 0 H/in                  ; 0 F/in                  ; short         ; -                   ; open           ; open             ; open   ; 0 in             ; 0 H/in                 ; 0 F/in                 ; short        ; open          ; open            ; open  ; 0 V                 ; -                  ; n/a           ; n/a             ; n/a         ;
; HEX0[0]       ; 2.5 V        ; 0 in              ; 0 H/in                  ; 0 F/in                  ; short         ; -                   ; open           ; open             ; open   ; 0 in             ; 0 H/in                 ; 0 F/in                 ; short        ; open          ; open            ; open  ; 0 V                 ; -                  ; n/a           ; n/a             ; n/a         ;
; led[4]        ; 2.5 V        ; 0 in              ; 0 H/in                  ; 0 F/in                  ; short         ; -                   ; open           ; open             ; open   ; 0 in             ; 0 H/in                 ; 0 F/in                 ; short        ; open          ; open            ; open  ; 0 V                 ; -                  ; n/a           ; n/a             ; n/a         ;
; led[3]        ; 2.5 V        ; 0 in              ; 0 H/in                  ; 0 F/in                  ; short         ; -                   ; open           ; open             ; open   ; 0 in             ; 0 H/in                 ; 0 F/in                 ; short        ; open          ; open            ; open  ; 0 V                 ; -                  ; n/a           ; n/a             ; n/a         ;
; led[2]        ; 2.5 V        ; 0 in              ; 0 H/in                  ; 0 F/in                  ; short         ; -                   ; open           ; open             ; open   ; 0 in             ; 0 H/in                 ; 0 F/in                 ; short        ; open          ; open            ; open  ; 0 V                 ; -                  ; n/a           ; n/a             ; n/a         ;
; led[1]        ; 2.5 V        ; 0 in              ; 0 H/in                  ; 0 F/in                  ; short         ; -                   ; open           ; open             ; open   ; 0 in             ; 0 H/in                 ; 0 F/in                 ; short        ; open          ; open            ; open  ; 0 V                 ; -                  ; n/a           ; n/a             ; n/a         ;
; led[0]        ; 2.5 V        ; 0 in              ; 0 H/in                  ; 0 F/in                  ; short         ; -                   ; open           ; open             ; open   ; 0 in             ; 0 H/in                 ; 0 F/in                 ; short        ; open          ; open            ; open  ; 0 V                 ; -                  ; n/a           ; n/a             ; n/a         ;
; ~ALTERA_DCLK~ ; 2.5 V        ; 0 in              ; 0 H/in                  ; 0 F/in                  ; short         ; -                   ; open           ; open             ; open   ; 0 in             ; 0 H/in                 ; 0 F/in                 ; short        ; open          ; open            ; open  ; 0 V                 ; -                  ; n/a           ; n/a             ; n/a         ;
; ~ALTERA_nCEO~ ; 2.5 V        ; 0 in              ; 0 H/in                  ; 0 F/in                  ; short         ; -                   ; open           ; open             ; open   ; 0 in             ; 0 H/in                 ; 0 F/in                 ; short        ; open          ; open            ; open  ; 0 V                 ; -                  ; n/a           ; n/a             ; n/a         ;
+---------------+--------------+-------------------+-------------------------+-------------------------+---------------+---------------------+----------------+------------------+--------+------------------+------------------------+------------------------+--------------+---------------+-----------------+-------+---------------------+--------------------+---------------+-----------------+-------------+


+----------------------------------------------------------------------------+
; Input Transition Times                                                     ;
+-------------------------+--------------+-----------------+-----------------+
; Pin                     ; I/O Standard ; 10-90 Rise Time ; 90-10 Fall Time ;
+-------------------------+--------------+-----------------+-----------------+
; SW[4]                   ; 2.5 V        ; 2000 ps         ; 2000 ps         ;
; SW[3]                   ; 2.5 V        ; 2000 ps         ; 2000 ps         ;
; SW[2]                   ; 2.5 V        ; 2000 ps         ; 2000 ps         ;
; SW[1]                   ; 2.5 V        ; 2000 ps         ; 2000 ps         ;
; SW[0]                   ; 2.5 V        ; 2000 ps         ; 2000 ps         ;
; clk50MHZ                ; 2.5 V        ; 2000 ps         ; 2000 ps         ;
; ~ALTERA_ASDO_DATA1~     ; 2.5 V        ; 2000 ps         ; 2000 ps         ;
; ~ALTERA_FLASH_nCE_nCSO~ ; 2.5 V        ; 2000 ps         ; 2000 ps         ;
; ~ALTERA_DATA0~          ; 2.5 V        ; 2000 ps         ; 2000 ps         ;
+-------------------------+--------------+-----------------+-----------------+


+--------------------------------------------------------------------------------------------------------------------------------------------------------------------------------------------------------------------------------------------------------------------------------------------------------------------------------------------------------------------------------------------------------------------------------------------------------------------------------------------------------------------------------------------------------------------------------------------------------------------------------------------------------------------------------------------+
; Slow Corner Signal Integrity Metrics                                                                                                                                                                                                                                                                                                                                                                                                                                                                                                                                                                                                                                                       ;
+---------------+--------------+---------------------+---------------------+------------------------------+------------------------------+---------------------+---------------------+--------------------------------------+--------------------------------------+-----------------------------+-----------------------------+----------------------------+----------------------------+-----------------------------+-----------------------------+--------------------+--------------------+-------------------------------------+-------------------------------------+----------------------------+----------------------------+---------------------------+---------------------------+
; Pin           ; I/O Standard ; Board Delay on Rise ; Board Delay on Fall ; Steady State Voh at FPGA Pin ; Steady State Vol at FPGA Pin ; Voh Max at FPGA Pin ; Vol Min at FPGA Pin ; Ringback Voltage on Rise at FPGA Pin ; Ringback Voltage on Fall at FPGA Pin ; 10-90 Rise Time at FPGA Pin ; 90-10 Fall Time at FPGA Pin ; Monotonic Rise at FPGA Pin ; Monotonic Fall at FPGA Pin ; Steady State Voh at Far-end ; Steady State Vol at Far-end ; Voh Max at Far-end ; Vol Min at Far-end ; Ringback Voltage on Rise at Far-end ; Ringback Voltage on Fall at Far-end ; 10-90 Rise Time at Far-end ; 90-10 Fall Time at Far-end ; Monotonic Rise at Far-end ; Monotonic Fall at Far-end ;
+---------------+--------------+---------------------+---------------------+------------------------------+------------------------------+---------------------+---------------------+--------------------------------------+--------------------------------------+-----------------------------+-----------------------------+----------------------------+----------------------------+-----------------------------+-----------------------------+--------------------+--------------------+-------------------------------------+-------------------------------------+----------------------------+----------------------------+---------------------------+---------------------------+
; HEX0[6]       ; 2.5 V        ; 0 s                 ; 0 s                 ; 2.32 V                       ; 1.08e-06 V                   ; 2.36 V              ; -0.0113 V           ; 0.122 V                              ; 0.022 V                              ; 4.5e-10 s                   ; 4.45e-10 s                  ; Yes                        ; Yes                        ; 2.32 V                      ; 1.08e-06 V                  ; 2.36 V             ; -0.0113 V          ; 0.122 V                             ; 0.022 V                             ; 4.5e-10 s                  ; 4.45e-10 s                 ; Yes                       ; Yes                       ;
; HEX0[5]       ; 2.5 V        ; 0 s                 ; 0 s                 ; 2.32 V                       ; 1.08e-06 V                   ; 2.36 V              ; -0.0113 V           ; 0.122 V                              ; 0.022 V                              ; 4.5e-10 s                   ; 4.45e-10 s                  ; Yes                        ; Yes                        ; 2.32 V                      ; 1.08e-06 V                  ; 2.36 V             ; -0.0113 V          ; 0.122 V                             ; 0.022 V                             ; 4.5e-10 s                  ; 4.45e-10 s                 ; Yes                       ; Yes                       ;
; HEX0[4]       ; 2.5 V        ; 0 s                 ; 0 s                 ; 2.32 V                       ; 1.08e-06 V                   ; 2.36 V              ; -0.0113 V           ; 0.122 V                              ; 0.022 V                              ; 4.5e-10 s                   ; 4.45e-10 s                  ; Yes                        ; Yes                        ; 2.32 V                      ; 1.08e-06 V                  ; 2.36 V             ; -0.0113 V          ; 0.122 V                             ; 0.022 V                             ; 4.5e-10 s                  ; 4.45e-10 s                 ; Yes                       ; Yes                       ;
; HEX0[3]       ; 2.5 V        ; 0 s                 ; 0 s                 ; 2.32 V                       ; 1.08e-06 V                   ; 2.36 V              ; -0.0113 V           ; 0.122 V                              ; 0.022 V                              ; 4.5e-10 s                   ; 4.45e-10 s                  ; Yes                        ; Yes                        ; 2.32 V                      ; 1.08e-06 V                  ; 2.36 V             ; -0.0113 V          ; 0.122 V                             ; 0.022 V                             ; 4.5e-10 s                  ; 4.45e-10 s                 ; Yes                       ; Yes                       ;
; HEX0[2]       ; 2.5 V        ; 0 s                 ; 0 s                 ; 2.32 V                       ; 1.08e-06 V                   ; 2.36 V              ; -0.0113 V           ; 0.122 V                              ; 0.022 V                              ; 4.5e-10 s                   ; 4.45e-10 s                  ; Yes                        ; Yes                        ; 2.32 V                      ; 1.08e-06 V                  ; 2.36 V             ; -0.0113 V          ; 0.122 V                             ; 0.022 V                             ; 4.5e-10 s                  ; 4.45e-10 s                 ; Yes                       ; Yes                       ;
; HEX0[1]       ; 2.5 V        ; 0 s                 ; 0 s                 ; 2.32 V                       ; 1.08e-06 V                   ; 2.36 V              ; -0.0113 V           ; 0.122 V                              ; 0.022 V                              ; 4.5e-10 s                   ; 4.45e-10 s                  ; Yes                        ; Yes                        ; 2.32 V                      ; 1.08e-06 V                  ; 2.36 V             ; -0.0113 V          ; 0.122 V                             ; 0.022 V                             ; 4.5e-10 s                  ; 4.45e-10 s                 ; Yes                       ; Yes                       ;
; HEX0[0]       ; 2.5 V        ; 0 s                 ; 0 s                 ; 2.32 V                       ; 1.08e-06 V                   ; 2.36 V              ; -0.0113 V           ; 0.122 V                              ; 0.022 V                              ; 4.5e-10 s                   ; 4.45e-10 s                  ; Yes                        ; Yes                        ; 2.32 V                      ; 1.08e-06 V                  ; 2.36 V             ; -0.0113 V          ; 0.122 V                             ; 0.022 V                             ; 4.5e-10 s                  ; 4.45e-10 s                 ; Yes                       ; Yes                       ;
; led[4]        ; 2.5 V        ; 0 s                 ; 0 s                 ; 2.32 V                       ; 7.25e-07 V                   ; 2.35 V              ; -0.0111 V           ; 0.113 V                              ; 0.035 V                              ; 7.76e-10 s                  ; 8.04e-10 s                  ; Yes                        ; Yes                        ; 2.32 V                      ; 7.25e-07 V                  ; 2.35 V             ; -0.0111 V          ; 0.113 V                             ; 0.035 V                             ; 7.76e-10 s                 ; 8.04e-10 s                 ; Yes                       ; Yes                       ;
; led[3]        ; 2.5 V        ; 0 s                 ; 0 s                 ; 2.32 V                       ; 7.25e-07 V                   ; 2.35 V              ; -0.0111 V           ; 0.113 V                              ; 0.035 V                              ; 7.76e-10 s                  ; 8.04e-10 s                  ; Yes                        ; Yes                        ; 2.32 V                      ; 7.25e-07 V                  ; 2.35 V             ; -0.0111 V          ; 0.113 V                             ; 0.035 V                             ; 7.76e-10 s                 ; 8.04e-10 s                 ; Yes                       ; Yes                       ;
; led[2]        ; 2.5 V        ; 0 s                 ; 0 s                 ; 2.32 V                       ; 7.25e-07 V                   ; 2.33 V              ; -0.00317 V          ; 0.162 V                              ; 0.063 V                              ; 3.54e-09 s                  ; 3.41e-09 s                  ; Yes                        ; Yes                        ; 2.32 V                      ; 7.25e-07 V                  ; 2.33 V             ; -0.00317 V         ; 0.162 V                             ; 0.063 V                             ; 3.54e-09 s                 ; 3.41e-09 s                 ; Yes                       ; Yes                       ;
; led[1]        ; 2.5 V        ; 0 s                 ; 0 s                 ; 2.32 V                       ; 7.25e-07 V                   ; 2.35 V              ; -0.0111 V           ; 0.113 V                              ; 0.035 V                              ; 7.76e-10 s                  ; 8.04e-10 s                  ; Yes                        ; Yes                        ; 2.32 V                      ; 7.25e-07 V                  ; 2.35 V             ; -0.0111 V          ; 0.113 V                             ; 0.035 V                             ; 7.76e-10 s                 ; 8.04e-10 s                 ; Yes                       ; Yes                       ;
; led[0]        ; 2.5 V        ; 0 s                 ; 0 s                 ; 2.32 V                       ; 7.25e-07 V                   ; 2.35 V              ; -0.0111 V           ; 0.113 V                              ; 0.035 V                              ; 7.76e-10 s                  ; 8.04e-10 s                  ; Yes                        ; Yes                        ; 2.32 V                      ; 7.25e-07 V                  ; 2.35 V             ; -0.0111 V          ; 0.113 V                             ; 0.035 V                             ; 7.76e-10 s                 ; 8.04e-10 s                 ; Yes                       ; Yes                       ;
; ~ALTERA_DCLK~ ; 2.5 V        ; 0 s                 ; 0 s                 ; 2.32 V                       ; 5.68e-07 V                   ; 2.35 V              ; -0.0132 V           ; 0.2 V                                ; 0.027 V                              ; 5.26e-10 s                  ; 4.81e-10 s                  ; Yes                        ; Yes                        ; 2.32 V                      ; 5.68e-07 V                  ; 2.35 V             ; -0.0132 V          ; 0.2 V                               ; 0.027 V                             ; 5.26e-10 s                 ; 4.81e-10 s                 ; Yes                       ; Yes                       ;
; ~ALTERA_nCEO~ ; 2.5 V        ; 0 s                 ; 0 s                 ; 2.32 V                       ; 9.36e-07 V                   ; 2.35 V              ; -0.00444 V          ; 0.18 V                               ; 0.019 V                              ; 7.23e-10 s                  ; 9.82e-10 s                  ; Yes                        ; Yes                        ; 2.32 V                      ; 9.36e-07 V                  ; 2.35 V             ; -0.00444 V         ; 0.18 V                              ; 0.019 V                             ; 7.23e-10 s                 ; 9.82e-10 s                 ; Yes                       ; Yes                       ;
+---------------+--------------+---------------------+---------------------+------------------------------+------------------------------+---------------------+---------------------+--------------------------------------+--------------------------------------+-----------------------------+-----------------------------+----------------------------+----------------------------+-----------------------------+-----------------------------+--------------------+--------------------+-------------------------------------+-------------------------------------+----------------------------+----------------------------+---------------------------+---------------------------+


+--------------------------------------------------------------------------------------------------------------------------------------------------------------------------------------------------------------------------------------------------------------------------------------------------------------------------------------------------------------------------------------------------------------------------------------------------------------------------------------------------------------------------------------------------------------------------------------------------------------------------------------------------------------------------------------------+
; Fast Corner Signal Integrity Metrics                                                                                                                                                                                                                                                                                                                                                                                                                                                                                                                                                                                                                                                       ;
+---------------+--------------+---------------------+---------------------+------------------------------+------------------------------+---------------------+---------------------+--------------------------------------+--------------------------------------+-----------------------------+-----------------------------+----------------------------+----------------------------+-----------------------------+-----------------------------+--------------------+--------------------+-------------------------------------+-------------------------------------+----------------------------+----------------------------+---------------------------+---------------------------+
; Pin           ; I/O Standard ; Board Delay on Rise ; Board Delay on Fall ; Steady State Voh at FPGA Pin ; Steady State Vol at FPGA Pin ; Voh Max at FPGA Pin ; Vol Min at FPGA Pin ; Ringback Voltage on Rise at FPGA Pin ; Ringback Voltage on Fall at FPGA Pin ; 10-90 Rise Time at FPGA Pin ; 90-10 Fall Time at FPGA Pin ; Monotonic Rise at FPGA Pin ; Monotonic Fall at FPGA Pin ; Steady State Voh at Far-end ; Steady State Vol at Far-end ; Voh Max at Far-end ; Vol Min at Far-end ; Ringback Voltage on Rise at Far-end ; Ringback Voltage on Fall at Far-end ; 10-90 Rise Time at Far-end ; 90-10 Fall Time at Far-end ; Monotonic Rise at Far-end ; Monotonic Fall at Far-end ;
+---------------+--------------+---------------------+---------------------+------------------------------+------------------------------+---------------------+---------------------+--------------------------------------+--------------------------------------+-----------------------------+-----------------------------+----------------------------+----------------------------+-----------------------------+-----------------------------+--------------------+--------------------+-------------------------------------+-------------------------------------+----------------------------+----------------------------+---------------------------+---------------------------+
; HEX0[6]       ; 2.5 V        ; 0 s                 ; 0 s                 ; 2.62 V                       ; 4.11e-08 V                   ; 2.73 V              ; -0.0566 V           ; 0.191 V                              ; 0.12 V                               ; 2.69e-10 s                  ; 2.76e-10 s                  ; Yes                        ; Yes                        ; 2.62 V                      ; 4.11e-08 V                  ; 2.73 V             ; -0.0566 V          ; 0.191 V                             ; 0.12 V                              ; 2.69e-10 s                 ; 2.76e-10 s                 ; Yes                       ; Yes                       ;
; HEX0[5]       ; 2.5 V        ; 0 s                 ; 0 s                 ; 2.62 V                       ; 4.11e-08 V                   ; 2.73 V              ; -0.0566 V           ; 0.191 V                              ; 0.12 V                               ; 2.69e-10 s                  ; 2.76e-10 s                  ; Yes                        ; Yes                        ; 2.62 V                      ; 4.11e-08 V                  ; 2.73 V             ; -0.0566 V          ; 0.191 V                             ; 0.12 V                              ; 2.69e-10 s                 ; 2.76e-10 s                 ; Yes                       ; Yes                       ;
; HEX0[4]       ; 2.5 V        ; 0 s                 ; 0 s                 ; 2.62 V                       ; 4.11e-08 V                   ; 2.73 V              ; -0.0566 V           ; 0.191 V                              ; 0.12 V                               ; 2.69e-10 s                  ; 2.76e-10 s                  ; Yes                        ; Yes                        ; 2.62 V                      ; 4.11e-08 V                  ; 2.73 V             ; -0.0566 V          ; 0.191 V                             ; 0.12 V                              ; 2.69e-10 s                 ; 2.76e-10 s                 ; Yes                       ; Yes                       ;
; HEX0[3]       ; 2.5 V        ; 0 s                 ; 0 s                 ; 2.62 V                       ; 4.11e-08 V                   ; 2.73 V              ; -0.0566 V           ; 0.191 V                              ; 0.12 V                               ; 2.69e-10 s                  ; 2.76e-10 s                  ; Yes                        ; Yes                        ; 2.62 V                      ; 4.11e-08 V                  ; 2.73 V             ; -0.0566 V          ; 0.191 V                             ; 0.12 V                              ; 2.69e-10 s                 ; 2.76e-10 s                 ; Yes                       ; Yes                       ;
; HEX0[2]       ; 2.5 V        ; 0 s                 ; 0 s                 ; 2.62 V                       ; 4.11e-08 V                   ; 2.73 V              ; -0.0566 V           ; 0.191 V                              ; 0.12 V                               ; 2.69e-10 s                  ; 2.76e-10 s                  ; Yes                        ; Yes                        ; 2.62 V                      ; 4.11e-08 V                  ; 2.73 V             ; -0.0566 V          ; 0.191 V                             ; 0.12 V                              ; 2.69e-10 s                 ; 2.76e-10 s                 ; Yes                       ; Yes                       ;
; HEX0[1]       ; 2.5 V        ; 0 s                 ; 0 s                 ; 2.62 V                       ; 4.11e-08 V                   ; 2.73 V              ; -0.0566 V           ; 0.191 V                              ; 0.12 V                               ; 2.69e-10 s                  ; 2.76e-10 s                  ; Yes                        ; Yes                        ; 2.62 V                      ; 4.11e-08 V                  ; 2.73 V             ; -0.0566 V          ; 0.191 V                             ; 0.12 V                              ; 2.69e-10 s                 ; 2.76e-10 s                 ; Yes                       ; Yes                       ;
; HEX0[0]       ; 2.5 V        ; 0 s                 ; 0 s                 ; 2.62 V                       ; 4.11e-08 V                   ; 2.73 V              ; -0.0566 V           ; 0.191 V                              ; 0.12 V                               ; 2.69e-10 s                  ; 2.76e-10 s                  ; Yes                        ; Yes                        ; 2.62 V                      ; 4.11e-08 V                  ; 2.73 V             ; -0.0566 V          ; 0.191 V                             ; 0.12 V                              ; 2.69e-10 s                 ; 2.76e-10 s                 ; Yes                       ; Yes                       ;
; led[4]        ; 2.5 V        ; 0 s                 ; 0 s                 ; 2.62 V                       ; 2.78e-08 V                   ; 2.71 V              ; -0.0349 V           ; 0.253 V                              ; 0.069 V                              ; 4.96e-10 s                  ; 5.19e-10 s                  ; No                         ; Yes                        ; 2.62 V                      ; 2.78e-08 V                  ; 2.71 V             ; -0.0349 V          ; 0.253 V                             ; 0.069 V                             ; 4.96e-10 s                 ; 5.19e-10 s                 ; No                        ; Yes                       ;
; led[3]        ; 2.5 V        ; 0 s                 ; 0 s                 ; 2.62 V                       ; 2.78e-08 V                   ; 2.71 V              ; -0.0349 V           ; 0.253 V                              ; 0.069 V                              ; 4.96e-10 s                  ; 5.19e-10 s                  ; No                         ; Yes                        ; 2.62 V                      ; 2.78e-08 V                  ; 2.71 V             ; -0.0349 V          ; 0.253 V                             ; 0.069 V                             ; 4.96e-10 s                 ; 5.19e-10 s                 ; No                        ; Yes                       ;
; led[2]        ; 2.5 V        ; 0 s                 ; 0 s                 ; 2.62 V                       ; 2.78e-08 V                   ; 2.64 V              ; -0.0109 V           ; 0.244 V                              ; 0.16 V                               ; 2.42e-09 s                  ; 2.37e-09 s                  ; No                         ; Yes                        ; 2.62 V                      ; 2.78e-08 V                  ; 2.64 V             ; -0.0109 V          ; 0.244 V                             ; 0.16 V                              ; 2.42e-09 s                 ; 2.37e-09 s                 ; No                        ; Yes                       ;
; led[1]        ; 2.5 V        ; 0 s                 ; 0 s                 ; 2.62 V                       ; 2.78e-08 V                   ; 2.71 V              ; -0.0349 V           ; 0.253 V                              ; 0.069 V                              ; 4.96e-10 s                  ; 5.19e-10 s                  ; No                         ; Yes                        ; 2.62 V                      ; 2.78e-08 V                  ; 2.71 V             ; -0.0349 V          ; 0.253 V                             ; 0.069 V                             ; 4.96e-10 s                 ; 5.19e-10 s                 ; No                        ; Yes                       ;
; led[0]        ; 2.5 V        ; 0 s                 ; 0 s                 ; 2.62 V                       ; 2.78e-08 V                   ; 2.71 V              ; -0.0349 V           ; 0.253 V                              ; 0.069 V                              ; 4.96e-10 s                  ; 5.19e-10 s                  ; No                         ; Yes                        ; 2.62 V                      ; 2.78e-08 V                  ; 2.71 V             ; -0.0349 V          ; 0.253 V                             ; 0.069 V                             ; 4.96e-10 s                 ; 5.19e-10 s                 ; No                        ; Yes                       ;
; ~ALTERA_DCLK~ ; 2.5 V        ; 0 s                 ; 0 s                 ; 2.62 V                       ; 2.22e-08 V                   ; 2.72 V              ; -0.0747 V           ; 0.28 V                               ; 0.169 V                              ; 3.1e-10 s                   ; 3.01e-10 s                  ; No                         ; Yes                        ; 2.62 V                      ; 2.22e-08 V                  ; 2.72 V             ; -0.0747 V          ; 0.28 V                              ; 0.169 V                             ; 3.1e-10 s                  ; 3.01e-10 s                 ; No                        ; Yes                       ;
; ~ALTERA_nCEO~ ; 2.5 V        ; 0 s                 ; 0 s                 ; 2.62 V                       ; 3.53e-08 V                   ; 2.7 V               ; -0.0212 V           ; 0.204 V                              ; 0.049 V                              ; 4.85e-10 s                  ; 6.73e-10 s                  ; No                         ; Yes                        ; 2.62 V                      ; 3.53e-08 V                  ; 2.7 V              ; -0.0212 V          ; 0.204 V                             ; 0.049 V                             ; 4.85e-10 s                 ; 6.73e-10 s                 ; No                        ; Yes                       ;
+---------------+--------------+---------------------+---------------------+------------------------------+------------------------------+---------------------+---------------------+--------------------------------------+--------------------------------------+-----------------------------+-----------------------------+----------------------------+----------------------------+-----------------------------+-----------------------------+--------------------+--------------------+-------------------------------------+-------------------------------------+----------------------------+----------------------------+---------------------------+---------------------------+


+-------------------------------------------------------------------+
; Setup Transfers                                                   ;
+------------+----------+----------+----------+----------+----------+
; From Clock ; To Clock ; RR Paths ; FR Paths ; RF Paths ; FF Paths ;
+------------+----------+----------+----------+----------+----------+
; CLK50MHZ   ; CLK50MHZ ; 976      ; 0        ; 0        ; 0        ;
+------------+----------+----------+----------+----------+----------+
Entries labeled "false path" only account for clock-to-clock false paths and not path-based false paths. As a result, actual path counts may be lower than reported.


+-------------------------------------------------------------------+
; Hold Transfers                                                    ;
+------------+----------+----------+----------+----------+----------+
; From Clock ; To Clock ; RR Paths ; FR Paths ; RF Paths ; FF Paths ;
+------------+----------+----------+----------+----------+----------+
; CLK50MHZ   ; CLK50MHZ ; 976      ; 0        ; 0        ; 0        ;
+------------+----------+----------+----------+----------+----------+
Entries labeled "false path" only account for clock-to-clock false paths and not path-based false paths. As a result, actual path counts may be lower than reported.


---------------
; Report TCCS ;
---------------
No dedicated SERDES Transmitter circuitry present in device or used in design


---------------
; Report RSKM ;
---------------
No non-DPA dedicated SERDES Receiver circuitry present in device or used in design


+------------------------------------------------+
; Unconstrained Paths                            ;
+---------------------------------+-------+------+
; Property                        ; Setup ; Hold ;
+---------------------------------+-------+------+
; Illegal Clocks                  ; 0     ; 0    ;
; Unconstrained Clocks            ; 2     ; 2    ;
; Unconstrained Input Ports       ; 5     ; 5    ;
; Unconstrained Input Port Paths  ; 15    ; 15   ;
; Unconstrained Output Ports      ; 12    ; 12   ;
; Unconstrained Output Port Paths ; 39    ; 39   ;
+---------------------------------+-------+------+


+------------------------------------+
; TimeQuest Timing Analyzer Messages ;
+------------------------------------+
Info: *******************************************************************
Info: Running Quartus II 64-Bit TimeQuest Timing Analyzer
    Info: Version 13.1.0 Build 162 10/23/2013 SJ Web Edition
    Info: Processing started: Thu May 21 10:30:04 2026
Info: Command: quartus_sta Design_Assignment -c Design_Assignment
Info: qsta_default_script.tcl version: #1
Warning (20028): Parallel compilation is not licensed and has been disabled
Info (21077): Core supply voltage is 1.2V
Info (21077): Low junction temperature is 0 degrees C
Info (21077): High junction temperature is 85 degrees C
Info (332104): Reading SDC File: 'Design_Assignment.sdc'
Info (332151): Clock uncertainty is not calculated until you update the timing netlist.
Warning (332060): Node: CLOCK:inst|clk was determined to be a clock but was found without an associated clock assignment.
Warning (332060): Node: CLOCK:inst|s_count[0] was determined to be a clock but was found without an associated clock assignment.
Info (332123): Deriving Clock Uncertainty. Please refer to report_sdc in TimeQuest to see clock uncertainties.
Info: Found TIMEQUEST_REPORT_SCRIPT_INCLUDE_DEFAULT_ANALYSIS = ON
Info: Analyzing Slow 1200mV 85C Model
Info (332146): Worst-case setup slack is 14.854
    Info (332119):     Slack       End Point TNS Clock 
    Info (332119): ========= =================== =====================
    Info (332119):    14.854               0.000 CLK50MHZ 
Info (332146): Worst-case hold slack is 0.378
    Info (332119):     Slack       End Point TNS Clock 
    Info (332119): ========= =================== =====================
    Info (332119):     0.378               0.000 CLK50MHZ 
Info (332140): No Recovery paths to report
Info (332140): No Removal paths to report
Info (332146): Worst-case minimum pulse width slack is 9.688
    Info (332119):     Slack       End Point TNS Clock 
    Info (332119): ========= =================== =====================
    Info (332119):     9.688               0.000 CLK50MHZ 
Info: Analyzing Slow 1200mV 0C Model
Info (334003): Started post-fitting delay annotation
Info (334004): Delay annotation completed successfully
Warning (332060): Node: CLOCK:inst|clk was determined to be a clock but was found without an associated clock assignment.
Warning (332060): Node: CLOCK:inst|s_count[0] was determined to be a clock but was found without an associated clock assignment.
Info (332123): Deriving Clock Uncertainty. Please refer to report_sdc in TimeQuest to see clock uncertainties.
Info (332146): Worst-case setup slack is 15.339
    Info (332119):     Slack       End Point TNS Clock 
    Info (332119): ========= =================== =====================
    Info (332119):    15.339               0.000 CLK50MHZ 
Info (332146): Worst-case hold slack is 0.333
    Info (332119):     Slack       End Point TNS Clock 
    Info (332119): ========= =================== =====================
    Info (332119):     0.333               0.000 CLK50MHZ 
Info (332140): No Recovery paths to report
Info (332140): No Removal paths to report
Info (332146): Worst-case minimum pulse width slack is 9.652
    Info (332119):     Slack       End Point TNS Clock 
    Info (332119): ========= =================== =====================
    Info (332119):     9.652               0.000 CLK50MHZ 
Info: Analyzing Fast 1200mV 0C Model
Warning (332060): Node: CLOCK:inst|clk was determined to be a clock but was found without an associated clock assignment.
Warning (332060): Node: CLOCK:inst|s_count[0] was determined to be a clock but was found without an associated clock assignment.
Info (332123): Deriving Clock Uncertainty. Please refer to report_sdc in TimeQuest to see clock uncertainties.
Info (332146): Worst-case setup slack is 16.997
    Info (332119):     Slack       End Point TNS Clock 
    Info (332119): ========= =================== =====================
    Info (332119):    16.997               0.000 CLK50MHZ 
Info (332146): Worst-case hold slack is 0.199
    Info (332119):     Slack       End Point TNS Clock 
    Info (332119): ========= =================== =====================
    Info (332119):     0.199               0.000 CLK50MHZ 
Info (332140): No Recovery paths to report
Info (332140): No Removal paths to report
Info (332146): Worst-case minimum pulse width slack is 9.444
    Info (332119):     Slack       End Point TNS Clock 
    Info (332119): ========= =================== =====================
    Info (332119):     9.444               0.000 CLK50MHZ 
Info (332102): Design is not fully constrained for setup requirements
Info (332102): Design is not fully constrained for hold requirements
Info: Quartus II 64-Bit TimeQuest Timing Analyzer was successful. 0 errors, 7 warnings
    Info: Peak virtual memory: 4637 megabytes
    Info: Processing ended: Thu May 21 10:30:05 2026
    Info: Elapsed time: 00:00:01
    Info: Total CPU time (on all processors): 00:00:01


